Movie,IMDb,RT,Metascore,Runtime,Year,Genres,Genre1,Genre2,Genre3,Director,Actor,Actor 2,Actor 3,Actor 4,Writer,Writer 2,Plot,Rated,BoxOffice,IMDb_Votes,Oscar_Wins,Oscar_Noms,Total_Wins,Total_Noms,Country,Language,Keywords,Prod_Company,Prod_Company_2,TMDB_Popularity,TMDB_Vote_Avg,TMDB_Vote_Count,Budget,Revenue,IMDb_ID,My_Score
X-Men: Days of Future Past,7.9,90.0,75.0,132.0,2014.0,"Action, Sci-Fi, Thriller, Adventure",Action,Sci-Fi,Thriller,Bryan Singer,Patrick Stewart,Ian McKellen,Hugh Jackman,,Simon Kinberg,Jane Goldman,"In the future, the mutants and the humans who help them are slaughtered by powerful robots named Sentinels. Professor Xavier, Wolverine, Magneto, Storm, Kitty Pryde, and her friends meet at a monastery in China and Xavier explains that the invincible Sentinels were created using the DNA of Mystique that was captured in 1973 when she tried to assassinate their creator Dr. Bolivar Trask. Xavier tells that their only chance is return to 1973 using Pryde's ability to join Charles Xavier and Erik Lehnsherr to convince Mystique to give up her intention. However, only Wolverine can withstand the damages of the time travel. Will he succeed in stopping Mystique and the Sentinel Program, and save the mutants and their human friends from annihilation?",PG-13,233921534.0,786991.0,0,1,16,48,United Kingdom,English,"1970s, superhero, mutant, time travel, based on comic, superhuman, storm, political intrigue , extinction, beast",Bad Hat Harry Productions,The Donners' Company,24.4318,7.534,16471,250000000.0,748045700.0,tt1877832,6.905
Fargo,8.1,95.0,88.0,98.0,1996.0,"Drama, Thriller, Crime",Drama,Thriller,Crime,Coen Brothers,William H. Macy,Frances McDormand,Steve Buscemi,,Ethan Coen,Joel Coen,"Jerry works in his father-in-law's car dealership and has gotten himself in financial problems. He tries various schemes to come up with money needed for a reason that is never really explained. It has to be assumed that his huge embezzlement of money from the dealership is about to be discovered by father-in-law. When all else falls through, plans he set in motion earlier for two men to kidnap his wife for ransom to be paid by her wealthy father (who doesn't seem to have the time of day for son-in-law). From the moment of the kidnapping, things go wrong and what was supposed to be a non-violent affair turns bloody with more blood added by the minute. Jerry is upset at the bloodshed, which turns loose a pregnant sheriff from Brainerd, MN who is tenacious in attempting to solve the three murders in her jurisdiction.",R,24611975.0,780547.0,2,0,84,58,United Kingdom,English,"salesclerk, unsociability, police, cheating, ransom, winter, kidnapping, minnesota, dark comedy, north dakota",PolyGram Filmed Entertainment,Working Title Films,10.7521,7.85,9235,7000000.0,60611975.0,tt0116282,8.102
X-Men: First Class,7.7,86.0,65.0,131.0,2011.0,"Action, Sci-Fi",Action,Sci-Fi,,Matthew Vaughn,James McAvoy,Michael Fassbender,Jennifer Lawrence,,Ashley E. Miller,Zack Stentz,"Before Charles Xavier and Erik Lensherr took the names Professor X and Magneto, they were two young men discovering their powers for the first time. Before they were archenemies, they were closest of friends, working together, with other Mutants (some familiar, some new), to stop the greatest threat the world has ever known. In the process, a rift between them opened, which began the eternal war between Magneto's Brotherhood and Professor X's X-MEN.",PG-13,146408305.0,763121.0,0,0,22,40,United States,English,"central intelligence agency (cia), nuclear war, superhero, mutant, mine, based on comic, prequel, superhuman, historical fiction, super power",The Donners' Company,Bad Hat Harry Productions,1.2633,7.304,13711,160000000.0,353624124.0,tt1270798,7.603
Toy Story,8.3,100.0,96.0,81.0,1995.0,"Animation, Adventure, Comedy, Family, Fantasy",Animation,Adventure,Comedy,John Lasseter,Tom Hanks,Tim Allen,Don Rickles,,Joss Whedon,Andrew Stanton,"A little boy named Andy loves to be in his room, playing with his toys, especially his doll named ""Woody"". But, what do the toys do when Andy is not with them, they come to life. Woody believes that his life (as a toy) is good. However, he must worry about Andy's family moving, and what Woody does not know is about Andy's birthday party. Woody does not realize that Andy's mother gave him an action figure known as Buzz Lightyear, who does not believe that he is a toy, and quickly becomes Andy's new favorite toy. Woody, who is now consumed with jealousy, tries to get rid of Buzz. Then, both Woody and Buzz are now lost. They must find a way to get back to Andy before he moves without them, but they will have to pass through a ruthless toy killer, Sid Phillips.",G,229947062.0,1163069.0,0,3,29,24,United States,English,"rescue, friendship, mission, jealousy, villain, bullying, elementary school, rivalry, anthropomorphism, friends",Pixar,,42.2082,7.985,20293,30000000.0,962301978.0,tt0114709,9.202
Knives Out,7.9,97.0,82.0,130.0,2019.0,"Crime, Mystery, Thriller, Drama, Comedy",Crime,Mystery,Thriller,Rian Johnson,Daniel Craig,Chris Evans,Ana de Armas,,Rian Johnson,,"When renowned crime novelist Harlan Thrombey (Christopher Plummer) is found dead at his estate just after his 85th birthday, the inquisitive and debonair Detective Benoit Blanc (Daniel Craig) is mysteriously enlisted to investigate. From Harlan's disfunctional family to his devoted staff, Blanc sifts through a web of red herrings and self-serving lies to uncover the truth behind Harlan's untimely death.",PG-13,165363234.0,875016.0,0,1,52,114,United States,English,"immigrant, detective, massachusetts, investigation, big family, mansion, whodunit, family home, murder mystery, neo-noir",MRC,T-Street,21.0616,7.84,14287,40000000.0,312897920.0,tt8946378,8.402
Now You See Me 2,6.4,33.0,46.0,129.0,2016.0,"Comedy, Thriller, Action, Adventure, Mystery, Crime",Comedy,Thriller,Action,Jon M. Chu,Jesse Eisenberg,Mark Ruffalo,Woody Harrelson,,Ed Solomon,Peter Chiarelli,"One year after outwitting the F.B.I. and winning the public's adulation with their Robin Hood-style magic spectacles, The Four Horsemen resurface for a comeback performance in hopes of exposing the unethical practices of a tech magnate. The man behind their vanishing act is none other than Walter Mabry, a tech prodigy who threatens the Horsemen into pulling off their most impossible heist yet. Their only hope is to perform one last unprecedented stunt to clear their names and reveal the mastermind behind it all.",PG-13,65075540.0,357612.0,0,0,0,5,United States,English,"prison, new york city, magic, kidnapping, fbi, card trick, secret society, hypnosis, illusion, twin brother",Summit Entertainment,K/O Paper Products,16.5183,6.824,11711,120000000.0,334897606.0,tt3110958,7.001
Argo,7.7,96.0,86.0,120.0,2012.0,"Thriller, Drama, Biography, History",Thriller,Drama,Biography,Ben Affleck,Ben Affleck,Bryan Cranston,John Goodman,,Chris Terrio,Tony Mendez,"After Iranian militants stormed and took control of the U.S. Embassy in Tehran in November 1979 taking 56 Americans as hostages, six Americans managed to get away and took refuge in the home of Canadian Ambassador Ken Taylor. After two months of the Canadians putting their lives on the line everyday, the CIA and the US State Department try to come up with a plan to get their people out. Tony Mendez is an ""ex filtration"" specialist who proposes that they pose as a Canadian film crew scouting locations for a science fiction movie called Argo. Using Hollywood connections, Mendez creates a back story for the movie - ads in Variety, casting calls, inviting he media to a production launch - and then heads off to Iran to lead the six Americans out.",R,136025503.0,665933.0,3,0,96,156,United Kingdom,English,"central intelligence agency (cia), husband wife relationship, revolution, press conference, biography, american abroad, extraction, iran hostage crisis, intelligence agent, langley virginia",GK Films,Warner Bros. Pictures,9.6753,7.285,9081,44500000.0,232300000.0,tt1024648,8.805
Harold & Kumar Go to White Castle,7.0,75.0,64.0,88.0,2004.0,"Comedy, Adventure",Comedy,Adventure,,Danny Leiner,John Cho,Kal Penn,Ethan Embry,,Jon Hurwitz,Hayden Schlossberg,"Harold Lee and Kumar Patel are two stoners who end up getting the munchies. What they crave the most after seeing a TV advertisement, is a trip to White Castle. So from here, follows a journey for the burgers they require. On their way they will encounter many obstacles including a raccoon, a racist officer, and a horny Neil Patrick Harris.",R,18250550.0,215149.0,0,0,0,3,United States,English,"sibling relationship, new jersey, amsterdam, netherlands, road trip, cannabis, pot smoking, marijuana, police chase, east asian lead, buddy",Senator International,Kingsgate Films,6.4409,6.577,2333,9000000.0,23936908.0,tt0366551,7.301
The Other Guys,6.7,78.0,64.0,107.0,2010.0,"Action, Comedy, Crime, Thriller",Action,Comedy,Crime,Adam McKay,Will Ferrell,Mark Wahlberg,Derek Jeter,,Adam McKay,Chris Henchy,"Terry Hoitz's past mistakes in the line of duty and Allen Gamble's reluctance to take risks have landed them the roles of the ""Other Guys"", disgraced New York City police detectives relegated to filling out paperwork for cocky hero cops Danson and Highsmith. The mismatched duo must look past their differences when they take on a high-profile investigation of shady capitalist David Ershon and attempt to fill the shoes of the notoriously reckless officers they idolize.",PG-13,119219978.0,307921.0,0,0,3,15,United States,English,"new york city, narration, sarcasm, buddy cop, buddy comedy, carjacking, jumping off a building, aftercreditsstinger, crime investigation, running gags",Columbia Pictures,Gary Sanchez Productions,10.5194,6.333,4640,100000000.0,170432927.0,tt1386588,9.305
The Warriors,7.5,88.0,65.0,93.0,1979.0,"Thriller, Action, Crime",Thriller,Action,Crime,Walter Hill,Michael Beck,James Remar,Dorsey Wright,,Sol Yurick,David Shaber,"Cyrus, the leader of the most powerful gang in New York City, the Gramercy Riffs, calls a midnight summit for all the area gangs, with all asked to send nine unarmed representatives for the conclave. A gang called The Warriors are blamed for killing Cyrus as he gives his speech. They now have to cross the territory of rivals in order to get to their own 'hood. The Warriors slowly cross the dangerous Bronx and Manhattan territories, narrowly escaping police and other gangs every step of the way.",R,22490039.0,117916.0,0,0,0,0,United States,English,"new york city, street gang, gangster, disc jockey, gang war, coney island, survival, pursuit, gang member, new york subway",Paramount Pictures,Lawrence Gordon Productions,9.6175,7.679,2426,4000000.0,22490039.0,tt0080120,6.601
Wedding Crashers,7.0,75.0,64.0,119.0,2005.0,"Comedy, Romance",Comedy,Romance,,David Dobkin,Owen Wilson,Vince Vaughn,Rachel McAdams,,Steve Faber,Bob Fisher,"Two friends, John (played by Owen Wilson) and Jeremy (Vince Vaughn), crash weddings to pick up women. One day they crash the wedding of the daughter of the Treasury Secretary, Secretary Cleary (Christopher Walken). Instead of short-term flings they end up being invited to the Clearys' island estate, and potentially meet the loves of their lives...",R,209273411.0,395754.0,0,0,11,11,United States,English,"cake, sailing, fake identity, wedding, lying",Avery Pix,New Line Cinema,9.6202,6.501,4782,40000000.0,288500000.0,tt0396269,9.403
The Big Lebowski,8.1,79.0,71.0,117.0,1998.0,"Crime, Comedy",Crime,Comedy,,Coen Brothers,Jeff Bridges,John Goodman,Julianne Moore,,Ethan Coen,Joel Coen,"When ""the dude"" Lebowski is mistaken for a millionaire Lebowski, two thugs urinate on his rug to coerce him into paying a debt he knows nothing about. While attempting to gain recompense for the ruined rug from his wealthy counterpart, he accepts a one-time job with high pay-off. He enlists the help of his bowling buddy, Walter, a gun-toting Jewish-convert with anger issues. Deception leads to more trouble, and it soon seems that everyone from porn empire tycoons to nihilists want something from The Dude.",R,19488923.0,911908.0,0,0,7,18,United Kingdom,English,"vietnam veteran, white russian, bowling, carpet, nihilism, heart attack, kidnapping, lsd, marijuana, los angeles, california",PolyGram Filmed Entertainment,Working Title Films,17.7486,7.834,12357,15000000.0,47010480.0,tt0118715,9.304
Inception,8.8,87.0,74.0,148.0,2010.0,"Sci-Fi, Thriller, Adventure",Sci-Fi,Thriller,Adventure,Christopher Nolan,Leonardo DiCaprio,Joseph Gordon-Levitt,Elliot Page,,Christopher Nolan,,"Dom Cobb is a skilled thief, the absolute best in the dangerous art of extraction, stealing valuable secrets from deep within the subconscious during the dream state, when the mind is at its most vulnerable. Cobb's rare ability has made him a coveted player in this treacherous new world of corporate espionage, but it has also made him an international fugitive and cost him everything he has ever loved. Now Cobb is being offered a chance at redemption. One last job could give him his life back but only if he can accomplish the impossible, inception. Instead of the perfect heist, Cobb and his team of specialists have to pull off the reverse: their task is not to steal an idea, but to plant one. If they succeed, it could be the perfect crime. But no amount of careful planning or expertise can prepare the team for the dangerous enemy that seems to predict their every move. An enemy that only Cobb could have seen coming.",PG-13,292587330.0,2811614.0,4,0,160,220,United Kingdom,English,"mission, dreams, kidnapping, spy, allegory, intellectual, manipulation, heist, memory, dream world",Legendary Pictures,Syncopy,60.8166,8.373,39830,160000000.0,839030630.0,tt1375666,8.501
Creed III,6.7,89.0,73.0,116.0,2023.0,"Drama, Sport, Action",Drama,Sport,Action,Michael B. Jordan,Michael B. Jordan,Tessa Thompson,Jonathan Majors,,Keenan Coogler,Zach Baylin,"Adonis has been thriving in both his career and family life, but when a childhood friend and former boxing prodigy resurfaces, the face-off is more than just a fight.",PG-13,156248615.0,104903.0,0,0,2,26,United States,English,"husband wife relationship, philadelphia, pennsylvania, sports, deaf, sequel, orphan, former best friend, ex-con, childhood friends, juvenile detention center",Metro-Goldwyn-Mayer,Proximity Media,12.7499,7.088,2928,75000000.0,275300000.0,tt11145118,8.207
The Grand Budapest Hotel,8.1,92.0,88.0,99.0,2014.0,"Comedy, Drama",Comedy,Drama,,Wes Anderson,Ralph Fiennes,F. Murray Abraham,Mathieu Amalric,,Stefan Zweig,Wes Anderson,"This movie recounts the adventures of M. Gustave, a legendary concierge at a famous European hotel between the wars, and Zero Moustafa, the lobby boy who becomes his most trusted friend. The story involves the theft and recovery of a priceless Renaissance painting and the battle for an enormous family fortune - all against the backdrop of a suddenly and dramatically changing continent.",R,59301324.0,968286.0,4,0,137,227,United States,English,"hotel, painting, wartime, eastern europe, author, gunfight, theft, period drama, bellhop  , mentor protégé relationship",Fox Searchlight Pictures,Studio Babelsberg,18.5121,8.025,16336,30000000.0,174600318.0,tt2278388,6.006
The Fantastic Four: First Steps,6.8,,65.0,115.0,2025.0,"Adventure, Action, Sci-Fi",Adventure,Action,Sci-Fi,Matt Shakman,Pedro Pascal,Vanessa Kirby,Ebon Moss-Bachrach,,Josh Friedman,Eric Pearson,"Set against the vibrant backdrop of a 1960s-inspired, retro-futuristic world, Reed Richards, Sue Storm, Johnny Storm and Ben Grimm face their most daunting challenge yet. Forced to balance their roles as heroes with the strength of their family bond, they must defend Earth from a ravenous space god called Galactus and his enigmatic herald, then Silver Surfer. And if Galactus' plan to devour the entire planet and everyone on it weren't bad enough, it suddenly gets very personal.",PG-13,274286610.0,258601.0,0,0,4,48,United Kingdom,English,"strong woman, saving the world, superhero, based on comic, end of the world, super power, superhero team, alternative reality, aftercreditsstinger, duringcreditsstinger",Marvel Studios,Kevin Feige Productions,56.9273,6.945,3658,200000000.0,521858728.0,tt10676052,7.005
Creed II,7.1,83.0,66.0,130.0,2018.0,"Drama, Sport, Action",Drama,Sport,Action,Steven Caple Jr.,Michael B. Jordan,Sylvester Stallone,Tessa Thompson,,Juel Taylor,Sylvester Stallone,"Years after Adonis Creed made a name for himself under Rocky Balboa's mentorship, the young boxer becomes the Heavyweight Champion of the World. While life is good with that victory and his marriage to Bianca, trouble comes to Philadelphia when Ivan Drago, the Russian boxer who killed Adonis' father, Apollo, arrives with his son, Viktor, to challenge Adonis. Against Rocky's advice, Adonis accepts the challenge without his mentor's participation and pays the price in a punishing bout he wins only by a technicality. Now injured and demoralized, Adonis cannot bring himself to back into the game, leaving his spirit and title in jeopardy. Together, Adonis' family and Rocky must find a way to rekindle Adonis' fighting spirit to face the future in whatever choice he makes. Meanwhile, the Drago family have its own troubles trying to regain the respect in their homeland that they lost at Rocky's hands as they wonder whether is it truly worth it.",PG-13,115715889.0,167419.0,0,0,1,12,United States,English,"sports, rivalry, sequel, los angeles, california, angry, boxing, thoughtful, reflective, dedicated, box ring",Metro-Goldwyn-Mayer,New Line Cinema,12.3204,7.0,5865,50000000.0,214200000.0,tt6343314,7.402
The Bourne Identity,7.8,84.0,68.0,119.0,2002.0,"Mystery, Thriller, Action",Mystery,Thriller,Action,Doug Liman,Franka Potente,Matt Damon,Chris Cooper,,Tony Gilroy,William Blake Herron,"When a body is recovered at sea still alive, the mystery man (Damon) seems to have forgotten everything in life, including who he was. Eventually he begins to remember smaller details in life and soon finds out that his name was Jason Bourne. What he doesn't like is the gun and fake passports belonging to him. Now Bourne, and his new friend, Marie Helena Kreutz (Potente) travel from country to country in search of his new identity. But someone is not happy to see him alive, and is frantically trying to track him down.",PG-13,121661683.0,609951.0,0,0,3,6,United States,English,"assassin, amnesia, paris, france, based on novel or book, escape, barcelona, spain, spy, secret identity, passport, mission of murder",Universal Pictures,Hypnotic,15.0257,7.485,10254,60000000.0,214034224.0,tt0258463,7.501
The Odyssey,8.5,,88.0,172.0,2026.0,"Adventure, Fantasy, Action",Adventure,Fantasy,Action,Christopher Nolan,Matt Damon,Tom Holland,Anne Hathaway,,Christopher Nolan,Homer,"After the Trojan War, Odysseus faces a dangerous voyage back to Ithaca, meeting creatures like the Cyclops Polyphemus, Sirens, and Calypso along the way.",R,461172890.0,377702.0,0,0,2,0,United Kingdom,English,"ship, trojan war, greek mythology, historical fiction, ancient world, period drama, based on song, poem or rhyme, greek history, voyage, peplum",Universal Pictures,Syncopy,884.5903,7.98,2551,250000000.0,1104804890.0,tt33764258,9.702
Thunderbolts*,7.1,88.0,68.0,127.0,2025.0,"Action, Adventure, Sci-Fi, Crime, Drama, Fantasy",Action,Adventure,Sci-Fi,Jake Schreier,Florence Pugh,Sebastian Stan,Julia Louis-Dreyfus,,Eric Pearson,Joanna Calo,"A team of reformed supervillains is recruited for covert missions by a secret organization. They navigate internal conflict, moral dilemmas, and external threats while attempting to prove loyalty and effectiveness. The film blends superhero action, intrigue, and ensemble dynamics, exploring redemption, trust, and the blurred line between heroism and villainy in a high-stakes environment.",PG-13,190274328.0,274694.0,0,0,4,28,United States,English,"new york city, superhero, anti hero, villain, based on comic, super power, mental health, aftercreditsstinger, duringcreditsstinger, marvel cinematic universe (mcu)",Marvel Studios,Kevin Feige Productions,53.8311,7.298,3841,180000000.0,382436917.0,tt20969586,7.601
Jurassic Park,8.2,91.0,68.0,127.0,1993.0,"Sci-Fi, Adventure",Sci-Fi,Adventure,,Steven Spielberg,Sam Neill,Laura Dern,Jeff Goldblum,,Michael Crichton,David Koepp,"Huge advancements in scientific technology have enabled a mogul to create an island full of living dinosaurs. John Hammond has invited four individuals, along with his two grandchildren, to join him at Jurassic Park. But will everything go according to plan? A park employee attempts to steal dinosaur embryos, critical security systems are shut down and it now becomes a race for survival with dinosaurs roaming freely over the island.",PG-13,407185075.0,1167043.0,3,0,44,27,United States,English,"exotic island, island, triceratops, brontosaurus, electric fence, dna, tyrannosaurus rex, paleontology, dinosaur, amusement park",Universal Pictures,Amblin Entertainment,14.2996,7.976,18158,63000000.0,1058454230.0,tt0107290,8.603
Creed,7.6,95.0,82.0,133.0,2015.0,"Drama, Sport, Action",Drama,Sport,Action,Ryan Coogler,Michael B. Jordan,Sylvester Stallone,Tessa Thompson,,Ryan Coogler,Aaron Covington,"Adonis Johnson is the son of the famous boxing champion Apollo Creed, who died in a boxing match in Rocky IV (1985). Adonis wasn't born until after his father's death and wants to follow his fathers footsteps in boxing. He seeks a mentor who is the former heavyweight boxing champion and former friend of Apollo Creed, the retired Rocky Balboa. Rocky eventually agrees to mentor Adonis. With Rocky's help they hope to get a title job to face even deadlier opponents than his father. But whether he is a true fighter remains to be seen....",PG-13,109778883.0,330457.0,0,1,45,66,United States,English,"underdog, mexico, philadelphia, pennsylvania, sports, mentor, trainer, cancer, spin off, underground fighting, boxing trainer",Metro-Goldwyn-Mayer,New Line Cinema,10.6082,7.408,8055,37000000.0,173600000.0,tt3076658,8.301
Ferrari,6.4,73.0,73.0,130.0,2023.0,"Biography, Drama, History, Sport",Biography,Drama,History,Michael Mann,Adam Driver,Shailene Woodley,Giuseppe Festinese,,Troy Kennedy Martin,Brock Yates,"Set in the summer of 1957, with Enzo Ferrari's auto empire in crisis, the ex-racer turned entrepreneur pushes himself and his drivers to the edge as they launch into the Mille Miglia, a treacherous 1,000-mile race across Italy.",R,18550028.0,66075.0,0,0,7,42,United States,English,"husband wife relationship, biography, based on true story, racing, 1950s, cars, ferrari",STXfilms,Forward Pass,7.0931,6.365,1282,95000000.0,39220516.0,tt3758542,6.804
Captain America: Brave New World,5.6,46.0,42.0,118.0,2025.0,"Action, Adventure, Sci-Fi",Action,Adventure,Sci-Fi,Julius Onah,Anthony Mackie,Harrison Ford,Danny Ramirez,,Rob Edwards,Malcolm Spellman,"Some time after the events of The Falcon and the Winter Soldier, Sam Wilson has now fully embraced his title as the new Captain America. Now Sam is summoned to the White House as the new president Ross wants to work with him on rebuilding the Avengers. But trouble ensues when Sam's friend Isaiah Bradley uncontrollably tries to assassinate the president and is framed for the attempt. Now Sam and his partner Joaquin Torres must race against time to uncover the true culprit and foil an evil plot that unwittingly involves President Ross",PG-13,200500001.0,185653.0,0,0,2,17,United States,English,"hero, usa president, the white house, superhero, based on comic, sequel, revenge, superhuman, summit, aftercreditsstinger",Marvel Studios,Kevin Feige Productions,79.3977,5.956,3253,180000000.0,415101577.0,tt14513804,5.906
Ocean's Eight,6.3,69.0,61.0,110.0,2018.0,"Crime, Comedy, Thriller",Crime,Comedy,Thriller,Gary Ross,Sandra Bullock,Cate Blanchett,Anne Hathaway,,Gary Ross,Olivia Milch,"Following her release from prison, Debbie Ocean, younger sister of the late Danny Ocean, meets with her former partner-in-crime Lou to convince her to join a heist that she planned while serving her sentence. Debbie and Lou assemble the rest of their team: Rose Weil, a disgraced fashion designer who is deeply in debt with the IRS; Amita, a jewelry maker and friend of Debbie's who is eager to move out of her mother's house and start her own life; Nine Ball, a computer hacker; Constance, a street hustler and pickpocket; and Tammy, a profiteer and another friend of Debbie's who has been secretly selling stolen goods out of her family's suburban home. Debbie plans to steal the Toussaint, a $150 million Cartier necklace, from the Met Gala in three-and-a-half weeks, and use Met Gala co-host Daphne Kluger, a famous actress known for her long neck, as an unwitting mule who will wear the necklace into the gala.",PG-13,140295726.0,257432.0,0,0,3,17,United States,English,"new york city, heist, spin off, estranged sister, the met gala, cliché",Village Roadshow Pictures,Warner Bros. Pictures,17.3779,6.951,8912,70000000.0,297718711.0,tt5164214,6.002
Michael,7.4,38.0,39.0,127.0,2026.0,"Biography, Drama, Music, History",Biography,Drama,Music,Antoine Fuqua,Jaafar Jackson,Nia Long,Colman Domingo,,John Logan,,"The story of ""King of Pop"" Michael Jackson. From his childhood as the star of the Jackson 5, through times of abuse by his father Joe Jackson, to breaking away and making the hit album Thriller and claiming his independence as a solo artist.",PG-13,371294610.0,144205.0,0,0,7,5,United States,English,"child abuse, sibling relationship, 1970s, abusive father, ambition, biography, based on true story, singer, period drama, music history",Lionsgate,GK Films,89.4142,8.69,3953,250000000.0,1021000000.0,tt11378946,6.507
Deadpool & Wolverine,7.5,77.0,56.0,128.0,2024.0,"Action, Comedy, Sci-Fi, Adventure",Action,Comedy,Sci-Fi,Shawn Levy,Ryan Reynolds,Hugh Jackman,Emma Corrin,,Ryan Reynolds,Rhett Reese,In this multiverse story Deadpool is approached by a man named Paradox who intends on vaporizing his entire universe because apparently it's not supposed to go on living without the now deceased hero Wolverine. Deadpool kidnaps another version of Wolverine to replace but this only results in Paradox banishing both Deadpool and Wolverine.,R,636745858.0,565006.0,0,0,31,71,United States,English,"hero, superhero, anti hero, mutant, breaking the fourth wall, aftercreditsstinger, duringcreditsstinger, marvel cinematic universe (mcu), mutants, superhero teamup",Marvel Studios,Maximum Effort,57.2343,7.584,9123,200000000.0,1338073645.0,tt6263850,7.702
X-Men Origins: Wolverine,6.5,37.0,40.0,107.0,2009.0,"Action, Sci-Fi",Action,Sci-Fi,,Gavin Hood,Hugh Jackman,Liev Schreiber,Ryan Reynolds,,David Benioff,Skip Woods,"Two mutant brothers, Logan and Victor, born 200 years ago, suffer childhood trauma and have only each other to depend upon. Basically, they're fighters and killers, living from war to war throughout U.S. history. In modern times, U.S. Colonel Stryker recruits them and other mutants as commandos. Logan quits and becomes a logger, falling in love with a local teacher. When Logan refuses to rejoin Stryker's crew, the Colonel sends the murderous Victor. Logan now wants revenge.",PG-13,179883157.0,567143.0,0,0,3,21,United States,English,"army, corruption, superhero, mutant, boxer, based on comic, prequel, spin off, aftercreditsstinger, duringcreditsstinger",The Donners' Company,Seed Productions,2.5265,6.296,11404,150000000.0,373062864.0,tt0458525,7.306
Ghostbusters II,6.6,57.0,56.0,108.0,1989.0,"Fantasy, Sci-Fi, Action, Comedy",Fantasy,Sci-Fi,Action,Ivan Reitman,Bill Murray,Dan Aykroyd,Sigourney Weaver,,Dan Aykroyd,Harold Ramis,"Having lost their status and credibility five years after covering New York City with gooey roasted marshmallows in Ghostbusters (1984), the city's former heroes and once-popular spirit-hunters struggle to keep afloat, forced to work odd jobs. However, when Dana and her baby have yet another terrifying encounter with the paranormal, it is up to Peter Venkman and his fearless team of supernatural crime fighters to step up and save the day. Once more, humankind is in danger, as rivers of slimy psycho-reactive ectoplasm, paired with the dreadful manifestation of evil sixteenth-century tyrant Vigo the Carpathian, threaten to plunge the entire city into darkness. Is the world ready to believe? Can the Ghostbusters save us for the second time?",PG,112494738.0,239604.0,0,0,2,1,United States,English,"new year's eve, new york city, painting, supernatural, ghostbuster, paranormal phenomena, slime, mythology, reincarnation, sequel",Columbia Pictures,,11.451,6.599,4932,37000000.0,215394738.0,tt0097428,7.804
Captain Marvel,6.7,79.0,64.0,123.0,2019.0,"Action, Adventure, Sci-Fi",Action,Adventure,Sci-Fi,Anna Boden,Brie Larson,Samuel L. Jackson,Ben Mendelsohn,,Anna Boden,Ryan Fleck,"After crashing an experimental aircraft, Air Force pilot Carol Danvers is discovered by the Kree and trained as a member of the elite Starforce Military under the command of her mentor Yon-Rogg. Six years later, after escaping to Earth while under attack by the Skrulls, Danvers begins to discover there's more to her past. With help from S.H.I.E.L.D. agent Nick Fury, they set out to unravel the truth.",PG-13,426829839.0,658051.0,0,0,10,57,United States,English,"superhero, based on comic, alien, female protagonist, alien invasion, super power, female hero, aftercreditsstinger, duringcreditsstinger, marvel cinematic universe (mcu)",Marvel Studios,,24.6151,6.776,16965,152000000.0,1131416446.0,tt4154664,4.602
The Marvels,5.4,63.0,50.0,105.0,2023.0,"Action, Adventure, Sci-Fi",Action,Adventure,Sci-Fi,Nia DaCosta,Brie Larson,Teyonah Parris,Iman Vellani,,Nia DaCosta,Megan McDonnell,"Carol Danvers gets her powers entangled with those of Kamala Khan and Monica Rambeau, forcing them to work together to save the universe.",PG-13,84500223.0,161921.0,0,0,5,13,United States,English,"hero, superhero, space travel, based on comic, sequel, teenage girl, female protagonist, aftercreditsstinger, duringcreditsstinger, marvel cinematic universe (mcu)",Marvel Studios,Kevin Feige Productions,23.6605,5.927,3529,274800000.0,206136825.0,tt10676048,4.803
Guardians of the Galaxy Vol. 3,7.9,82.0,64.0,150.0,2023.0,"Action, Adventure, Sci-Fi, Comedy, Fantasy",Action,Adventure,Sci-Fi,James Gunn,Chris Pratt,Chukwudi Iwuji,Bradley Cooper,,James Gunn,Jim Starlin,"In Marvel Studios ""Guardians of the Galaxy Vol. 3"" our beloved band of misfits are looking a bit different these days. Peter Quill, still reeling from the loss of Gamora, must rally his team around him to defend the universe along with protecting one of their own. A mission that, if not completed successfully, could quite possibly lead to the end of the Guardians as we know them.",PG-13,358995815.0,470167.0,0,1,12,100,United States,English,"hero, superhero, mad scientist, based on comic, sequel, superhero team, space opera, raccoon, aftercreditsstinger, duringcreditsstinger",Marvel Studios,Kevin Feige Productions,43.7131,7.931,8608,250000000.0,845550000.0,tt6791350,8.503
Ant-Man and the Wasp: Quantumania,6.0,46.0,48.0,124.0,2023.0,"Action, Adventure, Comedy, Sci-Fi",Action,Adventure,Comedy,Peyton Reed,Paul Rudd,Evangeline Lilly,Michael Douglas,,Jeff Loveness,Stan Lee,"When Scott Lang and Hope van Dyne, along with Hope's parents, Hank Pym and Janet van Dyne, and Scott's daughter, Cassie, are accidentally sent to the Quantum Realm, they soon find themselves exploring the Realm, interacting with strange new creatures",PG-13,214504909.0,274578.0,0,0,0,14,United States,English,"hero, superhero, ant, based on comic, sequel, alternate dimension, family, aftercreditsstinger, duringcreditsstinger, marvel cinematic universe (mcu)",Marvel Studios,Kevin Feige Productions,17.1451,6.222,5975,200000000.0,476071180.0,tt10954600,5.804
Thor: Love and Thunder,6.1,64.0,57.0,118.0,2022.0,"Adventure, Romance, Sci-Fi, Comedy, Action",Adventure,Romance,Sci-Fi,Taika Waititi,Chris Hemsworth,Natalie Portman,Christian Bale,,Taika Waititi,Jennifer Kaytin Robinson,"Thor's retirement is interrupted by a galactic killer known as Gorr the God Butcher, who seeks the extinction of the gods. To combat the threat, Thor enlists the help of King Valkyrie, Korg and ex-girlfriend Jane Foster, who - to Thor's surprise - inexplicably wields his magical hammer, Mjolnir, as the Mighty Thor. Together, they embark upon a harrowing cosmic adventure to uncover the mystery of the God Butcher's vengeance and stop him before it's too late.",PG-13,343256830.0,459337.0,0,0,5,24,Australia,English,"hero, ex-girlfriend, superhero, greek mythology, based on comic, sequel, shadow, norse mythology, aftercreditsstinger, duringcreditsstinger",Marvel Studios,Kevin Feige Productions,30.9274,6.361,8769,250000000.0,760928081.0,tt10648342,6.102
War Machine,6.0,48.0,56.0,122.0,2017.0,"Comedy, Drama, War",Comedy,Drama,War,David Michôd,Brad Pitt,Daniel Betts,John Magaro,,Michael Hastings,David Michôd,"A general from the U.S. is sent to Afghanistan to ""clean"" the situation up after eight years of war in the country. He finds himself among tired soldiers and disillusioned politicians eager to leave. In this situation, he feels his mission is to ""win"" the war, something deemed impossible by everyone around him.",TV-MA,,51504.0,0,0,0,3,United States,English,"journalist, based on novel or book, afghanistan, us army, historical fiction, exposé, satirical, u.s. general, born leader, charismatic",Plan B Entertainment,Blue-Tongue Films,7.3777,5.613,1255,60000000.0,,tt4758646,6.005
Black Panther: Wakanda Forever,6.6,84.0,67.0,161.0,2022.0,"Action, Adventure, Sci-Fi, Drama",Action,Adventure,Sci-Fi,Ryan Coogler,Letitia Wright,Lupita Nyong'o,Danai Gurira,,Ryan Coogler,Joe Robert Cole,"Queen Ramonda, Shuri, M'Baku, Okoye and the Dora Milaje fight to protect the kingdom of Wakanda from intervening world powers in the wake of King T'Challa's death. As the Wakandans strive to embrace their next chapter, the heroes must band together with the help of War Dog Nakia and Everett Ross and forge a new path for their nation.",PG-13,453829060.0,368850.0,1,0,53,173,United States,English,"hero, loss of loved one, superhero, royal family, based on comic, sequel, royalty, underwater, political intrigue , death in family",Marvel Studios,,31.3178,7.001,7639,250000000.0,859102154.0,tt9114286,6.401
Doctor Strange in the Multiverse of Madness,6.8,73.0,60.0,126.0,2022.0,"Action, Fantasy, Adventure, Sci-Fi",Action,Fantasy,Adventure,Sam Raimi,Benedict Cumberbatch,Elizabeth Olsen,Chiwetel Ejiofor,,Michael Waldron,Stan Lee,"Following the events of Spider-Man No Way Home, Doctor Strange unwittingly casts a forbidden spell that accidentally opens up the multiverse. With help from Wong and Scarlet Witch, Strange confronts various versions of himself as well as teaming up with the young America Chavez while traveling through various realities and working to restore reality as he knows it. Along the way, Strange and his allies realize they must take on a powerful new adversary who seeks to take over the multiverse.",PG-13,411331607.0,543288.0,0,0,10,31,United States,English,"magic, superhero, based on comic, alternative reality, aftercreditsstinger, duringcreditsstinger, marvel cinematic universe (mcu)",Marvel Studios,Kevin Feige Productions,46.006,7.231,10596,295400000.0,955775804.0,tt9419884,6.206
Eternals,6.2,48.0,52.0,156.0,2021.0,"Action, Fantasy, Sci-Fi, Adventure",Action,Fantasy,Sci-Fi,Chloé Zhao,Gemma Chan,Richard Madden,Angelina Jolie,,Chloé Zhao,Patrick Burleigh,"Following the events of Avengers: Endgame (2019), an unexpected tragedy forces the Eternals, ancient aliens who have been living on Earth in secret for thousands of years, out of the shadows to reunite against mankind's most ancient enemy, the Deviants.",PG-13,164870234.0,423444.0,0,0,7,18,United States,English,"saving the world, superhero, supernatural, based on comic, alien, super power, lgbt, aftercreditsstinger, marvel cinematic universe (mcu), woman director",Marvel Studios,,19.2367,6.762,9283,200000000.0,402064899.0,tt9032400,5.202
Rocky Balboa,7.1,78.0,63.0,102.0,2006.0,"Sport, Drama",Sport,Drama,,Sylvester Stallone,Sylvester Stallone,Antonio Tarver,Milo Ventimiglia,,Sylvester Stallone,,"When he loses a highly publicized virtual boxing match to ex-champ Rocky Balboa, reigning heavyweight titleholder Mason Dixon retaliates by challenging the Itallian Stallion to a nationally televised, 10-round exhibition bout. To the surprise of his son and friends, Rocky agrees to come out of retirement and face an opponent who's faster, stronger and thirty years his junior. With the odds stacked firmly against him, Rocky takes on Dixon in what will become the greatest fight in boxing history, a hard-hitting, action-packed battle of the ages.",PG,70270943.0,241717.0,0,0,0,4,United States,English,"philadelphia, pennsylvania, transporter, love of one's life, fight, tombstone, publicity, boxer, comeback, defeat, training",Metro-Goldwyn-Mayer,Revolution Studios,7.8565,6.886,3864,24000000.0,155929020.0,tt0479143,6.405
The Founder,7.2,80.0,66.0,115.0,2016.0,"Biography, Drama",Biography,Drama,,John Lee Hancock,Michael Keaton,Nick Offerman,John Carroll Lynch,,Robert Siegel,,"1954. Having worked as a salesman most of his adult life, Ray Kroc has been a hustler in most senses of the word. That hustling has made him the target of derision among certain circles for peddling what have ended up being more novelty or faddish than useful products, but it has also placed more than a comfortable roof in Arlington Heights, Illinois over his and his wife Ethel's heads. Ethel, however, wishes that he placed as much effort into being at home with her as he does in selling; his current job of peddling five-spindle milkshake makers for Prince Castle which has him constantly on the road going from one drive-in restaurant to another. It is because of the beefs he has with the whole drive-in experience (bad food, bad service) in constantly eating at such establishments while on the road that he becomes enthralled with the concept of McDonald's Restaurant in San Bernardino, California, owned and operated by brothers Richard McDonald and Maurice McDonald - Dick and Mac. Unlike most of Ray's customers who will only require one five-spindle milkshake maker at any given time, the McDonald brothers end up purchasing eight machines for their single restaurant. Primarily on Dick's initiative, the brothers have redesigned the whole concept of the drive-in restaurant to focus on quality food through a smaller menu of only the most popular items (hamburgers, fries, sodas), consistency in product so that customers know what to expect from time to time, change in the target market from lounging teenagers to families, and perhaps most importantly speed in having any order ready within seconds, many of these goals achievable through assembly line styled production. They had tried franchising previously, but failed in that they lost control over many of those aspects which made their San Bernardino restaurant successful. Despite believing Ray a bit off kilter (in other words, crazy), the McDonald brothers somewhat hesitantly enter into a contract with him to be their head of franchising. Ray's experience in the job is not without its problems, especially as his franchisees seem to be making more money than he is, he who is only breaking even. He is not averse to advancing ideas provided to him to get ahead - original ideas which are not his forte - he seeing the brothers as his biggest problem in they thinking small. These differences lead to a standoff between Ray and the brothers, the former who has a different goal for ""his"" business in profit and stoking his own ego seemingly his main priorities.",PG-13,12786053.0,202700.0,0,0,1,5,United States,English,"greed, ambition, biography, family business , based on true story, salesman, corporate greed, fast food, corporate power, 1950s",Speedie Distribution,FilmNation Entertainment,11.2993,7.15,5460,15000000.0,24121245.0,tt4276820,5.905
Rocky V,5.4,31.0,55.0,104.0,1990.0,"Sport, Drama",Sport,Drama,,John G. Avildsen,Sylvester Stallone,Talia Shire,Burt Young,,Sylvester Stallone,,"Rocky Balboa is forced to retire after having permanent damage inflicted on him in the ring by the Russian boxer Ivan Drago. Returning home after the Drago bout, Balboa discovers that the fortune that he had acquired as heavyweight champ has been stolen and lost on the stockmarket by his accountant. His boxing days over, Rocky begins to coach an up-and-coming fighter named Tommy Gunn. Rocky cannot compete, however, with the high salaraies and glittering prizes being offered to Gunn by other managers in town.",PG-13,40946358.0,160064.0,0,0,0,9,United States,English,"career, friendship, philadelphia, pennsylvania, transporter, cataclysm, sports, restart, parent child relationship, praise, trainer",United Artists,Metro-Goldwyn-Mayer,7.1837,5.775,3520,42000000.0,119946358.0,tt0100507,3.9
Rocky IV,6.9,38.0,40.0,91.0,1985.0,"Sport, Drama",Sport,Drama,,Sylvester Stallone,Sylvester Stallone,Talia Shire,Burt Young,,Sylvester Stallone,,"Rocky Balboa accompanies his friend Apollo Creed to the ring in a boxing match against a Russian Boxer named Ivan Drago. Drago is too strong for Creed, and unfortunately kills him in his match. Balboa blames himself for Creed's death and is determined to defeat Drago in a boxing match. He gains the help of Creed's former manager, Duke and travels to U.S.S.R. to take on Drago.",PG,127873716.0,243290.0,0,0,9,8,United States,English,"dying and death, friendship, transporter, sports, loss of loved one, cold war, soviet union, boxer, kgb, training",United Artists,Chartoff Productions,10.3253,7.098,4904,31000000.0,300473716.0,tt0089927,6.505
Shang-Chi and the Legend of the Ten Rings,7.3,92.0,71.0,132.0,2021.0,"Action, Adventure, Fantasy, Sci-Fi",Action,Adventure,Fantasy,Destin Daniel Cretton,Simu Liu,Awkwafina,Tony Leung Chiu-wai,,Dave Callaham,Destin Daniel Cretton,"When his father, Wenwu, the leader of the ""Ten Rings"" terrorist organization, sends assassins after him, Shang-Chi is forced to confront his tragic past. With his friend Katy, he travels to Macau to warn his sister Xialing, leading to a dramatic battle in an underground fight club. Captured, they learn Wenwu plans to invade the mythical village of Ta Lo - believing their mother is imprisoned there. Teaming up with Ta Lo's villagers, Shang-Chi battles Wenwu and the dark creatures he unleashes. With the help of a legendary dragon, Shang-Chi gains control over the Ten Rings, finally defeating the dark forces.",PG-13,224543292.0,496530.0,0,1,19,72,United States,English,"martial arts, superhero, based on comic, mixed martial arts (mma), east asian lead, aftercreditsstinger, duringcreditsstinger, marvel cinematic universe (mcu), father son relationship",Marvel Studios,,26.0023,7.5,10580,150000000.0,432243292.0,tt9376612,6.204
Avengers: Endgame,8.4,94.0,78.0,181.0,2019.0,"Action, Sci-Fi, Adventure",Action,Sci-Fi,Adventure,Russo Brothers,Robert Downey Jr.,Chris Evans,Mark Ruffalo,,Christopher Markus,Stephen McFeely,"After the devastating events of Avengers: Infinity War (2018), the universe is in ruins due to the efforts of the Mad Titan, Thanos. With the help of remaining allies, the Avengers must assemble once more in order to undo Thanos's actions and undo the chaos to the universe, no matter what consequences may be in store, and no matter who they face...",PG-13,858373000.0,1442446.0,0,1,71,132,United States,English,"superhero, time travel, space travel, time machine, based on comic, sequel, alien invasion, superhero team, marvel cinematic universe (mcu), alternate timeline",Marvel Studios,,55.5643,8.239,28260,356000000.0,2799439100.0,tt4154796,8.806
21 Jump Street,7.2,85.0,69.0,109.0,2012.0,"Action, Comedy, Crime",Action,Comedy,Crime,Phil Lord,Jonah Hill,Channing Tatum,Ice Cube,,Michael Bacall,Jonah Hill,"In 2005, Schmidt and Jenko are high school students, one an honor roll geek, the other a cool, athletic underachiever. By 2012, they are rookie cops, paired together, on bike patrol yearning to make arrests. After a screw up, they're sent undercover back to high school to find the source of a dangerous synthetic drug. They mix up their names, and Schmidt gets the no-brainer classes where he auditions for Peter Pan and falls in love with Wendy; Jenko gets AP classes where he falls in with high-achieving dweebs. This second chance at high school gives Schmidt delusions of grandeur, which threaten the operation. Can they sort out their relationship as they stumble onto the bad guys?",R,138447667.0,641161.0,0,0,11,21,United States,English,"drug dealer, high school, investigation, nerd, male friendship, parody, jock, crude humor, undercover cop, high school student",Columbia Pictures,Relativity Media,12.3863,6.884,11172,42000000.0,201585328.0,tt1232829,8.601
Avengers: Infinity War,8.4,85.0,68.0,149.0,2018.0,"Action, Sci-Fi, Adventure",Action,Sci-Fi,Adventure,Russo Brothers,Robert Downey Jr.,Chris Hemsworth,Mark Ruffalo,,Christopher Markus,Stephen McFeely,"As the Avengers and their allies have continued to protect the world from threats too large for any one hero to handle, a new danger has emerged from the cosmic shadows: Thanos. A despot of intergalactic infamy, his goal is to collect all six Infinity Stones, artifacts of unimaginable power, and use them to inflict his twisted will on all of reality. Everything the Avengers have fought for has led up to this moment, the fate of Earth and existence has never been more uncertain.",PG-13,678815482.0,1368739.0,0,1,48,80,United States,English,"sacrifice, magic, superhero, based on comic, space, battlefield, genocide, magical object, super power, superhero team",Marvel Studios,,100.0146,8.24,32520,300000000.0,2052415039.0,tt4154756,8.307
Rocky III,6.9,66.0,57.0,99.0,1982.0,"Sport, Drama",Sport,Drama,,Sylvester Stallone,Sylvester Stallone,Talia Shire,Burt Young,,Sylvester Stallone,,"Sylvester Stallone returns to the character which made him famous in this wildly successful sequel. Rocky III starts with the Italian Stallion so famous that his likeness is everywhere, including pinball machines. Fame and complacency soon cause Balboa to lose his title to young thug Clubber Lang ( Mr. T ), who inadvertently causes the death of Rocky's beloved trainer, Mickey (Burgess Meredith), before their first championship bout. After sinking into a depression, Balboa must regain the love and support of his family, as well as the elusive ""eye of the tiger,"" the hungry need to beat the opponent which former foe Apollo Creed (Carl Weathers) teaches him during this film's training sequence. In the end, Balboa faces off against Lang for a second time.",PG,125049125.0,226606.0,0,1,3,9,United States,English,"dying and death, transporter, sports, trainer, boxer, comeback, defeat, training, world champion, challenger",United Artists,Metro-Goldwyn-Mayer,8.5735,6.906,4577,17000000.0,125052898.0,tt0084602,7.002
Rocky II,7.3,68.0,61.0,119.0,1979.0,"Sport, Drama",Sport,Drama,,Sylvester Stallone,Sylvester Stallone,Talia Shire,Burt Young,,Sylvester Stallone,,"Rocky Balboa is enjoying life. He has a lovely wife, Adrian, had a successful fight with Apollo Creed and is able to enjoy the money he earned from the fight and a new endorsement deal. Unfortunately, Rocky becomes embarrassed when failing to complete an advert and ends up working in a meat packing company. He believes that he will no longer have a career as a boxer. Apollo wants to rematch with Rocky to prove all his critics wrong that he can beat Rocky. Can Rocky once again have a successful fight?",PG,85182160.0,244365.0,0,0,2,2,United States,English,"hero, husband wife relationship, coma, transporter, love of one's life, intensive care, sports, publicity, boxer, training",United Artists,Winkler Films,8.6104,7.303,4894,7000000.0,200182160.0,tt0079817,8.106
Rocky,8.1,93.0,70.0,120.0,1976.0,"Sport, Drama",Sport,Drama,,John G. Avildsen,Sylvester Stallone,Talia Shire,Burt Young,,Sylvester Stallone,,"Rocky Balboa is a struggling boxer trying to make the big time, working as a debt collector for a pittance. When heavyweight champion Apollo Creed visits Philadelphia, his managers want to set up an exhibition match between Creed and a struggling boxer, touting the fight as a chance for a ""nobody"" to become a ""somebody"". The match is supposed to be easily won by Creed, but someone forgot to tell Rocky, who sees this as his only shot at the big time.",PG,117235147.0,683546.0,3,0,23,23,United States,English,"underdog, philadelphia, pennsylvania, transporter, love of one's life, italian american, sports, fight, independence, publicity, boxer",Winkler Films,,13.6401,7.8,8778,1000000.0,117253345.0,tt0075148,8.801
Ant-Man and the Wasp,7.0,87.0,70.0,118.0,2018.0,"Action, Adventure, Sci-Fi, Comedy",Action,Adventure,Sci-Fi,Peyton Reed,Paul Rudd,Evangeline Lilly,Michael Peña,,Chris McKenna,Erik Sommers,"In the aftermath of Captain America: Civil War (2016), Scott Lang grapples with the consequences of his choices as both a superhero and a father. As he struggles to rebalance his home life with his responsibilities as Ant-Man, he's confronted by Hope van Dyne and Dr. Hank Pym with an urgent new mission. Scott must once again put on the suit and learn to fight alongside The Wasp as the team works together to uncover secrets from their past.",PG-13,216648740.0,493940.0,0,0,2,21,United States,English,"van, dreams, insect, flying, chase, fight, superhero, ant, nuclear missile, shrinking",Marvel Studios,,26.8142,6.899,14352,140000000.0,622674139.0,tt5095030,6.506
Thor: Ragnarok,7.9,93.0,74.0,130.0,2017.0,"Action, Sci-Fi, Adventure, Comedy, Fantasy",Action,Sci-Fi,Adventure,Taika Waititi,Chris Hemsworth,Tom Hiddleston,Cate Blanchett,,Eric Pearson,Craig Kyle,"Imprisoned on the other side of the universe, the mighty Thor finds himself in a deadly gladiatorial contest that puts him against The Incredible Hulk, his former ally and fellow Avenger. Thor's quest for survival leads him in a race against time to prevent the all-powerful Hela from destroying his home world and the Asgardian civilization.",PG-13,315058289.0,892533.0,0,0,6,50,United States,English,"superhero, death of father, based on comic, sequel, alien planet, female villain, norse mythology, aftercreditsstinger, duringcreditsstinger, marvel cinematic universe (mcu)",Marvel Studios,,40.8128,7.582,22277,180000000.0,855301806.0,tt3501632,7.406
Ghostbusters,7.8,95.0,71.0,105.0,1984.0,"Fantasy, Comedy, Action, Sci-Fi",Fantasy,Comedy,Action,Ivan Reitman,Bill Murray,Dan Aykroyd,Sigourney Weaver,,Dan Aykroyd,Harold Ramis,"Peter Venkman, Ray Stantz and Egon Spengler work at Columbia University. where they delve into the paranormal and fiddle with many unethical experiments on their students. As they are kicked out of the University, they really understand the paranormal and go into business for themselves. Under the new snazzy business name of 'Ghostbusters', and living in the old firehouse building they work out of, they are called to rid New York City of paranormal phenomenon at everyone's whim. - for a price. They make national press as the media reports the Ghostbusters are the cause of it all. Thrown in jail by the EPA, the mayor takes a chance and calls on them to help save the city. Unbeknownst to all, a long dead Gozer worshiper (Evo Shandor) erected a downtown apartment building which is the cause of all the paranormal activity. They find out the building could resurrect the ancient Hittite god, Gozer, and bring an end to all of humanity. Who are you gonna call to stop this terrible world-ending menace?",PG,243640120.0,486775.0,0,2,9,9,United States,English,"new york city, environmental protection agency, library, supernatural, ghostbuster, paranormal phenomena, loser, slime, gatekeeper, nerd",Columbia Pictures,Delphi Films,13.0914,7.497,9877,30000000.0,296640120.0,tt0087332,7.807
Doctor Strange,7.5,89.0,72.0,115.0,2016.0,"Fantasy, Adventure, Action, Sci-Fi",Fantasy,Adventure,Action,Scott Derrickson,Benedict Cumberbatch,Chiwetel Ejiofor,Rachel McAdams,,Jon Spaihts,Scott Derrickson,"Marvel's ""Doctor Strange"" follows the story of the talented neurosurgeon Doctor Stephen Strange who, after a tragic car accident, must put ego aside and learn the secrets of a hidden world of mysticism and alternate dimensions. Based in New York City's Greenwich Village, Doctor Strange must act as an intermediary between the real world and what lies beyond, utilising a vast array of metaphysical abilities and artifacts to protect the Marvel Cinematic Universe.",PG-13,232641920.0,877590.0,0,1,21,68,United States,English,"magic, superhero, training, based on comic, sorcerer, doctor, neurosurgeon, injury, wizard, aftercreditsstinger",Marvel Studios,,35.6125,7.424,23685,180000000.0,676343174.0,tt1211837,5.805
Black Panther,7.3,96.0,88.0,134.0,2018.0,"Action, Adventure, Sci-Fi",Action,Adventure,Sci-Fi,Ryan Coogler,Chadwick Boseman,Michael B. Jordan,Lupita Nyong'o,,Ryan Coogler,Joe Robert Cole,"After the events of Captain America: Civil War, Prince T'Challa returns home to the reclusive, technologically advanced African nation of Wakanda to serve as his country's new king. However, T'Challa soon finds that he is challenged for the throne from factions within his own country. When two foes conspire to destroy Wakanda, the hero known as Black Panther must team up with C.I.A. agent Everett K. Ross and members of the Dora Milaje, Wakandan special forces, to prevent Wakanda from being dragged into a world war.",PG-13,700426566.0,907405.0,3,0,125,289,United States,English,"africa, superhero, based on comic, aftercreditsstinger, duringcreditsstinger, marvel cinematic universe (mcu)",Marvel Studios,,34.9333,7.365,23746,200000000.0,1349926083.0,tt1825683,7.502
Black Widow,6.6,79.0,68.0,134.0,2021.0,"Action, Adventure, Sci-Fi",Action,Adventure,Sci-Fi,Cate Shortland,Scarlett Johansson,Florence Pugh,David Harbour,,Eric Pearson,Jac Schaeffer,"In Marvel Studios' action-packed spy thriller ""Black Widow,"" Natasha Romanoff aka Black Widow confronts the darker parts of her ledger when a dangerous conspiracy with ties to her past arises. Pursued by a force that will stop at nothing to bring her down, Natasha must deal with her history as a spy and the broken relationships left in her wake long before she became an Avenger.",PG-13,183651655.0,476594.0,0,0,14,37,United States,English,"assassin, hero, spy, kgb, based on comic, female assassin, female spy, female hero, aftercreditsstinger, marvel cinematic universe (mcu)",Marvel Studios,,35.6355,7.16,11438,200000000.0,379751131.0,tt3480822,5.704
Swingers,7.2,87.0,71.0,96.0,1996.0,"Drama, Comedy",Drama,Comedy,,Doug Liman,Vince Vaughn,Heather Graham,Jon Favreau,,Jon Favreau,,"This is a story about Mike, a guy who left his girl in New York when he came to LA to be a star. It's been six months since his girlfriend left him and he's not doing so good. So, his pal and some other friends try and get him back in the social scene and forget about his 6 year relationship.",R,4555020.0,91639.0,0,0,3,3,United States,English,"stuffed animal, hollywood, drink, swinger, producer, name calling, aspiring actor",Miramax,Independent Pictures,4.8317,6.842,821,200000.0,4505922.0,tt0117802,5.902
The Boys in the Boat,7.0,57.0,54.0,123.0,2023.0,"Drama, Sport, Biography, History",Drama,Sport,Biography,George Clooney,Joel Edgerton,Callum Turner,Peter Guinness,,Daniel James Brown,Mark L. Smith,"A 1930s-set story centered on the University of Washington's rowing team, from their Depression-era beginnings.",PG-13,52641306.0,29396.0,0,0,3,6,United States,English,"sports, olympic games, based on true story, rowing, 1930s, dignified, hopeful",Smokehouse Pictures,Spyglass Media Group,4.6835,7.237,369,40000000.0,54401583.0,tt1856080,8.201
Captain America: Civil War,7.8,90.0,75.0,147.0,2016.0,"Action, Sci-Fi",Action,Sci-Fi,,Russo Brothers,Chris Evans,Robert Downey Jr.,Scarlett Johansson,,Christopher Markus,Stephen McFeely,"With many people fearing the actions of super heroes, the government decides to push for the Hero Registration Act, a law that limits a hero's actions. This results in a division in The Avengers. Iron Man stands with this Act, claiming that their actions must be kept in check otherwise cities will continue to be destroyed, but Captain America feels that saving the world is daring enough and that they cannot rely on the government to protect the world. This escalates into an all-out war between Team Iron Man (Iron Man, Black Panther, Vision, Black Widow, War Machine, and Spider-Man) and Team Captain America (Captain America, Bucky Barnes, Falcon, Scarlet Witch, Hawkeye, and Ant Man) while a new villain emerges.",PG-13,408084349.0,925892.0,0,0,16,73,United States,English,"superhero, based on comic, sequel, super soldier, aftercreditsstinger, duringcreditsstinger, marvel cinematic universe (mcu), superhero teamup, versus fighting, versus",Marvel Studios,,62.9641,7.45,24315,250000000.0,1155046416.0,tt3498820,8.005
22 Jump Street,7.0,84.0,71.0,112.0,2014.0,"Comedy, Action, Crime, Mystery",Comedy,Action,Crime,Phil Lord,Channing Tatum,Jonah Hill,Ice Cube,,Michael Bacall,Oren Uziel,"After making their way through high school (twice), big changes are in store for officers Schmidt (Jonah Hill) and Jenko (Channing Tatum) when they go deep undercover at a local college. But when Jenko meets a kindred spirit on the football team, and Schmidt infiltrates the bohemian art major scene, they begin to question their partnership. Now they don't have to just crack the case - they have to figure out if they can have a mature relationship. If these two overgrown adolescents can grow from freshmen into real men, college might be the best thing that ever happened to them.",R,191719337.0,436227.0,0,0,7,25,United States,English,"drug dealer, sarcasm, college, male friendship, sequel, undercover cop, burlesque, buddy cop, buddy comedy, aftercreditsstinger",Columbia Pictures,Original Film,10.249,6.827,8640,50000000.0,331333876.0,tt2294449,6.902
Caddyshack,7.2,73.0,48.0,98.0,1980.0,"Sport, Comedy",Sport,Comedy,,Harold Ramis,Chevy Chase,Rodney Dangerfield,Bill Murray,,Brian Doyle-Murray,Harold Ramis,"There's something fishy going on at the elitist Bushwood Country Club, and the scheming president of the clubhouse, Judge Elihu Smails, has something to do with it. But, the suave golf guru, Ty Webb, and the distasteful, filthy rich construction magnate, Al Czervik, are onto him. In the meantime, the young caddie, Danny Noonan, struggles to get his life back on track, and the only way to do it is by winning the demanding Caddie Day golf tournament; a prestigious competition that can earn him a scholarship from the judge himself. Now, war breaks out, and all bets are off. Will Danny ever make his dream come true? Does he know that a subterranean menace is threatening to put in jeopardy everyone's plans?",R,39918650.0,133841.0,0,0,0,1,United States,English,"lightning, sports, competition, underwear, golf, coming of age, class differences, explosion, country club, celebratory",Orion Pictures,,5.6464,6.585,1325,6000000.0,39846344.0,tt0080487,6.805
Now You See Me,7.2,51.0,50.0,115.0,2013.0,"Thriller, Crime, Mystery",Thriller,Crime,Mystery,Louis Leterrier,Jesse Eisenberg,Common,Mark Ruffalo,,Ed Solomon,Boaz Yakin,"Four magicians each answer a mysterious summons to an obscure address with secrets inside. A year later, they are the Four Horsemen, big time stage illusionists who climax their sold-out Las Vegas show with a bank apparently robbed for real. This puts F.B.I. Agents Dylan Rhodes and Interpol Agent Alma Dray on the case to find out how they did it. However, this mystery proves to be difficult to solve, even with the insights of professional illusion exposer Thaddeus Bradley. What follows is a bizarre investigation where nothing is what it seems to be, with illusions, dark secrets, and hidden agendas galore as all involved are reminded of a great truth in this puzzle: the closer you look, the less you see.",PG-13,117723989.0,765172.0,0,0,1,3,United States,English,"new york city, paris, france, escape, magic, bank, fbi, vault, new orleans, louisiana, investigation, heist",Summit Entertainment,K/O Paper Products,21.3286,7.326,16989,75000000.0,351723989.0,tt1670345,7.207
American Made,7.2,85.0,65.0,115.0,2017.0,"Crime, Action, Comedy, Drama, Thriller",Crime,Action,Comedy,Doug Liman,Tom Cruise,Domhnall Gleeson,Sarah Wright,,Gary Spinelli,,"Barry Seal was just an ordinary pilot who worked for TWA before he was recruited by the CIA in 1978. His work in South America eventually caught the eye of the Medellín Cartel, associated with Pablo Escobar, who needed a man with his skill set. Barry became a drug trafficker, gun smuggler and money launderer. Soon acquiring the title, 'The gringo that always delivers'.",R,51342000.0,231091.0,0,0,0,3,United States,English,"central intelligence agency (cia), drug smuggling, drug crime, money laundering, pilot, based on true story, drug cartel, illegal drugs, dea agent, 1980s",Universal Pictures,Cross Creek Pictures,12.8574,6.9,5067,50000000.0,133511855.0,tt3532216,6.205
No Country for Old Men,8.2,93.0,92.0,122.0,2007.0,"Thriller, Crime, Drama",Thriller,Crime,Drama,Coen Brothers,Tommy Lee Jones,Javier Bardem,Josh Brolin,,Joel Coen,Ethan Coen,"In rural Texas, welder and hunter Llewelyn Moss (Josh Brolin) discovers the remains of several drug runners who have all killed each other in an exchange gone violently wrong. Rather than report the discovery to the police, Moss decides to simply take the two million dollars present for himself. This puts the psychopathic killer, Anton Chigurh (Javier Bardem), on his trail as he dispassionately murders nearly every rival, bystander and even employer in his pursuit of his quarry and the money. As Moss desperately attempts to keep one step ahead, the blood from this hunt begins to flow behind him with relentlessly growing intensity as Chigurh closes in. Meanwhile, the laconic Sheriff Ed Tom Bell (Tommy Lee Jones) blithely oversees the investigation even as he struggles to face the sheer enormity of the crimes he is attempting to thwart.",R,74283625.0,1177271.0,4,0,165,139,United States,English,"vietnam veteran, sheriff, trailer park, based on novel or book, hitman, psychopath, drug trafficking, texas, motel, usa–mexico border",Miramax,Paramount Vantage,17.2577,7.948,13584,25000000.0,171627166.0,tt0477348,8.901
Road to Perdition,7.6,82.0,72.0,117.0,2002.0,"Thriller, Crime, Drama",Thriller,Crime,Drama,Sam Mendes,Tom Hanks,Tyler Hoechlin,Paul Newman,,Max Allan Collins,Richard Piers Rayner,"1931. Mike Sullivan and Connor Rooney are two henchmen of elderly downstate IL-based Irish-American mobster John Rooney, Connor's father. In many respects, John treats Mike more as his son, who he raised as his own after Mike was orphaned, than the volatile Connor, who nonetheless sees himself as the heir apparent to the family business. One evening, Mike's eldest son, twelve year old Michael Sullivan Jr., who has no idea what his father does for a living, witnesses Connor and his father gun down an associate and his men, the situation gone wrong initiated from an action by Connor. Caught witnessing the incident, Michael is sworn to secrecy about what he saw. Regardless, Connor, not wanting any loose ends, makes an attempt to kill Mike, his wife and their two sons. Mike and the surviving members of his family know that they need to go on the run as Connor, who has gone into hiding, will be protected through mob loyalty, especially by John, who cannot turn on his own flesh and blood. Still, Mike has to figure out a way for retribution for what Connor did, while still protecting him and his family, not only from Connor, but from John and his fellow associates. Through it all, Mike wants those in his family that had no say in what he chose as a living, to have some redemption for their eternal souls.",R,104454762.0,296515.0,1,0,23,82,United States,English,"hotel, farm, hitman, illinois, great depression, road trip, based on comic, revenge, organized crime, mafia",DreamWorks Pictures,20th Century Fox,8.8564,7.36,4068,80000000.0,181001478.0,tt0257044,9.404
Snatch,8.2,74.0,55.0,102.0,2000.0,"Comedy, Crime",Comedy,Crime,,Guy Ritchie,Jason Statham,Brad Pitt,Stephen Graham,,Guy Ritchie,,"Turkish and his close friend/accomplice Tommy get pulled into the world of match fixing by the notorious Brick Top. Things get complicated when the boxer they had lined up gets badly beaten by Mickey, who comes into the equation after Turkish, an unlicensed boxing promoter wants to buy a caravan off of Travellers. They then try to convince Mickey not only to fight for them, but to lose for them too. Whilst all this is going on, a huge diamond heist takes place, and a fistful of motley characters enter the story, including 'Cousin Avi', 'Boris The Blade', 'Franky Four Fingers' and 'Bullet Tooth Tony'. Things go from bad to worse as it all becomes about the money, the guns, and the damned dog.",R,30328156.0,976126.0,0,0,4,7,United Kingdom,English,"robbery, trailer park, england, gypsy, gambling, bare knuckle boxing, slang, diamond, antwerp, pig",Marv,,15.3048,7.827,10140,100000000.0,83557872.0,tt0208092,6.901
Draft Day,6.8,60.0,54.0,110.0,2014.0,"Drama, Sport",Drama,Sport,,Ivan Reitman,Kevin Costner,Chadwick Boseman,Jennifer Garner,,Scott Rothman,Rajiv Joseph,"It's draft day in the NFL, and as General Manager of the Cleveland Browns, Sonny is forced to come up with a big move. After trading for the number one pick, Sonny has to choose between a lower-ranked linebacker with a questionable past, or a celebrated quarterback with a questionable future. All the while, Sonny is walking in the footsteps of his father, and personal complications force their way to the surface.",PG-13,28842237.0,72673.0,0,0,0,1,United States,English,"sports, american football, cleveland, duringcreditsstinger, nfl (national football league), cleveland browns, draft day",Lionsgate,Summit Entertainment,5.7211,6.709,1018,25000000.0,28831145.0,tt2223990,8.304
Spider-Man,7.4,90.0,73.0,121.0,2002.0,"Adventure, Sci-Fi, Action",Adventure,Sci-Fi,Action,Sam Raimi,Tobey Maguire,Kirsten Dunst,Willem Dafoe,,Stan Lee,Steve Ditko,"Based on Marvel Comics' superhero character, this is a story of Peter Parker who is a nerdy high-schooler. He was orphaned as a child, bullied by jocks, and can't confess his crush for his stunning neighborhood girl Mary Jane Watson. To say his life is ""miserable"" is an understatement. But one day while on an excursion to a laboratory a runaway radioactive spider bites him... and his life changes in a way no one could have imagined. Peter acquires a muscle-bound physique, clear vision, ability to cling to surfaces and crawl over walls, shooting webs from his wrist ... but the fun isn't going to last. An eccentric millionaire Norman Osborn administers a performance enhancing drug on himself and his maniacal alter ego Green Goblin emerges. Now Peter Parker has to become Spider-Man and take Green Goblin to the task... or else Goblin will kill him. They come face to face and the war begins in which only one of them will survive at the end.",PG-13,408524875.0,958249.0,0,2,17,65,United States,English,"new york city, adolescence, photographer, loss of loved one, photography, secret identity, hostility, superhero, spider, bad boss",Marvel Enterprises,Laura Ziskin Productions,161.4745,7.3,21074,139000000.0,821708551.0,tt0145487,8.507
The Fall Guy,6.8,81.0,73.0,126.0,2024.0,"Action, Drama, Comedy, Romance",Action,Drama,Comedy,David Leitch,Ryan Gosling,Emily Blunt,Aaron Taylor-Johnson,,Glen A. Larson,Drew Pearce,"He's a stuntman, and like everyone in the stunt community, he gets blown up, shot, crashed, thrown through windows and dropped from the highest of heights, all for our entertainment. And now, fresh off an almost career-ending accident, this working-class hero has to track down a missing movie star, solve a conspiracy and try to win back the love of his life while still doing his day job. What could possibly go right?",PG-13,92900355.0,265359.0,0,0,25,48,Canada,English,"sydney, australia, movie business, stuntman, missing person, aftercreditsstinger, duringcreditsstinger, action comedy, based on tv series",87North Productions,Entertainment 360,21.89,6.952,3936,125000000.0,181073291.0,tt1684562,8.407
Terminator 2: Judgment Day,8.6,90.0,75.0,137.0,1991.0,"Adventure, Sci-Fi, Action",Adventure,Sci-Fi,Action,James Cameron,Arnold Schwarzenegger,Linda Hamilton,Edward Furlong,,James Cameron,William Wisher,"Over ten years have passed since the first machine called The Terminator tried to kill Sarah Connor and her unborn son, John. The man who will become the future leader of the human resistance against the Machines is now a healthy young boy. However, another Terminator, called the T-1000, is sent back through time by the self-aware computer system, Skynet. This new Terminator is more advanced and more powerful than its predecessor and its mission is to kill John Connor when he's still a child. However, Sarah and John do not have to face the threat of the T-1000 alone. Another Terminator (identical to the same model that tried and failed to kill Sarah Connor in 1984) is also sent back through time to protect them. While John teaches the Terminator about humanity, Sarah tries to prevent the creation of Skynet and the Machines.",R,205881154.0,1282391.0,4,0,39,33,United States,English,"man vs machine, artificial intelligence (a.i.), cyborg, shotgun, dystopia, moral ambiguity, post-apocalyptic future, villain, time travel, sequel",Carolco Pictures,Pacific Western,23.8024,8.161,14616,102000000.0,517778573.0,tt0103064,8.203
Ant-Man,7.2,83.0,64.0,117.0,2015.0,"Action, Sci-Fi, Comedy",Action,Sci-Fi,Comedy,Peyton Reed,Paul Rudd,Michael Douglas,Corey Stoll,,Edgar Wright,Joe Cornish,"Armed with the astonishing ability to shrink in scale but increase in strength, con-man Scott Lang must embrace his inner-hero and help his mentor, Dr. Hank Pym, protect the secret behind his spectacular Ant-Man suit from a new generation of towering threats. Against seemingly insurmountable obstacles, Pym and Lang must plan and pull off a heist that will save the world.",PG-13,180202163.0,778683.0,0,0,4,34,United States,English,"superhero, ant, master thief, shrinking, based on comic, heist, miniaturization, mentor protégé relationship, aftercreditsstinger, duringcreditsstinger",Marvel Studios,,32.2559,7.066,21071,130000000.0,519311965.0,tt0478970,7.206
Whiplash,8.5,94.0,89.0,106.0,2014.0,"Drama, Music",Drama,Music,,Damien Chazelle,Miles Teller,J.K. Simmons,Melissa Benoist,,Damien Chazelle,,"Nineteen year old Andrew Niemann wants to be the greatest jazz drummer in the world, in a league with Buddy Rich. This goal is despite not coming from a pedigree of greatest, musical or otherwise, with Jim, his high school teacher father, being a failed writer. Andrew is starting his first year at Shaffer Conservatory of Music, the best music school in the United States. At Shaffer, being the best means being accepted to study under Terence Fletcher and being asked to play in his studio band, which represents the school at jazz competitions. Based on their less than positive first meeting, Andrew is surprised that Fletcher asks him to join the band, albeit in the alternate drummer position which he is more than happy to do initially. Andrew quickly learns that Fletcher operates on fear and intimidation, never settling for what he considers less than the best each and every time. Being the best in Fletcher's mind does not only entail playing well, but knowing that you're playing well and if not what you're doing wrong. His modus operandi creates an atmosphere of fear and of every man or woman for him/herself within the band. Regardless, Andrew works hard to be the best. He has to figure out his life priorities and what he is willing to sacrifice to be the best. The other question becomes how much emotional abuse he will endure by Fletcher to reach that greatness, which he may believe he can only achieve with the avenues opened up by Fletcher.",R,14003391.0,1134459.0,3,0,100,144,United States,English,"new york city, jazz, musician, obsession, music teacher, conservatory, drums, montage, perfectionist, public humiliation",Bold Films,Blumhouse Productions,27.9273,8.375,16898,3300000.0,50307484.0,tt2582802,8.607
Tropic Thunder,7.1,82.0,71.0,107.0,2008.0,"Comedy, Action, War",Comedy,Action,War,Ben Stiller,Ben Stiller,Jack Black,Robert Downey Jr.,,Justin Theroux,Ben Stiller,"Action movie star Tugg Speedman is on the downslide of his professional career. He wants to be considered a serious actor, but his latest serious role as the title character in ""Simple Jack"" resulted in negative reviews and ridicule. Comedian Jeff Portnoy is best known for his leading roles in sophomoric comedies, and may be less well known for his rampant drug use. Five time Oscar winner Kirk Lazarus is a serious method actor, who immerses himself in whatever the role. On location in southeast Vietnam, they are the stars of ""Tropic Thunder"", based on Vietnam war veteran 'Four Leaf' Tayback's memoirs of his rescue during the war, that rescue which was considered a near suicide mission for the assigned army force and resulted in him losing both hands. For his role, Caucasian Australian Lazarus even went through a controversial surgical skin dying procedure so that he could convincingly play a black man. Production is not going well since rookie director Damien Cockburn is unable to control the prima-donna attitude of his three stars. Cockburn and Tayback decide that the five primary actors - Speedman, Portnoy, Lazarus, rapper Alpa Chino, and newcomer Kevin Sandusky - need to work together as a unit as did their real life characters. The five are placed in the middle of the jungle, and with only a map and their prop machine guns in hand, are asked to work together to battle through the stunt pyrotechnics in their way. What none of the seven of them know is that they have been dropped into a real life drug war led by the Flaming Dragons. It isn't until Speedman is captured by the Flaming Dragons and tortured that they all realize that what they believed was make believe gunfire and land mines was actually real life. As the four actors try to figure out what to do concerning Speedman's situation, all five go through their own journey of self-discovery. Meanwhile, the movie's megalomaniacal profanity spewing producer Les Grossman and Speedman's faithful agent Rick Peck argue about what to do about Speedman's situation. And Tayback inadvertently shows a little of his true self.",R,110515313.0,485373.0,0,1,10,47,United Kingdom,English,"vietnam, movie business, satire, parody, jungle, movie star, southeast asia, land mine, shackles, taunting",DreamWorks Pictures,Red Hour,13.3089,6.72,7099,92000000.0,195702811.0,tt0942385,8.206
Blade Runner 2049,8.0,88.0,81.0,164.0,2017.0,"Sci-Fi, Thriller, Action, Drama, Mystery",Sci-Fi,Thriller,Action,Denis Villeneuve,Harrison Ford,Ryan Gosling,Ana de Armas,,Hampton Fancher,Michael Green,"Thirty years after the events of Blade Runner (1982), a new Blade Runner, L.A.P.D. Officer ""K"" (Ryan Gosling), unearths a long-buried secret that has the potential to plunge what's left of society into chaos. K's discovery leads him on a quest to find Rick Deckard (Harrison Ford), a former L.A.P.D. Blade Runner, who has been missing for thirty years.",R,92071675.0,751317.0,2,0,100,164,Spain,English,"future, android, bounty hunter, artificial intelligence (a.i.), dystopia, sequel, cyberpunk, transhumanism, los angeles, california, las vegas",Alcon Entertainment,Columbia Pictures,30.2913,7.6,15443,150000000.0,259239658.0,tt1856101,5.803
Blade Runner,8.1,89.0,84.0,117.0,1982.0,"Thriller, Action, Drama, Sci-Fi",Thriller,Action,Drama,Ridley Scott,Harrison Ford,Rutger Hauer,Sean Young,,Hampton Fancher,David Webb Peoples,"In the early twenty-first century, the Tyrell Corporation, during what was called the Nexus phase, developed robots, called ""replicants"", that were supposed to aid society, the replicants which looked and acted like humans. When the superhuman generation Nexus 6 replicants, used for dangerous off-Earth endeavors, began a mutiny on an off-Earth colony, replicants became illegal on Earth. Police units, called ""blade runners"", have the job of destroying - or in their parlance ""retiring"" - any replicant that makes its way back to or created on Earth, with anyone convicted of aiding or assisting a replicant being sentenced to death. It's now November, 2019 in Los Angeles, California. Rick Deckard, a former blade runner, is called out of retirement when four known replicants, most combat models, have made their way back to Earth, with their leader being Roy Batty. One, Leon Kowalski, tried to infiltrate his way into the Tyrell Corporation as an employee, but has since been able to escape. Beyond following Leon's trail in hopes of finding and retiring them all, Deckard believes part of what will help him is figuring out what the replicants wanted with the Tyrell Corporation in trying to infiltrate it. The answer may lie with Tyrell's fail-safe backup mechanism. Beyond tracking the four, Deckard faces a possible dilemma in encountering a fifth replicant: Rachael, who works as Tyrell's assistant. The issue is that Dr. Elden Tyrell is experimenting with her, to provide her with fake memories so as to be able to better control her. With those memories, Rachael has no idea that she is not human. The problem is not only Rachael's assistance to Deckard, but that he is beginning to develop feelings for her.",R,32914489.0,876371.0,0,2,13,22,United States,English,"android, flying car, bounty hunter, artificial intelligence (a.i.), genetics, based on novel or book, dystopia, futuristic, fugitive, cyberpunk",Shaw Brothers,The Ladd Company,25.8486,7.934,15225,28000000.0,41722424.0,tt0083658,5.404
Avengers: Age of Ultron,7.3,75.0,66.0,141.0,2015.0,"Action, Adventure, Sci-Fi",Action,Adventure,Sci-Fi,Joss Whedon,Robert Downey Jr.,Chris Evans,Mark Ruffalo,,Joss Whedon,Stan Lee,"Tony Stark creates the Ultron Program to protect the world, but when the peacekeeping program becomes hostile, The Avengers go into action to try and defeat a virtually impossible enemy together. Earth's mightiest heroes must come together once again to protect the world from global extinction.",PG-13,459005868.0,998463.0,0,0,8,52,United States,English,"artificial intelligence (a.i.), saving the world, superhero, based on comic, sequel, vision, robot, superhero team, creator, super villain",Marvel Studios,,43.529,7.275,24763,235000000.0,1405403694.0,tt2395427,7.902
Warfare,7.1,92.0,78.0,95.0,2025.0,"War, Action, Drama",War,Action,Drama,Alex Garland,D'Pharaoh Woon-A-Tai,Will Poulter,Cosmo Jarvis,,Ray Mendoza,Alex Garland,"A platoon of Navy SEALs embark on a dangerous mission in Ramadi, Iraq, with the chaos and brotherhood of war retold through their memories of the event.",R,26000309.0,105413.0,0,0,7,26,United States,English,"u.s. navy seal, docudrama, iraq war, platoon, desert, behind enemy lines, real time, rookie, post 9/11, 2000s",DNA Films,A24,16.46,7.076,1553,20000000.0,34902602.0,tt31434639,6.303
Lone Survivor,7.5,75.0,60.0,121.0,2013.0,"Action, Drama, War, Biography",Action,Drama,War,Peter Berg,Mark Wahlberg,Taylor Kitsch,Emile Hirsch,,Peter Berg,Marcus Luttrell,"Marcus Luttrell, a Navy Seal, and his team set out on a mission to capture or kill notorious Taliban leader Ahmad Shah, in late June 2005. After running into mountain herders and capturing them, they were left with no choice but to follow their rules of engagement or be imprisoned. Now Marcus and his team are left to fight for their lives in one of the most valiant efforts of modern warfare.",R,125095601.0,323696.0,0,2,6,16,United Kingdom,English,"based on novel or book, fight, afghanistan, biography, based on true story, taliban, survival, u.s. navy seal, military, dangerous mission",EFO Films,Envision Entertainment,12.2948,7.432,4821,40000000.0,149295601.0,tt1091191,9.302
13 Hours,7.3,52.0,48.0,144.0,2016.0,"Drama, Action, War, Thriller, History",Drama,Action,War,Michael Bay,John Krasinski,Pablo Schreiber,James Badge Dale,,Chuck Hogan,Mitchell Zuckoff,"Libya, 2012. At an unofficial CIA base in Benghazi, a group of ex-military contractors are providing security. In the aftermath of Gaddafi's downfall, a power vacuum exists and the climate is volatile. Military weapons are freely available. The US Ambassador to Libya, Chris Stevens, makes a visit to the area, staying in a compound near the CIA base. On the night of 11 September, 2012, the Ambassador's compound is attacked by hordes of heavily armed locals; the only forces willing and able to defend it are six CIA contractors.",R,52853219.0,179569.0,0,1,0,5,Malta,English,"central intelligence agency (cia), based on novel or book, libya, assault rifle, grave, mercenary, heroism, biography, based on true story, explosion",Paramount Pictures,3 Arts Entertainment,13.4798,7.28,4019,50000000.0,69411370.0,tt4172430,9.202
Fury,7.6,75.0,64.0,134.0,2014.0,"Action, Drama, War",Action,Drama,War,David Ayer,Brad Pitt,Shia LaBeouf,Logan Lerman,,David Ayer,,"In April 1945, as the Allies make their final push in the European Theater, a battle-hardened Army sergeant named Wardaddy commands a five-man Sherman tank crew on a deadly mission behind enemy lines. Outnumbered, out-gunned, and with a rookie soldier thrust into their platoon, Wardaddy and his men face overwhelming odds in their heroic attempts to defend a field hospital from Waffen SS troops.",R,85817906.0,607560.0,0,0,6,23,United States,English,"hero, nazi, ambush, bravery, world war ii, heroism, tank, europe, execution, battle",Columbia Pictures,QED International,30.4961,7.546,13108,68000000.0,211817906.0,tt2713180,9.401
The Wolf of Wall Street,8.2,79.0,75.0,180.0,2013.0,"Crime, Drama, Biography, Comedy",Crime,Drama,Biography,Martin Scorsese,Leonardo DiCaprio,Jonah Hill,Margot Robbie,,Terence Winter,Jordan Belfort,"Jordan Belfort (DiCaprio) is Long Island penny stockbroker who serves almost two years in prison for refusing to co-operate in a huge 1990s securities fraud case that involved widespread corruption on Wall Street and in the corporate banking world, including mob infiltration.",R,116900694.0,1784314.0,0,5,38,180,United States,English,"corruption, based on novel or book, drug addiction, anti hero, con man, fraud, wall street, biography, based on true story, rise and fall",Red Granite Pictures,Appian Way,30.8129,8.026,26268,100000000.0,407038432.0,tt0993846,9.402
GoodFellas,8.7,93.0,92.0,145.0,1990.0,"Biography, Crime, Drama",Biography,Crime,Drama,Martin Scorsese,Robert De Niro,Ray Liotta,Joe Pesci,,Nicholas Pileggi,Martin Scorsese,"Henry Hill recounts his life in the mob, from his teenage years to his eventual downfall. Immersed in organized crime, he experiences wealth, power, and violence alongside friends Jimmy Conway and Tommy DeVito. The film blends crime, drama, and dark humor, exploring loyalty, ambition, betrayal, and the consequences of criminal life. Themes of family, morality, and the fleeting nature of power underpin the story.",R,46909721.0,1388009.0,1,0,44,38,United States,English,"prison, florida, new york city, based on novel or book, gangster, mass murder, drug trafficking, 1970s, irish-american, gore",Winkler Films,Warner Bros. Pictures,22.8623,8.451,14594,25000000.0,47072327.0,tt0099685,9.502
Pulp Fiction,8.8,92.0,95.0,154.0,1994.0,"Crime, Drama",Crime,Drama,,Quentin Tarantino,John Travolta,Uma Thurman,Samuel L. Jackson,,Quentin Tarantino,Roger Avary,"Jules Winnfield (Samuel L. Jackson) and Vincent Vega (John Travolta) are two hitmen who are out to retrieve a suitcase stolen from their employer, mob boss Marsellus Wallace (Ving Rhames). Wallace has also asked Vincent to take his wife Mia (Uma Thurman) out a few days later when Wallace himself will be out of town. Butch Coolidge (Bruce Willis) is an aging boxer who is paid by Wallace to lose his fight. The lives of these seemingly unrelated people are woven together comprising of a series of funny, bizarre and uncalled-for incidents.",R,107928762.0,2431656.0,1,0,69,72,United States,English,"drug dealer, drug crime, gangster, dark comedy, stolen money, crime boss, redemption, los angeles, california, theft, couple",Miramax,A Band Apart,37.0975,8.481,30601,8000000.0,213928762.0,tt0110912,9.301
Interstellar,8.7,73.0,74.0,169.0,2014.0,"Sci-Fi, Adventure, Drama",Sci-Fi,Adventure,Drama,Christopher Nolan,Matthew McConaughey,Anne Hathaway,Jessica Chastain,,Jonathan Nolan,Christopher Nolan,"In the near future around the American Midwest, Cooper, an ex-science engineer and pilot, is tied to his farming land with his daughter Murph and son Tom. As devastating sandstorms ravage Earth's crops, the people of Earth realize their life here is coming to an end as food begins to run out. Eventually stumbling upon a N.A.S.A. base 6 hours from Cooper's home, he is asked to go on a daring mission with a few other scientists into a wormhole because of Cooper's scientific intellect and ability to pilot aircraft unlike the other crew members. In order to find a new home while Earth decays, Cooper must decide to either stay, or risk never seeing his children again in order to save the human race by finding another habitable planet.",PG-13,203227580.0,2516752.0,1,0,45,148,United States,English,"spacecraft, race against time, artificial intelligence (a.i.), nasa, time warp, dystopia, expedition, time travel, space travel, wormhole",Legendary Pictures,Syncopy,70.0224,8.484,40680,165000000.0,746606706.0,tt0816692,9.501
The Martian,8.0,91.0,80.0,144.0,2015.0,"Sci-Fi, Adventure, Drama",Sci-Fi,Adventure,Drama,Ridley Scott,Matt Damon,Jessica Chastain,Kristen Wiig,,Drew Goddard,Andy Weir,"During a manned mission to Mars, Astronaut Mark Watney is presumed dead after a fierce storm and left behind by his crew. But Watney has survived and finds himself stranded and alone on the hostile planet. With only meager supplies, he must draw upon his ingenuity, wit and spirit to subsist and find a way to signal to Earth that he is alive. Millions of miles away, NASA and a team of international scientists work tirelessly to bring ""the Martian"" home, while his crewmates concurrently plot a daring, if not impossible, rescue mission. As these stories of incredible bravery unfold, the world comes together to root for Watney's safe return.",PG-13,228433663.0,999128.0,0,7,40,199,United States,English,"spacecraft, planet mars, based on novel or book, nasa, isolation, botanist, survival, space, engineering, stranded",Genre Films,TSG Entertainment,30.5326,7.706,21599,108000000.0,631058917.0,tt3659388,9.303
Kill Bill: The Whole Bloody Affair,8.7,100.0,95.0,253.0,2004.0,"Action, Crime, Thriller",Action,Crime,Thriller,Quentin Tarantino,Vivica A. Fox,Ambrosia Kelley,Michael Parks,,Quentin Tarantino,Uma Thurman,"A young woman is shot and left for dead at her wedding. Her entire wedding party is massacred in cold blood. After four years in a coma she awakes and systematically sets out to wreak revenge on the people responsible, especially their leader, Bill.",Not Rated,6002538.0,36729.0,0,0,0,0,United States,English,"martial arts, kung fu, assassin, mass murder, yakuza, feminism, secret society, buried alive, okinawa, revenge",Miramax,A Band Apart,13.6777,8.114,1377,60000000.0,12338649.0,tt6019206,
Spider-Man 3,6.3,62.0,59.0,139.0,2007.0,"Action, Sci-Fi, Adventure",Action,Sci-Fi,Adventure,Sam Raimi,Tobey Maguire,Kirsten Dunst,Topher Grace,,Sam Raimi,Ivan Raimi,"Peter Parker has finally managed to piece together the once-broken parts of his life, maintaining a balance between his relationship with Mary-Jane and his responsibility as Spider-Man. But more challenges arise for our young hero. Peter's old friend Harry Obsourne has set out for revenge against Peter; taking up the mantle of his late father's persona as The New Goblin, and Peter must also capture Uncle Ben's real killer, Flint Marko, who has been transformed into his toughest foe yet, the Sandman. All hope seems lost when suddenly Peter's suit turns jet-black and greatly amplifies his powers. But it also begins to greatly amplify the much darker qualities of Peter's personality that he begins to lose himself to. Peter has to reach deep inside himself to free the compassionate hero he used to be if he is to ever conquer the darkness within and face not only his greatest enemies, but also...himself.",PG-13,338032318.0,692051.0,0,0,4,44,United States,English,"amnesia, dual identity, love of one's life, loss of loved one, forgiveness, hostility, superhero, sandstorm, spider, wretch",Laura Ziskin Productions,Marvel Studios,72.3313,6.471,15513,258000000.0,894983373.0,tt0413300,6.603
Rush Hour,7.1,62.0,61.0,98.0,1998.0,"Thriller, Crime, Comedy, Action",Thriller,Crime,Comedy,Brett Ratner,Jackie Chan,Chris Tucker,Ken Leung,,Ross LaManna,Jim Kouf,"Cultures clash and tempers flares as the two cops named Detective Inspector Lee a Hong Kong Detective and Detective James Carter FBI, a big-mouthed work-alone Los Angeles cop who are from different worlds discovers one thing in common: they can't stand each other. With time running out, they must join forces to catch the criminals and save the eleven-year-old Chinese girl of the Chinese consul named Soo Yung.",PG-13,141186864.0,325702.0,0,0,6,9,United States,English,"martial arts, fbi, two man army, chinese mafia, cop, los angeles, california, east asian lead, buddy cop, consul, crime lord",New Line Cinema,Arthur Sarkissian Productions,16.2224,7.081,5800,33000000.0,244721064.0,tt0120812,6.502
Green Zone,6.8,53.0,63.0,115.0,2010.0,"Drama, War, Action, Thriller",Drama,War,Action,Paul Greengrass,Matt Damon,Jason Isaacs,Greg Kinnear,,Brian Helgeland,Rajiv Chandrasekaran,"Following the American invasion of Iraq in 2003 Chief Warrant Officer Roy Miller and his men are charged with finding the so-called weapons of mass destruction, whose existence justified American involvement, according to the Pentagon and their man in Baghdad, Poundstone. Veteran CIA operative Marty tells Miller that there are no weapons, it is a deception to allow the Americans to take over the country and install a puppet leader. Also suspicious of Poundstone is Wall Street Journal reporter Lawrie Dayne, who lets slip to Miller that Poundstone told her he had secret talks in Jordan with an important Iraqi, code-named Magellan, who told him about the weapons, though it now seems likely Magellan's true information was to the contrary. So begins a hunt for the truth. Who's playing whom?",R,35053660.0,146910.0,0,0,0,6,United Kingdom,English,"conspiracy, soldier, iraq war, weapon of mass destruction, baghdad, iraqi , near east",Universal Pictures,StudioCanal,6.4702,6.485,2421,100000000.0,94882889.0,tt0947810,6.503
The Usual Suspects,8.5,87.0,76.0,106.0,1995.0,"Drama, Crime, Mystery, Thriller",Drama,Crime,Mystery,Bryan Singer,Kevin Spacey,Gabriel Byrne,Chazz Palminteri,,Christopher McQuarrie,,"Following a truck hijack in New York, five criminals are arrested and brought together for questioning. As none of them are guilty, they plan a revenge operation against the police. The operation goes well, but then the influence of a legendary mastermind criminal called Keyser Söze is felt. It becomes clear that each one of them has wronged Söze at some point and must pay back now. The payback job leaves 27 men dead in a boat explosion, but the real question arises now: Who actually is Keyser Söze?",R,23341568.0,1236455.0,2,0,37,17,United States,English,"new york city, robbery, relatives, heist, flashback, police corruption, whodunit, los angeles, california, theft, criminal",Bad Hat Harry Productions,Blue Parrot Productions,16.5576,8.165,11594,6000000.0,23300000.0,tt0114814,6.504
Mission: Impossible III,6.9,73.0,66.0,126.0,2006.0,"Action, Adventure, Thriller",Action,Adventure,Thriller,J.J. Abrams,Tom Cruise,Michelle Monaghan,Ving Rhames,,Alex Kurtzman,Roberto Orci,"A man named Owen Davian kills an IMF agent that was sent undercover by the legendary Ethan Hunt, who has retired from combat missions. Hunt now has a fiancé, Julia, who believes that he works for the traffic department when he really trains younger IMF agents to go into combat. He is assigned to his last mission. His mission, should he choose to accept it is to capture Davian, who is selling a toxic weapon called the rabbits foot. But Davian is reckless, cruel, and deadly. He promises Hunt that he will find Julia, hurt her, and Ethan will be too dead to help her. The mission is no more different to others, its dangerous, smart, and impossible; but now it's personal.",PG-13,134029801.0,424323.0,0,0,7,14,Italy,English,"mask, mission, berlin, germany, central intelligence agency (cia), computer, the white house, shanghai, china, funeral, explosive, secret mission",Paramount Pictures,Cruise/Wagner Productions,13.7331,6.767,7743,150000000.0,398479497.0,tt0317919,6.701
Thor,7.0,77.0,57.0,115.0,2011.0,"Action, Fantasy",Action,Fantasy,,Kenneth Branagh,Chris Hemsworth,Anthony Hopkins,Natalie Portman,,Ashley E. Miller,Zack Stentz,"The warrior Thor (Chris Hemsworth) is cast out of the fantastic realm of Asgard by his father Odin (Sir Anthony Hopkins) for his arrogance and sent to Earth to live amongst humans. Falling in love with scientist Jane Foster (Natalie Portman) teaches Thor much-needed lessons, and his new-found strength comes into play as a villain from his homeland sends dark forces toward Earth.",PG-13,181030624.0,963947.0,0,0,5,30,United States,English,"new mexico, superhero, redemption, banishment, based on comic, brother against brother, norse mythology, aftercreditsstinger, marvel cinematic universe (mcu), worlds collide",Marvel Studios,Marvel Entertainment,28.4159,6.771,22596,150000000.0,449326618.0,tt0800369,6.501
The Bourne Supremacy,7.7,81.0,73.0,108.0,2004.0,"Thriller, Action, Mystery",Thriller,Action,Mystery,Paul Greengrass,Matt Damon,Franka Potente,Joan Allen,,Robert Ludlum,Tony Gilroy,"Two years ago, Jason Bourne thought he had walked away from his past. But now the past catches up to Jason Bourne when the CIA threatens to ruin his new life. Bourne and Marie have maintained their anonymous, underground existence at the cost of permanence. Fueled by splintered nightmares and haunted by the past he cannot remember, Bourne moves Marie from city to city, trying to remain one step ahead of the threat implicit in every unexplained stranger's glance, every ""wrong number"" phone call--that at any second, without any warning, he might get pulled back into the world he hopes he left behind.",PG-13,176241941.0,510436.0,0,0,5,22,United States,English,"sniper, assassin, berlin, germany, amnesia, based on novel or book, espionage, lie, sequel, on the run, shootout",Universal Pictures,The Kennedy/Marshall Company,10.3778,7.334,8291,75000000.0,288500217.0,tt0372183,6.604
Major League,7.3,83.0,62.0,107.0,1989.0,"Sport, Comedy",Sport,Comedy,,David S. Ward,Tom Berenger,Charlie Sheen,Corbin Bernsen,,David S. Ward,,"Rachel Phelps is the new owner of the Cleveland Indians baseball team. However, her plans for the team are rather nefarious. She wants to move the team to Miami for the warmer climate and a new stadium. To justify the move, the team has to lose, and lose badly. So she assembles the worst possible team she can. Among these are a past-his-prime catcher with bad knees, a shrewd but past-his-prime pitcher, a young tearaway pitcher (and felon) with a 100 mph fastball but absolutely no control, a third baseman who is too wealthy and precious to dive, a voodoo-loving slugger who can't hit a curve ball and an energetic-but-naive lead off hitter and base-stealer who can't keep the ball on the ground. Against the odds, and after the inevitable initial failures, they iron out some of their faults and start to win, much to Ms Phelps' consternation.",R,49797148.0,80663.0,0,0,0,1,United States,English,"sports, baseball, sabotage, sombrero, baseball field, hard hat, professional sports, comic strip, hot dog, voodoo ritual",Mirage Enterprises,Morgan Creek Entertainment,5.3038,6.898,898,11000000.0,75000000.0,tt0097815,6.605
Superbad,7.6,88.0,76.0,113.0,2007.0,Comedy,Comedy,,,Greg Mottola,Michael Cera,Jonah Hill,Christopher Mintz-Plasse,,Seth Rogen,Evan Goldberg,"Seth and Evan are best friends, inseparable, navigating the last weeks of high school. Usually shunned by the popular kids, Seth and Evan luck into an invitation to a party, and spend a long day, with the help of their nerdy friend Fogell, trying to score enough alcohol to lubricate the party and inebriate two girls, Jules and Becca, so they can kick-start their sex lives and go off to college with a summer full of experience and new skills. Their quest is complicated by Fogell's falling in with two inept cops who both slow and assist the plan. If they do get the liquor to the party, what then? Is sex the only rite of passage at hand?",R,121463226.0,687483.0,0,0,11,24,United States,English,"high school, police, alcohol, chaos, nerd, coming of age, school, los angeles, california, drugs, buddy",Columbia Pictures,Apatow Productions,18.3877,7.269,8247,20000000.0,170800000.0,tt0829482,6.906
Mission: Impossible II,6.1,,59.0,123.0,2000.0,"Adventure, Thriller, Action",Adventure,Thriller,Action,John Woo,Tom Cruise,Dougray Scott,Thandiwe Newton,,Bruce Geller,Ronald D. Moore,"Chimera is a deadly virus that will bear a grisly death unless you are given the antidote. The creator of Chimera is murdered and the antidote is stolen by a disavowed I.M.F. Agent, Sean Ambrose (Dougray Scott). The Impossible Mission Force, (I.M.F.), hire the skilled and charming Ethan Hunt (Tom Cruise), and the beautiful Nyah Hall (Thandie Newton), who has had her share with Ambrose. Their mission, should they choose to accept it, is to send Hall undercover to Ambrose and learn what she can for Hunt to bring down Chimera, but they will have to break into a secure lab by jumping off of buildings and dodging bullets. Its impossible.",PG-13,215409889.0,413413.0,0,0,12,20,Germany,English,"dying and death, mask, island, central intelligence agency (cia), helicopter, computer, spain, undercover, skyscraper, secret mission",Paramount Pictures,Cruise/Wagner Productions,12.0484,6.143,7700,125000000.0,546388108.0,tt0120755,6.806
Ted 2,6.3,45.0,48.0,115.0,2015.0,Comedy,Comedy,,,Seth MacFarlane,Mark Wahlberg,Seth MacFarlane,Amanda Seyfried,,Seth MacFarlane,Alec Sulkin,"Months after John's divorce, Ted and Tami-Lynn's marriage seems to be on the same road. To patch things up, Ted and Tami-Lynn plan to have a child with John's help, but their failed efforts backfire disastrously. Namely, Ted is declared property by the government, and he loses all of his civil rights. Now, Ted must fight a seemingly hopeless legal battle with an inexperienced young lawyer to regain his rightful legal status. Unfortunately, between Ted's drunken idiocies and sinister forces interested in this situation to exploit him, Ted's quest has all the odds against him.",R,81476385.0,258061.0,0,0,3,4,United States,English,"sperm bank, sequel, buddy, courthouse, teddy bear, aftercreditsstinger, toy comes to life, provocative, high concept comedy",Smart Entertainment,Universal Pictures,22.1402,6.324,8087,68000000.0,215863606.0,tt2637276,6.704
D2: The Mighty Ducks,6.1,20.0,,106.0,1994.0,"Sport, Drama, Comedy, Family",Sport,Drama,Comedy,Sam Weisman,Emilio Estevez,Kathryn Erbe,Michael Tucker,,Steven Brill,,"Gordon Bombay is forced to withdraw from the minor hockey league with a knee injury. Much to his surprise, he is given the job of coach of Team USA Hockey for the Junior Goodwill Games in California. With most of the Ducks and a few new players in tow, he sets forth for LA. All appears to be going well for a while, but the hype of Hollywood starts to get to Gordon, and he is distracted when Iceland, the favourites to win the title, appear on the scene.",PG,45610410.0,44720.0,0,0,0,0,United States,English,"sports, competition, adversary, ice hockey, nostalgic, kids' sports team, excited",Walt Disney Pictures,Avnet/Kerner Productions,4.2643,6.217,666,,45610410.0,tt0109520,6.707
The Internship,6.3,34.0,42.0,119.0,2013.0,Comedy,Comedy,,,Shawn Levy,Vince Vaughn,Owen Wilson,Rose Byrne,,Vince Vaughn,Jared Stern,"Billy (Vince Vaughn) and Nick (Owen Wilson) are salesmen whose careers have been torpedoed by the digital world. Trying to prove they are not obsolete, they defy the odds by talking their way into a coveted internship at Google, along with a battalion of brilliant college students. But, gaining entrance to this utopia is only half the battle. Now they must compete with a group of the nation's most elite, tech-savvy geniuses to prove that necessity really is the mother of re-invention.",PG-13,44672764.0,226022.0,0,0,0,2,United States,English,"friendship, california, competition, job interview, mattress shop, silicon valley, rivalry, fish out of water, dating, loss of job",TSG Entertainment,Regency Enterprises,0.6964,6.24,4531,58000000.0,93500000.0,tt2234155,6.702
Zero Dark Thirty,7.4,91.0,95.0,157.0,2012.0,"Thriller, Drama, History",Thriller,Drama,History,Kathryn Bigelow,Jessica Chastain,Joel Edgerton,Chris Pratt,,Mark Boal,,"Maya is a CIA operative whose first experience is in the interrogation of prisoners following the Al Qaeda attacks against the U.S. on the 11th September 2001. She is a reluctant participant in extreme duress applied to the detainees, but believes that the truth may only be obtained through such tactics. For several years, she is single-minded in her pursuit of leads to uncover the whereabouts of Al Qaeda's leader, Osama Bin Laden. Finally, in 2011, it appears that her work will pay off, and a U.S. Navy SEAL team is sent to kill or capture Bin Laden. But only Maya is confident Bin Laden is where she says he is.",R,95720716.0,341117.0,1,0,85,174,United States,English,"hotel, van, mossad, central intelligence agency (cia), assassination, prisoner, car dealer, iraq, pakistan, f word",Annapurna Pictures,First Light,9.3999,6.992,4952,40000000.0,132800000.0,tt1790885,6.705
Friday Night Lights,7.2,82.0,70.0,118.0,2004.0,"Drama, Sport, Action",Drama,Sport,Action,Peter Berg,Billy Bob Thornton,Jay Hernandez,Derek Luke,,Buzz Bissinger,David Aaron Cohen,"Odessa, Texas, is a small, town in Texas. Racially divided and economically dying, there is one night that gives the town something to live for: Friday Night. The Permian Panthers have a big winning tradition in Texas high school football, led by QB Mike Winchell and superstar tailback Boobie Miles, but all is not well, as Boobie suffers a career-ending injury in the first game of the season. Hope is lost among citizens in Odessa, and for the team, but Coach Gary Gaines, who believes that ""Perfection is being able to look your friends in the eye and know you did everything you could not to let them down"", is somehow able to help the team rise up from the ashes and make a huge season comeback. Now on their way to state, the Panthers must go out and be perfect, because they may never matter this much for the rest of their lives.",PG-13,61255921.0,70489.0,0,0,2,5,United States,English,"high school, based on novel or book, sports, american football, texas, comeback, based on true story, coach, racism, sport",Imagine Entertainment,Friday Night Lights,3.3318,6.9,640,30000000.0,61255921.0,tt0390022,6.706
Guardians of the Galaxy: Vol. 2,7.6,85.0,67.0,136.0,2017.0,"Action, Sci-Fi, Adventure, Comedy, Fantasy, Music",Action,Sci-Fi,Adventure,James Gunn,Chris Pratt,Zoe Saldaña,Dave Bautista,,James Gunn,Dan Abnett,"After saving Xandar from Ronan's wrath, the Guardians are now recognized as heroes. Now the team must help their leader, Star Lord, uncover the truth behind his true heritage. Along the way, old foes turn to allies and betrayal is blooming. And the Guardians find they are up against a devastating new menace who is out to rule the galaxy.",PG-13,389813101.0,828114.0,0,1,15,62,United States,English,"hero, superhero, based on comic, sequel, alien, space, aftercreditsstinger, duringcreditsstinger, marvel cinematic universe (mcu), father son relationship",Marvel Studios,,33.2288,7.61,23206,200000000.0,863756051.0,tt3896198,6.606
The Nice Guys,7.4,91.0,70.0,116.0,2016.0,"Thriller, Crime, Comedy, Action, Mystery",Thriller,Crime,Comedy,Shane Black,Russell Crowe,Ryan Gosling,Angourie Rice,,Shane Black,Anthony Bagarozzi,"Set against the backdrop of 1977 Los Angeles, The Nice Guys opens when single father and licensed PI Holland March (Gosling) is hired to investigate the apparent suicide of famous porn star Misty Mountains. As the trail leads him to track down a girl named Amelia (Qualley), he encounters less licensed and less hands-off private eye Jackson Healey (Russell Crowe) and his brass knuckles, both hired by the young hippie. However, the situation takes a turn for the worse when Amelia vanishes and it becomes apparent that March wasn't the only party interested. As both men are forced to team up, they'll have to take on a world filled with eccentric goons, strippers dressed as mermaids and even a possible government conspiracy.",R,36261763.0,410135.0,0,0,9,34,United Kingdom,English,"daughter, detective, 1970s, investigation, alcoholism, private investigator, conspiracy, whodunit, alcoholic, buddy cop",Silver Pictures,Waypoint Entertainment,14.468,7.133,8798,50000000.0,71261763.0,tt3799694,8.405
Guardians of the Galaxy,8.0,91.0,76.0,121.0,2014.0,"Sci-Fi, Action, Adventure, Comedy",Sci-Fi,Action,Adventure,James Gunn,Chris Pratt,Vin Diesel,Bradley Cooper,,James Gunn,Nicole Perlman,"After stealing a mysterious orb in the far reaches of outer space, Peter Quill from Earth is now the main target of a manhunt led by the villain known as Ronan the Accuser. To help fight Ronan and his team and save the galaxy from his power, Quill creates a team of space heroes known as the ""Guardians of the Galaxy"" to save the galaxy.",PG-13,333718600.0,1362435.0,0,2,52,103,United States,English,"spacecraft, based on comic, space, orphan, adventurer, aftercreditsstinger, duringcreditsstinger, marvel cinematic universe (mcu)",Marvel Studios,,20.3784,7.907,30054,170000000.0,772776600.0,tt2015381,7.101
Captain America: The Winter Soldier,7.7,90.0,70.0,136.0,2014.0,"Action, Adventure, Sci-Fi, Thriller",Action,Adventure,Sci-Fi,Russo Brothers,Chris Evans,Samuel L. Jackson,Scarlett Johansson,,Christopher Markus,Stephen McFeely,"For Steve Rogers, awakening after decades of suspended animation involves more than catching up on pop culture; it also means that this old school idealist must face a world of subtler threats and difficult moral complexities. That becomes clear when Director Nick Fury is killed by the mysterious assassin, the Winter Soldier, but not before warning Rogers that SHIELD has been subverted by its enemies. When Rogers acts on Fury's warning to trust no one there, he is branded as a traitor by the organization. Now a fugitive, Captain America must get to the bottom of this deadly mystery with the help of the Black Widow and his new friend, The Falcon. However, the battle will be costly for the Sentinel of Liberty, with Rogers finding enemies where he least expects them while learning that the Winter Soldier looks disturbingly familiar.",PG-13,259766572.0,970692.0,0,1,5,52,United States,English,"washington dc, usa, superhero, based on comic, sequel, super soldier, aftercreditsstinger, duringcreditsstinger, marvel cinematic universe (mcu), political thriller",Marvel Studios,,20.6149,7.655,20266,170000000.0,714766572.0,tt1843866,7.701
Drive,7.8,93.0,79.0,100.0,2011.0,"Drama, Action",Drama,Action,,Nicolas Winding Refn,Ryan Gosling,Carey Mulligan,Bryan Cranston,,Hossein Amini,James Sallis,"This action drama follows a mysterious man who has multiple jobs as a garage mechanic, a Hollywood stuntman and a getaway driver seems to be trying to escape his shady past as he falls for his neighbor - whose husband is in prison and who's looking after her child alone. Meanwhile, his garage mechanic boss is trying to set up a race team using gangland money, which implicates our driver as he is to be used as the race team's main driver. Our hero gets more than he bargained for when he meets the man who is married to the woman he loves.",R,35061555.0,761197.0,0,1,79,180,United States,English,"robbery, car mechanic, stuntman, beaten to death, revenge, organized crime, neighbor, police chase, los angeles, california, brutality",FilmDistrict,Bold Films,16.3824,7.583,13836,15000000.0,79713640.0,tt0780504,8.105
Slap Shot,7.2,87.0,61.0,123.0,1977.0,"Drama, Sport, Comedy",Drama,Sport,Comedy,George Roy Hill,Paul Newman,Michael Ontkean,Strother Martin,,Nancy Dowd,,"Located in the US Rust Belt, Charlestown is home of the hapless Chiefs, a losing Federal League hockey team whose games are poorly attended. To make money, the team's unknown owner makes its manager, Joe McGrath, do cheesy publicity much to the players' chagrin. Rumors abound among the players that if the local mill closes, the team will fold. Just before the official announcement is made, the team's aging player/coach, Reggie Dunlop, does get wind that the mill is indeed closing and that this season will be the team's last. Beyond efforts to reconcile with his wife Francine, who loves Reggie but doesn't love his career, Reggie begins to focus on how to renew interest in the team for a possible sale as he knows if the team folds, his hockey career is over. Without telling anyone of his plan, he begins a rumor that the owner is negotiating a sale with a city in Florida. He also decides that ""goon"" hockey - most especially using the untapped talents of the recently acquired childlike but quietly menacing Hanson brothers - is the way to renew local interest. It works as the team begins to attract new fans, sell out games, sell out away games attended largely by their groupies, and win, which does fuel the rumor of a sale. The one team member who doesn't like this new style is Ned Braden, a college graduate who plays the game solely because he loves it. His hockey career is against the wishes of his tomboyish wife, Lily, who hates everything about Charlestown and being a hockey wife. Reggie's goal of winning the league championship and having the team sold takes a turn when he finally meets the team's owner and discovers the owner's motivations. Ned, with his own views of what is right and wrong in hockey, may come up with an unexpected way to achieve all their goals.",R,28000000.0,43512.0,0,0,1,3,United States,English,"small town, sports, pennsylvania, usa, ice hockey, team owner",Universal Pictures,,3.9512,6.757,455,6000000.0,28000000.0,tt0076723,1.5
Just Go with It,6.4,20.0,33.0,117.0,2011.0,"Comedy, Romance",Comedy,Romance,,Dennis Dugan,Adam Sandler,Jennifer Aniston,Brooklyn Decker,,Allan Loeb,Timothy Dowling,"Danny (Adam Sandler) must engage Katherine (Jennifer Aniston), his faithful assistant, to pretend to be his soon to be ex-wife. Danny must pretend that he is married, because he lied to his dream girl, Palmer (Brooklyn Decker) the most gorgeous woman in the world. To keep the woman he loves, covering up one lie soon turns into many lies.",PG-13,103028109.0,289427.0,0,0,5,13,United States,English,"friendship, hawaii, assistant, plastic surgery, romcom, waterfall, falling in love, older man younger woman relationship, young woman, family vacation",Columbia Pictures,Happy Madison Productions,15.602,6.705,6189,80000000.0,214945591.0,tt1564367,1.8
Daddy's Home,6.2,30.0,42.0,96.0,2015.0,"Comedy, Family",Comedy,Family,,Sean Anders,Will Ferrell,Mark Wahlberg,Linda Cardellini,,Brian Burns,Sean Anders,"Stepfather Brad Whitaker is hoping for his stepchildren to love him and treat him like a dad. All is going well until the biological father, Dusty Mayron, shows up, then everything takes a toll. His stepchildren start putting him second and their father first, and now Dusty will have to learn that being a good dad is about pains and struggles. Brad will also experience once again what it's like to be a stepdad.",PG-13,150357137.0,138482.0,0,0,1,4,United States,English,"parent child relationship, father, stepfather, family relationships, rivalry, family, estranged father, father son relationship, father daughter relationship, paternal conflict",Paramount Pictures,Gary Sanchez Productions,9.5593,6.291,3477,50000000.0,242786137.0,tt1528854,2.7
Watchmen,7.6,64.0,56.0,162.0,2009.0,"Sci-Fi, Action, Mystery, Drama",Sci-Fi,Action,Mystery,Zack Snyder,Jackie Earle Haley,Patrick Wilson,Carla Gugino,,Dave Gibbons,David Hayter,"It's 1985 in an alternate reality. The Watchmen - comprised of the Comedian, Dr. Manhattan, Nite Owl II, Ozymandias, Rorschach and Silk Spectre II - are a disparate band of masked superheroes, modeled after the Minutemen, who were masked superheroes of a generation earlier, most of who are dead or afflicted by the ravages of life. The Comedian belongs to both groups. Despite the activities of the Watchmen leading to the west winning the Vietnam War which in turn has kept Richard Nixon in the White House, Nixon has now outlawed masks, resulting in the Watchmen disbanding and going into retirement, most hiding their Watchmen past under their human identities. However, the Comedian, in his human persona of Eddie Blake, and Dr. Manhattan - former physicist Jon Osterman who obtained his superhero powers through a scientific accident which almost killed him - now work for the government. Dr. Manhattan's powers in particular have kept a watch over nuclear proliferation, as he is able to stop any nuclear attack. Regardless, the Cold War is at its height with recent Soviet posturing regarding nuclear bomb buildup. In her human persona of Laurie Jupiter, Silk Spectre II is Dr. Manhattan's assistant and lover, as much as they can be in Dr. Manhattan's now non-human state. Meanwhile, Ozymandias has come out to the world as wealthy genius Adrian Veidt, capitalizing on his Ozymandias identity to better the world, and Rorschach continues to work as a vigilante, although one wanted by the law despite he the reason that many criminals are behind bars. When Blake is murdered, Rorschach, as the only one still on the streets, believes the murderer is out to kill all the Watchmen, despite any number of people wanting to kill the Comedian for being a misogynist. Evidence points to it perhaps having something to do with an imminent attempt of nuclear annihilation. Rorschach has to convince his colleagues, who he has not seen since their superhero days, of the validity of his theory for them to come out of retirement, which is no easy task. If they do, which will require them to overcome external forces which seem to be conspiring against them, they will have to discover both who killed the Comedian and why before they befall the same fate as him and/or before the mastermind is able to exact his larger grand plan.",R,107509799.0,608552.0,0,0,12,24,United States,English,"usa president, nuclear war, mass murder, secret identity, narration, soviet union, melancholy, retirement, based on comic, conspiracy",Warner Bros. Pictures,Paramount Pictures,11.6052,7.355,10151,130000000.0,185258983.0,tt0409459,3.5
St. Vincent,7.2,78.0,64.0,102.0,2014.0,"Comedy, Drama",Comedy,Drama,,Theodore Melfi,Bill Murray,Melissa McCarthy,Naomi Watts,,Theodore Melfi,,"Vincent is an old Vietnam vet whose stubbornly hedonistic ways have left him without money or a future. Things change when his new next-door neighbor's son, Oliver, needs a babysitter and Vince is willing enough for a fee. From that self-serving act, an unexpected friendship forms as Vincent and Oliver fulfill much of each other's needs. As Vincent mentors Oliver in street survival and other worldly ways, Oliver begins to see more in the old man than just his foibles. When life takes a turn for the worse for Vincent, both find the best in each other, while no one around them suspects.",PG-13,44137712.0,112913.0,0,0,7,23,United States,English,"friendship, babysitter, neighbor, divorce, child of divorce",Chernin Entertainment,The Weinstein Company,7.7352,7.135,2106,13000000.0,54837234.0,tt2170593,3.7
A Streetcar Named Desire,7.9,97.0,97.0,122.0,1951.0,Drama,Drama,,,Elia Kazan,Vivien Leigh,Marlon Brando,Kim Hunter,,Tennessee Williams,Oscar Saul,"Blanche DuBois, a high school English teacher with an aristocratic background from Auriol, Mississippi, decides to move to live with her sister and brother-in-law, Stella and Stanley Kowalski, in New Orleans after creditors take over the family property, Belle Reve. Blanche has also decided to take a break from teaching as she states the situation has frayed her nerves. Knowing nothing about Stanley or the Kowalskis' lives, Blanche is shocked to find that they live in a cramped and run down ground floor apartment - which she proceeds to beautify by putting shades over the open light bulbs to soften the lighting - and that Stanley is not the gentleman that she is used to in men. As such, Blanche and Stanley have an antagonistic relationship from the start. Blanche finds that Stanley's hyper-masculinity, which often displays itself in physical outbursts, is common, coarse and vulgar, being common which in turn is what attracted Stella to him. Beyond finding Blanche's delicate hoidy-toidy act as putting on airs, Stanley, a plant worker, believes she may really have sold Belle Reve and is withholding Stella's fair share of the proceeds from them. What further affects the relationship between the three is that Stella is in the early stage of pregnancy with her and Stanley's first child. Soon after her arrival at the Kowalskis, Blanche starts to date Mitch, one of Stanley's friends and coworkers who is a little softer around the edges than most of Stanley's friends. Mitch does not hide the fact that he is looking in general to get married because of a personal issue, he wanting Blanche ultimately to be his wife. Mitch is somewhat unaware that Blanche has somewhat controlled their courtship to put herself in the best possible light, both figuratively and literally. But in Stanley's quest to find out the truth about Belle Reve and Blanche's life in Auriol, the interrelationships between Stanley, Blanche, Stella and Mitch may be irrevocably affected, with any revelation about that life which may further destroy what's left of Blanche's already damaged mental state.",Approved,,118939.0,4,0,22,15,United States,English,"loss of sense of reality, rape, sibling relationship, southern usa, brother-in-law, violent husband, new orleans, louisiana, family relationships, black and white, light bulb",Charles K. Feldman Group,Warner Bros. Pictures,5.71,7.613,1501,1800000.0,8000000.0,tt0044081,3.8
I Now Pronounce You Chuck & Larry,5.9,15.0,37.0,115.0,2007.0,"Comedy, Romance",Comedy,Romance,,Dennis Dugan,Adam Sandler,Kevin James,Jessica Biel,,Barry Fanaro,Alexander Payne,"Chuck Levine and Larry Valentine are friends and Brooklyn firefighting partners. Widower Larry, who still mourns the death of his wife Paula, is having problems changing the beneficiary on his insurance policy from Paula's name to his children's. He is worried about his children's future if he were to be killed in the line of duty, and is contemplating quitting his job for something less risky, but he also does not want to forfeit his firefighter's pension as he also see it as a safety net for his children. Larry saves Chuck's life on one of their calls. So when Chuck tells Larry that he owes him one, Larry takes him up on his offer. Larry's favor: despite both being heterosexual, that they enter into a domestic partnership, in name and paper only, to provide that much needed protection for Larry's children. Chronic womanizer Chuck reluctantly but eventually agrees. The one person who knows for a certainty that they are both straight is their boss, Captain Phineas J. Tucker. Their plan hits a snag when Larry believes that they are being investigated by the pension department for possible fraud, which means that Chuck has to move in with him and his kids. They consult the advice of a lawyer, Alex McDonough, who adds an extra layer of complexity to the situation as Chuck in particular is attracted to her and believes she could be the one and only for him. Her legal advice coupled with her wanting Chuck to be her new best girlfriend makes it even harder on him.",PG-13,120059556.0,160913.0,0,0,0,14,United States,English,"coming out, new york city, single parent, homophobia, fraud, single, gay marriage, insurance policy, firefighter, masculinity",Universal Pictures,Relativity Media,6.2706,6.091,2572,85000000.0,187134117.0,tt0762107,4.5
Napoleon,6.3,58.0,64.0,158.0,2023.0,"Biography, Action, Drama, War, Adventure, History",Biography,Action,Drama,Ridley Scott,Joaquin Phoenix,Vanessa Kirby,Tahar Rahim,,David Scarpa,,"Napoleon is a spectacle-filled action epic that details the checkered rise and fall of the iconic French Emperor Napoleon Bonaparte, played by Oscar®-winner Joaquin Phoenix. Against a stunning backdrop of large-scale filmmaking orchestrated by legendary director Ridley Scott, the film captures Bonaparte's relentless journey to power through the prism of his addictive, volatile relationship with his one true love, Josephine, showcasing his visionary military and political tactics against some of the most dynamic practical battle sequences ever filmed.",R,61524375.0,187662.0,0,3,7,47,United States,English,"empire, france, general, biography, napoleon bonaparte, based on true story, napoleonic wars, 18th century, 19th century, violence",Apple Studios,Scott Free Productions,14.2339,6.304,3191,165000000.0,222435664.0,tt13287846,4.6
The Untouchables,7.8,83.0,79.0,119.0,1987.0,"Thriller, Drama, Crime",Thriller,Drama,Crime,Brian De Palma,Kevin Costner,Sean Connery,Robert De Niro,,David Mamet,Oscar Fraley,"After building an empire with bootleg alcohol, legendary crime boss Al Capone rules Chicago with an iron fist. Though Prohibition Agent Eliot Ness attempts to take Capone down, even his best efforts fail due to widespread corruption within the Windy City's police force. Recruiting an elite group of lawmen who won't be swayed by bribes or fear, including Irish-American cop Jimmy Malone, Ness renews his determination to bring Capone to justice.",R,76270454.0,351862.0,1,0,11,18,United States,English,"chicago, illinois, prohibition era, gangster, baseball bat, white suit, tough cop, treasury agent, untouchable, tax evasion, jury tampering",Paramount Pictures,Linson Entertainment,13.0534,7.756,6259,25000000.0,76270454.0,tt0094226,4.7
Happy Gilmore 2,6.1,61.0,52.0,114.0,2025.0,"Comedy, Sport",Comedy,Sport,,Kyle Newacheck,Adam Sandler,Julie Bowen,Christopher McDonald,,Tim Herlihy,Adam Sandler,"Nearly thirty years have passed since Happy Gilmore famously won the 1996 Tour Championship. For nearly twenty years after that victory his career flourished. That ended when his wife was tragically killed on a golf course. Distraught he gave up golf and turned to looking after his five kids. Over time, however, he has become an alcoholic and is working in a supermarket. Now his daughter has the opportunity to attend a prestigious dance school and the cost sees him contemplate taking up golf again.",PG-13,,117123.0,0,0,2,3,United States,English,"golf, sequel, death in family, duringcreditsstinger, absurd, hilarious, bold, sports comedy",Happy Madison Productions,,9.258,6.504,1023,152000000.0,,tt31868189,4.701
Full Metal Jacket,8.2,90.0,78.0,116.0,1987.0,"Drama, War",Drama,War,,Stanley Kubrick,Matthew Modine,R. Lee Ermey,Vincent D&apos;Onofrio,,Stanley Kubrick,Michael Herr,"A two-segment look at the effect of the military mindset and war itself on Vietnam era Marines. The first half follows a group of recruits in boot camp under the command of the punishing Gunnery Sergeant Hartman. The second half shows one of those recruits, Joker, covering the war as a correspondent for Stars and Stripes, focusing on the Tet offensive.",R,46357676.0,850103.0,0,1,8,15,United Kingdom,English,"rescue, sniper, vietnam war, suicide, vietnam, helicopter, army, prostitute, based on novel or book, propaganda",Natant,Stanley Kubrick Productions,12.4501,8.118,11624,30000000.0,46357676.0,tt0093058,4.702
The Breakfast Club,7.8,87.0,66.0,97.0,1985.0,"Comedy, Drama",Comedy,Drama,,John Hughes,Emilio Estevez,Judd Nelson,Molly Ringwald,,John Hughes,,"Beyond being in the same class at Shermer High School in Shermer, Illinois, Claire Standish, Andrew Clark, John Bender, Brian Johnson and Allison Reynolds have little in common, and with the exception of Claire and Andrew, do not associate with each other in school. In the simplest and in their own terms, Claire is a princess, Andrew an athlete, John a criminal, Brian a brain, and Allison a basket case. But one other thing they do have in common is a nine hour detention in the school library together on Saturday, March 24, 1984, under the direction of Mr. Vernon, supervising from his office across the hall. Each is required to write a minimum one thousand word essay during that time about who they think they are. At the beginning of those nine hours, each, if they were indeed planning on writing that essay, would probably write something close to what the world sees of them, and what they have been brainwashed into believing of themselves. But based on their adventures during that nine hours, they may come to a different opinion of themselves and the other four.",R,46434721.0,469508.0,0,0,4,0,United States,English,"high school, coming of age, teen angst, detention, teen comedy, teenage rebellion, stereotype, 1980s, teenager, hilarious",Universal Pictures,A&M Films,9.3878,7.719,8639,1000000.0,51530442.0,tt0088847,4.801
Paths of Glory,8.4,96.0,90.0,88.0,1957.0,"Drama, War",Drama,War,,Stanley Kubrick,Kirk Douglas,Ralph Meeker,Adolphe Menjou,,Stanley Kubrick,Calder Willingham,The futility and irony of the war in the trenches in WWI is shown as a unit commander in the French army must deal with the mutiny of his men and a glory-seeking general after part of his force falls back under fire in an impossible attack.,Approved,,237303.0,0,0,5,3,United States,English,"army, france, based on novel or book, general, germany, world war i, patriotism, cowardice, idealism, idealist",Bryna Productions,United Artists,7.2555,8.251,3332,935000.0,1200000.0,tt0050825,4.802
The Fighter,7.8,91.0,79.0,116.0,2010.0,"Drama, Sport, Biography, Action",Drama,Sport,Biography,David O. Russell,Mark Wahlberg,Christian Bale,Amy Adams,,Keith Dorrington,Paul Tamasy,"The Fighter is a drama about boxer ""Irish"" Micky Ward's unlikely road to the world light welterweight title. His Rocky-like rise was shepherded by half-brother Dicky, a boxer-turned-trainer on the verge of being KO'd by drugs and crime.",R,93617009.0,405736.0,2,0,74,123,United States,English,"sports, irish-american, boxer, biography, family business , dysfunctional family, family conflict, hometown, boxing trainer, crack addict",The Weinstein Company,Relativity Media,8.9699,7.378,4786,25000000.0,129190869.0,tt0964517,4.901
Gladiator II,6.4,70.0,64.0,148.0,2024.0,"Adventure, Drama",Adventure,Drama,,Ridley Scott,Paul Mescal,Denzel Washington,Pedro Pascal,,David Franzoni,Peter Craig,"Rome, circa 209 A.D. Sixteen years after the demise of Emperor Marcus Aurelius and Maximus Decimus Meridius in Gladiator (2000), the Roman Empire is now ruled by the tyrannical Emperors Caracalla and Geta. As tensions mount, an enslaved Numidian leader arrives in the city as a gladiator, putting allegiances to the test. No one knows who he is, but with sinister schemes threatening the Republic, can this humble defender restore Rome to its former glory?",R,172438016.0,296954.0,0,1,9,113,United Kingdom,English,"gladiator, roman empire, ancient rome, sequel, epic battle, family legacy, 3rd century, antiquity, fallen hero, political rival",Paramount Pictures,Scott Free Productions,28.0105,6.601,4637,310000000.0,462180717.0,tt9218128,4.902
The 40-Year-Old Virgin,7.1,85.0,73.0,116.0,2005.0,"Comedy, Romance",Comedy,Romance,,Judd Apatow,Steve Carell,Catherine Keener,Paul Rudd,,Judd Apatow,Steve Carell,"Forty-year-old Andy, an electronics store shipping clerk, is a stereotypical geek, who plays video games and takes care of his collectible action figures. He has no real friends and spends most of his time away from work by himself. Despite having an interest in the opposite sex philosophically as witnessed by his constant and uncontrollable morning erections, he is still a virgin. He never planned not to have sex, but it became more and more difficult to have that first experience as he got older, to the point where, to him, it became a reality for his life. When his work colleagues find out, some mock and ridicule him, while a small group comprised of Dave, Jay and Cal take it upon themselves to help him get laid, despite each of three having their own relationship issue making them perhaps not the best people to provide advice or assistance. Andy also gets some unexpected suggestions from some standing on the sidelines of his life. Beyond that advice, Andy has to be the one to take the ultimate step to reality, he not only having no practical experience, but also no theoretical experience in that he doesn't even watch or have interest in porn or masturbate. Some of the advice he receives centers on the actual woman who should be his first time. Regardless of that advice, he decides that the woman he truly wants is Trish, a specialty retailer with a somewhat useless bricks and mortar outlet across the street from the electronics store. As Andy pursues then eventually falls for Trish, he has to decide how much of his true self he will divulge to her.",R,109484237.0,498107.0,0,0,10,19,United States,English,"first time, virgin, male friendship, co-workers relationship, poker game, sex comedy, virginity, sex",Universal Pictures,Apatow Productions,10.528,6.427,7341,26000000.0,177400000.0,tt0405422,5.401
Ted,6.9,68.0,62.0,106.0,2012.0,Comedy,Comedy,,,Seth MacFarlane,Mark Wahlberg,Mila Kunis,Seth MacFarlane,,Seth MacFarlane,Alec Sulkin,"John makes a Christmas miracle happen by bringing his one and only friend to life, his teddy bear. The two grow up together and John must then choose to stay with his girlfriend or keep his friendship with his crude and extremely inappropriate teddy bear, Ted.",R,218815487.0,704925.0,0,1,13,28,United States,English,"friendship, dreams, satire, love, buddy, teddy bear, toy comes to life, wishes come true, joyous",Universal Pictures,MRC,21.3644,6.454,13337,50000000.0,549368315.0,tt1637725,5.402
Minority Report,7.6,89.0,80.0,145.0,2002.0,"Crime, Sci-Fi, Mystery, Thriller, Action",Crime,Sci-Fi,Mystery,Steven Spielberg,Tom Cruise,Colin Farrell,Samantha Morton,,Scott Frank,Jon Cohen,"In the year 2054 A.D. crime is virtually eliminated from Washington D.C. thanks to an elite law enforcing squad ""Precrime"". They use three gifted humans (called ""Pre-Cogs"") with special powers to see into the future and predict crimes beforehand. John Anderton heads Precrime and believes the system's flawlessness steadfastly. However one day the Pre-Cogs predict that Anderton will commit a murder himself in the next 36 hours. Worse, Anderton doesn't even know the victim. He decides to get to the mystery's core by finding out the 'minority report' which means the prediction of the female Pre-Cog Agatha that ""might"" tell a different story and prove Anderton innocent.",PG-13,132072926.0,617708.0,0,1,20,91,United States,English,"washington dc, usa, dystopia, police chief, precognition, hologram, futuristic, murder, conspiracy, police chase, cyberpunk",Digital Image Associates,Cruise/Wagner Productions,12.9899,7.356,9799,102000000.0,358372926.0,tt0181689,5.403
The Hangover Part III,5.9,21.0,30.0,100.0,2013.0,"Comedy, Crime",Comedy,Crime,,Todd Phillips,Bradley Cooper,Zach Galifianakis,Ed Helms,,Todd Phillips,Craig Mazin,"In the aftermath of the death of Alan's father, the wolfpack decide to take Alan to get treated for his mental issues. But things start to go wrong on the way to the hospital as the wolfpack is assaulted and Doug is kidnapped. Now they must find Mr. Chow again in order to surrender him to the gangster who kidnapped Doug in order to save him.",R,112200072.0,360292.0,0,0,2,7,United States,English,"sequel, las vegas, hopeless, absurd",Green Hat Films,Legendary Pictures,12.428,6.213,9342,103000000.0,362000072.0,tt1951261,5.501
The Hangover Part II,6.5,35.0,44.0,102.0,2011.0,Comedy,Comedy,,,Todd Phillips,Bradley Cooper,Zach Galifianakis,Ed Helms,,Craig Mazin,Scot Armstrong,"Stu is getting married. Along with Doug, Phil, and his soon-to-be brother-in-law Teddy, he regretfully invites Alan to Thailand for the wedding. After a quiet night on the beach with a beer and toasting marshmallows by the camp fire, Stu, Alan and Phil wake up in a seedy apartment in Bangkok. Doug is back at the resort, but Teddy is missing, there's a monkey with a severed finger, Alan's head is shaved, Stu has a tattoo on his face, and they can't remember any of it. The wolf-pack retrace their steps through strip clubs, tattoo parlors and cocaine-dealing monkeys on the streets of Bangkok as they try and find Teddy before the wedding.",R,254464305.0,572504.0,0,0,5,18,United States,English,"stag night, sequel, memory loss, undercover cop, drugs, hopeless",Legendary Pictures,Green Hat Films,11.8453,6.511,11420,80000000.0,586764305.0,tt1411697,5.502
Blades of Glory,6.3,70.0,64.0,93.0,2007.0,"Comedy, Sport",Comedy,Sport,,Josh Gordon,Will Ferrell,Jon Heder,Amy Poehler,,Craig Cox,Jeff Cox,"When rivalry between the world's best men's figure skaters - sex addicted, improvisational Chazz Michael Michaels and germophobic, precise Jimmy MacElroy - breaks into a fight on the awards platform, they're banned from the event for life. Three years later, desire for a gold medal and a careful reading of the rules lead them to compete as skating's first male-male pair. Can they overcome mutual dislike, limited time to prepare, their coach's secret past, and the dirty tricks of their main opponents, the Van Waldenberg siblings? The key to victory or defeat may lie in the attraction of the virginal Jimmy toward Katie, the Van Waldenbergs' little sister.",PG-13,118594548.0,185333.0,0,0,3,10,United States,English,"sports, competition, olympic games, rivalry, figure skating, sibling, ice skating, frenemies",DreamWorks Pictures,MTV Films,7.7427,6.123,1953,53000000.0,118200000.0,tt0445934,5.503
Kicking & Screaming,5.6,41.0,45.0,95.0,2005.0,"Comedy, Family, Sport, Romance",Comedy,Family,Sport,Jesse Dylan,Will Ferrell,Robert Duvall,Josh Hutcherson,,Leo Benvenuti,Steve Rudnick,"Phil Weston is a goodhearted loser who suffered throughout his childhood due to his competitive overbearing sports coach father, and this has resulted in him inheriting that same attitude, which affects his relationship with his less-than athletic son. When he becomes coach of his son's soccer team, with a poor track record in terms of winning, he strives to beat a rival team, coached by none other than his father.",PG,52842724.0,42454.0,0,0,0,6,United States,English,"sports, parent child relationship, generations conflict, amateur football (soccer), football (soccer), football (soccer) coach",Mosaic Media Group,,3.8262,5.805,700,45000000.0,56070433.0,tt0384642,5.601
The Irishman,7.8,95.0,94.0,209.0,2019.0,"Crime, Drama, Biography, History, Thriller",Crime,Drama,Biography,Martin Scorsese,Robert De Niro,Al Pacino,Joe Pesci,,Steven Zaillian,Charles Brandt,"Frank ""The Irishman"" Sheeran is a man with a lot on his mind. The former labor union high official and hitman, learned to kill serving in Italy during the Second World War. He now looks back on his life and the hits that defined his mob career, maintaining connections with the Bufalino crime family. In particular, the part he claims to have played in the disappearance of his life-long friend, Jimmy Hoffa, the former president of the International Brotherhood of Teamsters, who mysteriously vanished in late July 1975 at the age of 62.",R,,468945.0,0,10,72,354,United States,English,"chicago, illinois, philadelphia, pennsylvania, based on novel or book, hitman, war veteran, pennsylvania, usa, gangster, 1970s, irish-american, male friendship",Tribeca Productions,Sikelia Productions,14.7266,7.573,7620,159000000.0,968853.0,tt1302006,5.602
Old School,7.0,60.0,54.0,88.0,2003.0,Comedy,Comedy,,,Todd Phillips,Luke Wilson,Vince Vaughn,Will Ferrell,,Court Crandall,Todd Phillips,"Mitch, Frank and Beanie are disillusioned with their personal lives beginning when Mitch's nymphomaniac girlfriend, Heidi, cheats on him, then former party animal Frank gets married, but unwilling to let go of his wild life, and Beanie is a family man seeking to reclaim his wild and crazy youth. Beanie suggests that they form their own fraternity in Mitch's new house on a college campus to re-live their glory days by bringing together a variety of misfit college students, losers, middle-aged and elderly retirees as their new friends and later try to avoid being evicted by the new Dean of Students, Pritchard, whom still holds a personal grudge against all three of them.",R,75585093.0,255772.0,0,0,0,5,United States,English,"infidelity, group sex, college, male friendship, beer, fraternity, dean, sex doll, streaking, mouth to mouth resuscitation",The Montecito Picture Company,DreamWorks Pictures,10.8166,6.623,2161,24000000.0,87100000.0,tt0302886,5.603
For Love of the Game,6.6,47.0,43.0,137.0,1999.0,"Sport, Romance, Drama",Sport,Romance,Drama,Sam Raimi,Kevin Costner,Kelly Preston,John C. Reilly,,Michael Shaara,Dana Stevens,"A Detroit pitcher Billy Chapel, reflects on his life in major league baseball, after he finds out his girlfriend moves to London for a job. Thus forcing the ball player to analyze his life and how his career as a player, and his life without her will change, thus altering his priorities between his career winding to a close, choosing what his path will be, the love of baseball or the love of his life?",PG-13,35188640.0,39393.0,0,0,0,7,United States,English,"based on novel or book, sports, legend, baseball, training, single mother, teenage daughter, baseball player, baseball pitcher, long distance relationship",Universal Pictures,Beacon Pictures,4.0635,6.39,476,50000000.0,46112640.0,tt0126916,5.701
Once Upon a Time in... Hollywood,7.6,86.0,84.0,161.0,2019.0,"Drama, Comedy",Drama,Comedy,,Quentin Tarantino,Leonardo DiCaprio,Brad Pitt,Margot Robbie,,Quentin Tarantino,,"Quentin Tarantino's Once Upon a Time... in Hollywood visits 1969 Los Angeles, where everything is changing, as TV star Rick Dalton (Leonardo DiCaprio) and his longtime stunt double Cliff Booth (Brad Pitt) make their way around an industry they hardly recognize anymore. The ninth film from the writer-director features a large ensemble cast and multiple storylines in a tribute to the final moments of Hollywood's golden age.",R,142502728.0,959546.0,2,0,148,378,United States,English,"movie business, male friendship, cult, based on true story, celebrity, fame, hollywood, los angeles, california, historical fiction, period drama",Heyday Films,Columbia Pictures,22.8609,7.42,15067,95000000.0,393869691.0,tt7131622,5.702
John Wick,7.5,87.0,68.0,101.0,2014.0,"Action, Thriller, Crime",Action,Thriller,Crime,Chad Stahelski,Keanu Reeves,Michael Nyqvist,Alfie Allen,,Derek Kolstad,,"With the untimely death of his beloved wife still bitter in his mouth, John Wick, the expert former assassin, receives one final gift from her--a precious keepsake to help John find a new meaning in life now that she is gone. But when the arrogant Russian mob prince, Iosef Tarasov, and his men pay Wick a rather unwelcome visit to rob him of his prized 1969 Mustang and his wife's present, the legendary hitman will be forced to unearth his meticulously concealed identity. Blind with revenge, John will immediately unleash a carefully orchestrated maelstrom of destruction against the sophisticated kingpin, Viggo Tarasov, and his family, who are fully aware of his lethal capacity. Now, only blood can quench the boogeyman's thirst for retribution.",R,43037835.0,819124.0,0,0,5,10,United States,English,"hitman, bratva (russian mafia), gangster, secret organization, revenge, murder, dog, retired, widower",87Eleven,DefyNite Films,15.0969,7.461,21126,20000000.0,86085191.0,tt2911666,5.703
Sicario,7.7,91.0,82.0,121.0,2015.0,"Drama, Crime, Mystery, Thriller, Action",Drama,Crime,Mystery,Denis Villeneuve,Emily Blunt,Josh Brolin,Benicio Del Toro,,Taylor Sheridan,,"Kate Macer leads a Phoenix based kidnap response unit for the FBI. Following Kate's team leading a raid on a known drug den in nearby Chandler, Kate is recruited to work on a special ops team led by Matt Graver of the CIA, he who is on special assignment for the Department of Defense. They recruited her because they wanted someone with tactical procedures knowledge. Outwardly, the team's mission, which works behind a Delta Force team as its primary gun power as required, is to decapitate a Mexican drug cartel by capturing or dismembering the workings of the main players, cartel head Manuel Díaz, his second in command Guillermo Díaz (Manuel's brother), and drug lord Fausto Alarcón. Kate agrees to the assignment as she feels the work of this team would be more effective in stopping the drug trade in the US than the piecemeal work of her current kidnap response unit. The third on the team is a mysterious Hispanic or Latino man Kate only knows as Alejandro, and who she does not fully trust as she can tell that he is suffering from a very traumatic past. When Kate and the team arrive in El Paso for their first mission, Kate learns that the team's workings are not all they appear on the surface - many of the proceedings which would not be considered above board or legal - despite the end goal being as she knows it to be. Still largely in the dark and only given information on a need to know basis, Kate decides to stick it out with the team if only to discover all that she is not told while still believing in the end goal. She may have changing or at least mixed emotions as she learns more and more about what is going on, including the specific reason why she was recruited.",R,46889293.0,527661.0,0,3,15,157,United States,English,"mission, assassin, central intelligence agency (cia), mexico, corruption, bomb, fbi, smoking, texas, border",Lionsgate,Black Label Media,15.5512,7.424,9730,30000000.0,84997446.0,tt3397884,5.801
The Color of Money,7.0,87.0,77.0,119.0,1986.0,"Sport, Drama",Sport,Drama,,Martin Scorsese,Paul Newman,Tom Cruise,Mary Elizabeth Mastrantonio,,Walter Tevis,Richard Price,"Pool hustler Fast Eddie Felson finds the young, promising pool player Vincent in a local bar and he sees in him a younger version of himself. To try and make it as in the old days, Eddie offers to teach Vincent how to be a hustler. After some hesitations Vincent accepts and Eddie takes him and Vincent's girlfriend Carmen on a tour through the country to work the pool halls. However, Vincent's tendency to show off his talent and by doing so warning off the players and losing money, soon leads to a confrontation with Eddie.",R,52293982.0,97663.0,1,0,3,10,United States,English,"sports, pool billiards, hustler, talent, inspirational, understated",Touchstone Pictures,Silver Screen Partners II,5.2065,6.849,1561,13800000.0,52293982.0,tt0090863,5.802
My Cousin Vinny,7.6,85.0,68.0,120.0,1992.0,"Crime, Comedy",Crime,Comedy,,Jonathan Lynn,Joe Pesci,Marisa Tomei,Ralph Macchio,,Dale Launer,,"Bill Gambini and Stanley Rothenstein are two friends from New York University who just received scholarships to UCLA. They decide to drive through the South. Once they arrive in Alabama, they stop at a local convenience store to pick up a few snacks. But, no sooner than they leave the store, they are arrested. They had thought that they were arrested for shoplifting, but they were arrested for murder and robbery. Worse, they are facing execution for this crime. Bill and Stan do not have enough money for a lawyer, so the good news is that Bill has a lawyer in his family, his cousin, Vincent Laguardia Gambini. The bad news is that Vinny is an inexperienced lawyer who has not been at a trial. So, Vinny has to defend his clients and battle an uncompromising judge, some tough locals, and even his fiancée, Mona Lisa Vito, who just does not know when to shut up, to prove his clients' innocence. But he will soon realize that he is going to need help.",R,52929168.0,156481.0,1,0,5,6,United States,English,"prison, small town, court case, court, southern usa, alabama, suspicion, cousin, lawyer, fish out of water",Palo Vista Productions,Peter V. Miller Investment Corp.,7.1525,7.499,1932,11000000.0,64088552.0,tt0104952,5.806
Collateral,7.5,86.0,71.0,120.0,2004.0,"Crime, Thriller, Action, Drama",Crime,Thriller,Action,Michael Mann,Tom Cruise,Jamie Foxx,Jada Pinkett Smith,,Stuart Beattie,,"This action thriller follows LA cabbie Max Durocher, the type of person who can wax poetic about other people's lives, which impresses U.S. Justice Department prosecutor Annie Farrell, one of his fares, so much that she gives him her telephone number at the end of her ride. Although a dedicated man as seen through the efficiency in which he does his work, he can't or won't translate that eloquence into a better life for himself. He deludes himself into believing that his now twelve year cabbie job is temporary and that someday he will own his own limousine service. He even lies to his hospitalized mother that he already owns one, with a further lie that he tells her as such primarily to make her happy, rather than the truth which is that he won't do anything to achieve that dream. One night, Max picks up a well dressed man named Vincent, who asks Max to be his only fare for the evening. For a flat fee of $600, plus an extra $100 if he gets to the airport on time - Vincent wants Max to drive him to five stops that evening. Max somewhat reluctantly agrees. Max learns the hard way at their first stop when a body falls from a third story apartment window and lands dead on top of his cab that Vincent is a contract hit man. Vincent's main goal, as per his current contract, is to kill five people, one at each of the stops, but he will not let others get in the way of that goal, even if it means killing them, including Max. As Vincent forces Max to continue driving him for the evening, Max tries slyly at every turn to take back control of his life from Vincent, especially when Max learns of one of the names on Vincent's hit list. Meanwhile, LAPD narcotics detective, Ray Fanning, and ultimately the FBI get involved when Vincent's first victim is associated with a case in which Ray is working undercover. Ray is able to piece together information which makes him hot on Max and Vincent's tail.",R,101005703.0,464872.0,0,2,22,73,United States,English,"taxi, police, hitman, hostage, self-fulfilling prophecy, taxi driver, fbi, nightclub, briefcase, sociopath",Paramount Pictures,Edge City,9.2533,7.246,6393,65000000.0,220239925.0,tt0369339,5.901
Jason Bourne,6.6,55.0,58.0,123.0,2016.0,"Action, Thriller",Action,Thriller,,Paul Greengrass,Matt Damon,Tommy Lee Jones,Alicia Vikander,,Paul Greengrass,Christopher Rouse,"Jason Bourne is again being hunted by the CIA. It begins when Nicky Parsons a former CIA operative who helped Bourne, who went under and now works with a man who's a whistle blower and is out to expose the CIA's black ops. Nicky hacks into the CIA and downloads everything on all their Black Ops, including Treadstone which Bourne was a part of. And Heather Lee, a CIA agent, discovers the hack and brings it to the attention of CIA Director Dewey, the man behind the Black Ops. He orders Parsons be found and, hopefully, Bourne, too.",PG-13,162434410.0,256031.0,0,0,3,20,United States,English,"assassin, central intelligence agency (cia), amnesia, casino, chase, greece, sequel, flashback, hacking, las vegas",The Kennedy/Marshall Company,Captivate Entertainment,10.8623,6.383,6289,120000000.0,415484914.0,tt4196776,6.105
Christmas with the Kranks,5.6,5.0,22.0,99.0,2004.0,"Comedy, Family",Comedy,Family,,Joe Roth,Tim Allen,Jamie Lee Curtis,Dan Aykroyd,,John Grisham,Chris Columbus,"Strange as it may sound, Luther and Nora Krank, the neighbourhood's award-winning couple for their cheerful Christmas spirit, have decided to skip this year's annual festivities when their daughter, Blair, departs for Peru after joining the Peace Corps. Now, instead of spending the staggering amount of $6,000 on the holiday season, just like the previous year, they are determined to invest the money on a sun-drenched, ten-day Caribbean cruise, much to the chagrin of their friends and neighbours. However, this is easier said than done, and before long, Luther and Nora, who have turned their backs on Christmas, will face the consequences. And then, as if that weren't enough, Blair and her new fiancé announce that they are coming home, utterly unaware that the empty family nest is far from ready for the event. Can the Kranks ""generate"" Christmas out of nothing in less than a few hours?",PG,73780539.0,62234.0,0,0,3,4,United States,English,"chicago, illinois, husband wife relationship, based on novel or book, holiday, christmas party, christmas tree, christmas, sentimental, hilarious, celebratory",Revolution Studios,1492 Pictures,6.1337,6.162,1324,60000000.0,,tt0388419,5.903
Valkyrie,7.1,62.0,56.0,121.0,2008.0,"Thriller, War, Drama, History",Thriller,War,Drama,Bryan Singer,Tom Cruise,Bill Nighy,Carice van Houten,,Christopher McQuarrie,Nathan Alexander,"In Nazi Germany during World War II, as the tide turned in favor of the Allies, a cadre of senior German officers and politicians desperately plot to topple the Nazi regime before the nation is crushed in a nearly inevitable defeat. To this end, Colonel Claus von Stauffenberg, an Army officer convinced he must save Germany from Adolf Hitler, is recruited to mastermind a real plan. To do so, he arranges for the internal emergency measure, Operation: Valkyrie, to be changed to enable his fellows to seize control of Berlin after the assassination of Der Führer. However, even as the plan is put into action, a combination of bad luck and human failings conspire on their own to create a tragedy that would prolong the greater one gripping Europe.",PG-13,83077833.0,272480.0,0,0,3,11,United Kingdom,English,"friendship, suicide, plan, berlin, germany, husband wife relationship, assassination, nazi, bomb, resistance, military officer",Bad Hat Harry Productions,Achte Babelsberg Film,6.4568,6.962,4155,75000000.0,200276000.0,tt0985699,5.904
2 Guns,6.7,64.0,55.0,109.0,2013.0,"Action, Thriller, Comedy, Crime",Action,Thriller,Comedy,Baltasar Kormákur,Denzel Washington,Mark Wahlberg,Paula Patton,,Blake Masters,Steven Grant,"Robert Trench, an undercover DEA agent, takes advantage of gunman Michael Stigman's idea to rob a bank to bust him and a mob boss. However, it proves too successful with much more money seized than anticipated with Trench's forces not stopping the getaway. Complicating things still more, Stigman turns out to be a Naval Intelligence agent who shoots Trench and takes the money. The interservice debacle suddenly finds Trench and Stigman in a bloody web of corrupt clandestine rivalries as they are hunted, blackmailed and isolated for the money on both sides of the law. Now, the fugitives must work together to find a way out of this situation with no one to turn to but themselves.",R,75612460.0,236574.0,0,0,3,0,United States,English,"based on comic, money, bank robbery, dea agent",Universal Pictures,Marc Platt Productions,8.346,6.538,4569,61000000.0,131940411.0,tt1272878,6.104
The Dilemma,5.3,24.0,46.0,111.0,2011.0,"Comedy, Drama",Comedy,Drama,,Ron Howard,Vince Vaughn,Kevin James,Winona Ryder,,Allan Loeb,,"A man finds out that what you don't say to a friend is just as important as what you do is this story of how far you can bend a brotherly bond before it snaps. Since college, confirmed bachelor Ronny (Vaughn) and happily married Nick (James) have been through thick and thin. Now partners in an auto design firm, the pals are vying to land a dream project that would launch their company. Ronny's girlfriend Beth (Connelly) and Nick's wife Geneva (Ryder) are by their sides. But Ronny's world is turned upside-down when he catches Geneva out with another man and makes it his mission to get answers. As the amateur investigation dissolves into mayhem, he learns that Nick has his own secrets. With the clock ticking and pressure mounting on the biggest presentation of their careers, Ronny must decide whether to reveal the truth to his best friend.",PG-13,48475290.0,58303.0,0,0,0,1,United States,English,"chicago, illinois, adultery, infidelity, truth, married couple, male friendship, dilemma, engine, love, electric car",Wild West Picture Show Productions,Imagine Entertainment,5.7586,5.35,936,70000000.0,67112664.0,tt1578275,6.305
The Hateful Eight,7.8,74.0,68.0,168.0,2015.0,"Western, Drama, Thriller, Mystery, Crime",Western,Drama,Thriller,Quentin Tarantino,Samuel L. Jackson,Kurt Russell,Jennifer Jason Leigh,,Quentin Tarantino,,"Some time after the Civil War, a stagecoach hurtles through the wintry Wyoming landscape. Bounty hunter John Ruth and his fugitive captive Daisy Domergue race towards the town of Red Rock, where Ruth will bring Daisy to justice. Along the road, they encounter Major Marquis Warren (an infamous bounty hunter) and Chris Mannix (a man who claims to be Red Rock's new sheriff). Lost in a blizzard, the bunch seeks refuge at Minnie's Haberdashery. When they arrive they are greeted by unfamiliar faces: Bob, who claims to be taking care of the place while Minnie is gone; Oswaldo Mobray, the hangman of Red Rock; Joe Gage, a cow puncher; and confederate general Sanford Smithers. As the storm overtakes the mountainside, the eight travelers come to learn that they might not make it to Red Rock after all...",R,54117416.0,718072.0,1,0,46,116,United States,English,"bounty hunter, wyoming, usa, narration, mountain, hangman, whodunit, stagecoach, blizzard, post civil war, 19th century",The Weinstein Company,Double Feature Films,14.5656,7.8,15474,44000000.0,155760117.0,tt3460252,6.302
Sully,7.4,85.0,74.0,96.0,2016.0,"Drama, Biography, History",Drama,Biography,History,Clint Eastwood,Tom Hanks,Aaron Eckhart,Laura Linney,,Todd Komarnicki,Chesley Sullenberger,"On Thursday, January 15, 2009, the world witnessed the ""Miracle on the Hudson"" when pilot Chesley ""Sully"" Sullenberger glided his disabled plane onto the frigid waters of the Hudson River, saving the lives of all one hundred fifty-five aboard. However, even as Sully was being heralded by the public and the media for his unprecedented feat of aviation skill, an investigation was unfolding that threatened to destroy his reputation and his career.",PG-13,125070033.0,320206.0,0,1,14,36,United States,English,"rescue, new york city, airplane, investigation, pilot, based on true story, emergency landing, flight, aviation, airplane accident",Warner Bros. Pictures,Malpaso Productions,9.3747,7.205,7797,60000000.0,240800000.0,tt3263904,6.307
The Man from U.N.C.L.E.,7.2,68.0,56.0,116.0,2015.0,"Action, Adventure, Comedy",Action,Adventure,Comedy,Guy Ritchie,Henry Cavill,Armie Hammer,Alicia Vikander,,Guy Ritchie,Lionel Wigram,"In the 1960s with the Cold War in play, CIA agent Napoleon Solo successfully helps Gaby Teller defect to West Germany despite the intimidating opposition of KGB agent Illya Kuryakin. Later, all three unexpectedly find themselves working together in a joint mission to stop a private criminal organization from using Gaby's father's scientific expertise to construct their own nuclear bomb. Through clenched teeth and stylish poise, all three must find a way to cooperate for the sake of world peace, even as they each pursue their own agendas.",PG-13,45445109.0,354813.0,0,0,8,7,United Kingdom,English,"central intelligence agency (cia), spy, cold war, kgb, remake, nostalgic, buddy cop, russian spy, american spy",Wigram Productions,Davis Entertainment,10.6705,7.079,6959,75000000.0,110045109.0,tt1638355,6.402
The Talented Mr. Ripley,7.4,85.0,76.0,139.0,1999.0,"Crime, Drama, Thriller",Crime,Drama,Thriller,Anthony Minghella,Matt Damon,Gwyneth Paltrow,Jude Law,,Patricia Highsmith,Anthony Minghella,"The 1950s. Manhattan lavatory attendant, Tom Ripley, borrows a Princeton jacket to play piano at a garden party. When the wealthy father of a recent Princeton grad chats Tom up, Tom pretends to know the son and is soon offered $1,000 to go to Italy to convince Dickie Greenleaf to return home. In Italy, Tom attaches himself to Dickie and to Marge, Dickie's cultured fiancée, pretending to love jazz and harboring homoerotic hopes as he soaks in luxury. Besides lying, Tom's talents include impressions and forgery, so when the handsome and confident Dickie tires of Tom, dismissing him as a bore, Tom goes to extreme lengths to make Greenleaf's privileges his own.",R,81298265.0,264777.0,0,5,10,81,United States,English,"new york city, friendship, ship, new love, lovesickness, jealousy, dual identity, double life, based on novel or book, venice, italy",Mirage Enterprises,Timnick Films,8.9708,7.195,4219,40000000.0,128798265.0,tt0134119,6.403
War Dogs,7.1,62.0,57.0,114.0,2016.0,"Comedy, Drama, War, Crime, Biography",Comedy,Drama,War,Todd Phillips,Jonah Hill,Miles Teller,Steve Lantz,,Stephen Chin,Todd Phillips,"In 2005, David Packouz lives in Miami, Florida, working as a massage therapist and living with his girlfriend Iz. Desiring an additional source of income, David spends his life savings on high-quality Egyptian cotton sheets, planning to sell them to Miami retirement homes, but this venture fails to produce results. At a funeral for a friend, David runs into his high school best friend Efraim Diveroli, who had moved to Los Angeles some years prior to work with his uncle selling guns. Efraim has left his uncle and formed his own company, AEY, which fills orders for arms placed by the US government due to the ongoing war in Iraq. David's life takes another turn when his girlfriend informs him that she is pregnant. Efraim offers him a job at AEY, and even though David and Iz both vehemently oppose the war, David eventually agrees, telling his girlfriend that he has begun selling his cotton sheets to the US government through Efraim's contacts.",R,43034523.0,294013.0,0,0,0,3,United States,English,"corruption, smuggling (contraband), iraq, rise and fall, drugs, american exceptionalism",The Mark Gordon Company,Joint Effort,11.0305,6.945,5601,50000000.0,86234523.0,tt2005151,6.404
D3: The Mighty Ducks,5.5,20.0,,104.0,1996.0,"Sport, Action, Drama, Comedy, Family",Sport,Action,Drama,Robert Lieberman,Emilio Estevez,Jeffrey Nordling,David Selby,,Steven Brill,Kenneth Johnson,"In the third episode of this series, the Ducks get scholarships to Eden Hall Academy, a high ranking prep school. But as freshmen, they will have to face the snob varsity team...",PG,22955097.0,29925.0,0,0,0,2,United States,English,"scholarship, sports, college, ice hockey, teenage boy, baffled",Walt Disney Pictures,The Avnet/Kerner Company,3.5947,5.957,503,,22955097.0,tt0116000,6.703
Mr. & Mrs. Smith,6.5,60.0,55.0,120.0,2005.0,"Comedy, Crime, Thriller, Action",Comedy,Crime,Thriller,Doug Liman,Brad Pitt,Angelina Jolie,Adam Brody,,Simon Kinberg,,"John and Jane Smith are a normal married couple, living a normal life in a normal suburb, working normal jobs...well, if you can call secretly being assassins ""normal"". But neither Jane nor John knows about their spouse's secret, until they are surprised to find each other as targets! But on their quest to kill each other, they learn a lot more about each other than they ever did in five (or six) years of marriage.",PG-13,186336279.0,588762.0,0,0,9,18,United States,English,"assassin, bomb, hitman, marriage crisis, gun, secret identity, married couple, assault rifle, marriage, decoy",Regency Enterprises,New Regency Pictures,14.6225,6.692,11372,110000000.0,487287646.0,tt0356910,7.401
The Bourne Ultimatum,8.0,92.0,85.0,115.0,2007.0,"Action, Thriller, Mystery",Action,Thriller,Mystery,Paul Greengrass,Matt Damon,Edgar Ramírez,Joan Allen,,Tony Gilroy,Scott Z. Burns,"Bourne is once again brought out of hiding, this time inadvertently by London-based reporter Simon Ross who is trying to unveil Operation Blackbriar--an upgrade to Project Treadstone--in a series of newspaper columns. Bourne sets up a meeting with Ross and realizes instantly they're being scanned. Information from the reporter stirs a new set of memories, and Bourne must finally, ultimately, uncover his dark past whilst dodging The Company's best efforts in trying to eradicate him.",PG-13,227471070.0,681537.0,3,0,29,42,United States,English,"assassin, central intelligence agency (cia), corruption, paris, france, based on novel or book, madrid, spain, espionage, prosecution, fake identity, revelation",Universal Pictures,The Kennedy/Marshall Company,9.5611,7.4,8489,70000000.0,442824138.0,tt0440963,7.403
Mission: Impossible,7.2,66.0,59.0,110.0,1996.0,"Thriller, Adventure, Action",Thriller,Adventure,Action,Brian De Palma,Tom Cruise,Jon Voight,Emmanuelle Béart,,Bruce Geller,David Koepp,"Based on the hit television series. Jim Phelps (Jon Voight) was sent to Prague for a mission to prevent the theft of classified material. His wife Claire (Emmanuelle Béart) and his trusted partner Ethan Hunt (Tom Cruise) were members of Phelps' team. Unfortunately, something went horribly wrong and the mission failed, leaving Ethan Hunt the seemingly lone survivor. After he reported the failed mission, Kittridge (Henry Czerny), the head of the agency, suspects Ethan of being the culprit for the failed mission. Now, Ethan uses unorthodox methods (which includes the aid of an arms dealer going by the name ""Max"" (Vanessa Redgrave)) to try to find who set him up and to clear his name.",PG-13,180981856.0,516752.0,0,0,3,17,United States,English,"mask, mission, london, england, central intelligence agency (cia), computer, paris, france, undercover, espionage, secret mission, arms deal",Paramount Pictures,Cruise/Wagner Productions,16.9131,7.026,10132,80000000.0,457696391.0,tt0117060,7.404
Mission: Impossible - Ghost Protocol,7.4,93.0,73.0,132.0,2011.0,"Action, Thriller, Adventure",Action,Thriller,Adventure,Brad Bird,Tom Cruise,Jeremy Renner,Simon Pegg,,Bruce Geller,Josh Appelbaum,"In the fourth installment of the Mission Impossible series, Ethan Hunt and a new team race against time to track down Hendricks, a dangerous terrorist who has gained access to Russian nuclear launch codes and is planning a strike on the United States. An attempt by the team to stop him at the Kremlin ends in a disaster, with an explosion causing severe damage to the Kremlin and the IMF being implicated in the bombing, forcing the President to invoke Ghost Protocol, under which the IMF is disavowed, and will be offered no help or backup in any form. Undaunted, Ethan and his team chase Hendricks to Dubai, and from there to Mumbai, but several spectacular action sequences later, they might still be too late to stop a disaster.",PG-13,209397903.0,567136.0,0,0,5,32,United States,English,"mask, assassin, budapest, hungary, skyscraper, secret intelligence service, sandstorm, seattle, washington, satellite, fake identity, mumbai (bombay), india",Paramount Pictures,Bad Robot,11.3798,7.115,10900,145000000.0,694713380.0,tt1229238,7.405
The Terminator,8.1,90.0,84.0,107.0,1984.0,"Action, Adventure, Sci-Fi",Action,Adventure,Sci-Fi,James Cameron,Arnold Schwarzenegger,Linda Hamilton,Michael Biehn,,James Cameron,Gale Anne Hurd,"Sent back from a dystopian 2029--where the cold machines have conquered the entire world--to 1984 Los Angeles, the indestructible cyborg-assassin known as the ""Terminator"" commences his deadly mission to kill humankind's most important woman: the unsuspecting Sarah Connor. However, from the same war-torn post-apocalyptic future comes a battle-scarred defender--Kyle Reese, a brave soldier of the human Resistance Army--bent on stopping the cybernetic killer from eliminating the world's last hope. But, the Terminator has no feelings, he doesn't sleep, and above all, he won't stop until he carries out his grim task. Does our future lie in our past?",R,38371200.0,996325.0,0,0,9,8,United Kingdom,English,"man vs machine, artificial intelligence (a.i.), saving the world, laser gun, cyborg, killer robot, shotgun, rebel, dystopia, villain",Hemdale,Pacific Western,39.8508,7.686,14892,6400000.0,78371200.0,tt0088247,7.607
Iron Man 3,7.1,79.0,62.0,130.0,2013.0,"Action, Adventure, Sci-Fi",Action,Adventure,Sci-Fi,Shane Black,Robert Downey Jr.,Guy Pearce,Gwyneth Paltrow,,Drew Pearce,Shane Black,"Marvel's ""Iron Man 3"" pits brash-but-brilliant industrialist Tony Stark/Iron Man against an enemy whose reach knows no bounds. When Stark finds his personal world destroyed at his enemy's hands, he embarks on a harrowing quest to find those responsible. This journey, at every turn, will test his mettle. With his back against the wall, Stark is left to survive by his own devices, relying on his ingenuity and instincts to protect those closest to him. As he fights his way back, Stark discovers the answer to the question that has secretly haunted him: does the man make the suit or does the suit make the man?",PG-13,409013994.0,964747.0,0,1,20,63,United States,English,"california, war on terror, superhero, malibu, based on comic, sequel, tennessee, billionaire, aftercreditsstinger, marvel cinematic universe (mcu)",Marvel Studios,,28.2072,6.933,23684,200000000.0,1215577205.0,tt1300854,7.304
The Gray Man,6.5,45.0,49.0,122.0,2022.0,"Thriller, Mystery, Action",Thriller,Mystery,Action,Russo Brothers,Ryan Gosling,Chris Evans,Ana de Armas,,Joe Russo,Christopher Markus,"Six, a highly-skilled assassin in the deep-cover Sierra program of the CIA, is the agency's best merchant of death. However, a mission goes bad and now Six is on the run from the CIA with sociopathic former agent Lloyd Hansen hot on his trail. Aided by agent Dani Miranda and handler Donald Fitzroy, Six must be his most ruthless to avoid Hansen, who will stop at nothing to bring him down.",PG-13,,274877.0,0,0,0,7,United States,English,"central intelligence agency (cia), based on novel or book, hitman, kidnapping, agent, rogue agent, hunted, ex-cia agent",AGBO,Roth-Kirschenbaum Films,13.543,6.914,4359,200000000.0,454023.0,tt1649418,7.103
Project Hail Mary,8.2,95.0,77.0,156.0,2026.0,"Sci-Fi, Adventure, Comedy, Drama",Sci-Fi,Adventure,Comedy,Phil Lord,Ryan Gosling,Sandra Hüller,James Ortiz,,Drew Goddard,Andy Weir,"Middle school science teacher Ryland Grace (Ryan Gosling) wakes up on a spaceship light-years from home with no recollection of who he is or how he got there. As his memory returns, he begins to uncover his mission: to solve the riddle of the mysterious substance that is causing the sun to die out. He must call on his scientific knowledge and unorthodox ideas to save everything on Earth from extinction... but an unexpected friendship means he may not have to do it alone.",PG-13,344050007.0,433769.0,0,0,7,11,United States,English,"friendship, coma, based on novel or book, bravery, sun, language barrier, space travel, space mission, alien, space",Lord Miller,Amazon MGM Studios,152.9971,8.658,6918,200000000.0,684234722.0,tt12042730,8.703
Thor: The Dark World,6.7,67.0,54.0,112.0,2013.0,"Action, Adventure, Fantasy, Sci-Fi",Action,Adventure,Fantasy,Alan Taylor,Chris Hemsworth,Natalie Portman,Tom Hiddleston,,Christopher Yost,Christopher Markus,"Thousands of years ago, a race of beings known as Dark Elves tried to send the universe into darkness by using a weapon known as the Aether. Warriors from Asgard stopped them, but their leader Malekith (Christopher Eccleston) escaped to wait for another opportunity. The warriors find the Aether, and since it cannot be destroyed, they try to hide it. In the present day, Jane Foster (Natalie Portman) awaits the return of Thor (Chris Hemsworth), although it has been two years since they last saw once another. In the meantime, Thor has been trying to bring peace to the nine realms. Jane discovers an anomaly similar to the one that brought Thor to Earth. She goes to investigate, finds a wormhole, and is sucked into it. Back on Asgard, Thor wishes to return to Earth, but his father, Odin (Sir Anthony Hopkins), refuses to let him. Thor learns from Heimdall (Idris Elba), who can see into all of the realms, that Jane disappeared. Thor then returns to Earth just as Jane reappears. However, when some Policemen try to arrest her, an unknown energy repulses them. Thor then brings Jane to Asgard to find out what happened to her. When the energy is released again, they discover that when Jane disappeared, she crossed paths with the Aether and it entered her. Malekith, upon sensing that the time to strike is now, seeks out the Aether. He attacks Asgard and Thor's mother Frigga (Rene Russo) is killed protecting Jane. Odin wants to keep Jane on Asgard so that Malekith will come. Thor disagrees with his plan, so with his cohorts, he decides to take Jane away. He enlists the aid of his brother, Loki (Tom Hiddleston). Unfortunately, Loki's motivations remain unknown.",PG-13,206362140.0,776160.0,0,0,4,21,United States,English,"superhero, based on comic, sequel, hostile takeover, norse mythology, aftercreditsstinger, duringcreditsstinger, marvel cinematic universe (mcu), mythological place",Marvel Studios,,33.2925,6.511,18544,170000000.0,644783140.0,tt1981115,6.203
Now You See Me: Now You Don't,5.9,,50.0,113.0,2025.0,"Crime, Thriller",Crime,Thriller,,Ruben Fleischer,Jesse Eisenberg,Woody Harrelson,Dave Franco,,Michael Lesslie,Paul Wernick,"The Four Horsemen are back to unite with a new generation of illusionists for their most global, high-stakes magical adventure yet. Their mission: Expose the corruption of Veronika Vanderberg, a powerful diamond heiress with ties to arms dealers, traffickers, and warlords. Aided by the legendary Thaddeus, the two generations of magicians must overcome their differences to try and defeat their cunning and dangerous adversary, in this magic-fueled heist filled with the franchise's signature twists, turns, and thrilling reveals -- along with some of the most thrilling illusions ever captured on film.",PG-13,61882396.0,65532.0,0,0,0,2,United States,English,"diamond, antwerp, sequel, diamond heist, misdirection, hidden agenda, sleight of hand, team up, absurd, condescending",Lionsgate,Cohen Pictures,23.6524,6.47,1733,90000000.0,243700000.0,tt4712810,7.105
Jaws,8.1,97.0,87.0,124.0,1975.0,"Adventure, Horror, Drama, Thriller",Adventure,Horror,Drama,Steven Spielberg,Roy Scheider,Robert Shaw,Richard Dreyfuss,,Peter Benchley,Carl Gottlieb,"It's a hot summer on Amity Island, a small community whose main business is its beaches. When new Sheriff Martin Brody discovers the remains of a shark attack victim, his first inclination is to close the beaches to swimmers. This doesn't sit well with Mayor Larry Vaughn and several of the local businessmen. Brody backs down to his regret as that weekend a young boy is killed by the predator. The dead boy's mother puts out a bounty on the shark and Amity is soon swamped with amateur hunters and fisherman hoping to cash in on the reward. A local fisherman with much experience hunting sharks, Quint, offers to hunt down the creature for a hefty fee. Soon Quint, Brody and Matt Hooper from the Oceanographic Institute are at sea hunting the Great White shark. As Brody succinctly surmises after their first encounter with the creature, they're going to need a bigger boat.",PG,280083300.0,731140.0,3,0,16,21,United States,English,"dying and death, beach, based on novel or book, bathing, shipwreck, fishing, atlantic ocean, shark attack, police chief, ferry boat",The Zanuck/Brown Company,Universal Pictures,21.1375,7.683,11718,7000000.0,470653000.0,tt0073195,8.701
La La Land,8.0,91.0,94.0,128.0,2016.0,"Musical, Comedy, Drama, Romance, Music",Musical,Comedy,Drama,Damien Chazelle,Ryan Gosling,Emma Stone,Rosemarie DeWitt,,Damien Chazelle,,"Aspiring actress serves lattes to movie stars in between auditions and jazz musician Sebastian scrapes by playing cocktail-party gigs in dingy bars. But as success mounts, they are faced with decisions that fray the fragile fabric of their love affair, and the dreams they worked so hard to maintain in each other threaten to rip them apart.",PG-13,151101803.0,759966.0,6,0,246,313,United States,English,"dancing, dance, jazz, melancholy, musical, ambition, casting, romcom, coffee shop, jazz club",Summit Entertainment,Gilbert Films,21.7106,7.896,18313,30000000.0,509183536.0,tt3783958,7.106
Scent of a Woman,8.0,82.0,57.0,156.0,1992.0,Drama,Drama,,,Martin Brest,Al Pacino,Chris O'Donnell,James Rebhorn,,Giovanni Arpino,Bo Goldman,"Frank is a retired Lt. Col. in the US Army. He's blind and impossible to get along with. Charlie is at school and is looking forward to going to university; to help pay for a trip home for Christmas, he agrees to look after Frank over Thanksgiving. Frank's niece says this will be easy money, but she didn't reckon on Frank spending his Thanksgiving in New York.",R,63095253.0,366580.0,1,0,6,14,United States,English,"vietnam veteran, new york city, blindness and impaired vision, scholarship, boarding school, tango, thanksgiving, limousine, new hampshire, colonel",Universal Pictures,City Light Films,12.9673,7.788,4019,31000000.0,134100000.0,tt0105323,9.002
The Avengers,8.0,91.0,69.0,143.0,2012.0,"Action, Sci-Fi",Action,Sci-Fi,,Joss Whedon,Robert Downey Jr.,Chris Evans,Scarlett Johansson,,Joss Whedon,Zak Penn,"Loki, the adopted brother of Thor, teams-up with the Chitauri Army and uses the Tesseract's power to travel from Asgard to Midgard to plot the invasion of Earth and become a king. The director of the agency S.H.I.E.L.D., Nick Fury, sets in motion project Avengers, joining Tony Stark a.k.a. the Iron Man; Steve Rogers, a.k.a. Captain America; Bruce Banner, a.k.a. The Hulk; Thor; Natasha Romanoff, a.k.a. Black Widow; and Clint Barton, a.k.a. Hawkeye, to save the world from the powerful Loki and the alien invasion.",PG-13,623357910.0,1555308.0,0,1,40,81,United States,English,"new york city, superhero, shield, based on comic, alien invasion, superhero team, aftercreditsstinger, duringcreditsstinger, marvel cinematic universe (mcu)",Marvel Studios,,70.9768,8.064,39144,220000000.0,1518815515.0,tt0848228,8.204
Cars,7.3,74.0,73.0,116.0,2006.0,"Animation, Family, Sport, Comedy, Adventure",Animation,Family,Sport,John Lasseter,Owen Wilson,Bonnie Hunt,Paul Newman,,Dan Fogelman,John Lasseter,"While traveling to California for the dispute of the final race of the Piston Cup against The King and Chick Hicks, the famous Lightning McQueen accidentally damages the road of the small town Radiator Springs and is sentenced to repair it. Lightning McQueen has to work hard and finds friendship and love in the simple locals, changing its values during his stay in the small town and becoming a true winner.",G,244082982.0,528959.0,0,2,28,34,United States,English,"friendship, car race, sports, villain, success, route 66, porsche, retirement, road trip, anthropomorphism",Pixar,,19.4011,7.045,15343,120000000.0,461983149.0,tt0317219,9.601
The Accountant 2,6.6,75.0,58.0,132.0,2025.0,"Thriller, Action, Crime, Drama, Mystery",Thriller,Action,Crime,Gavin O'Connor,Ben Affleck,Jon Bernthal,Cynthia Addai-Robinson,,Bill Dubuque,,"When her former boss is killed by unknown assassins, Treasury Agent Marybeth Medina (Cynthia Addai-Robinson) is forced to contact Christian Wolff (Affleck) to solve the murder. With the help of his estranged but highly lethal brother Brax (Jon Bernthal), Chris applies his brilliant mind and less-than-legal methods to piece together the unsolved puzzle. As they get closer to the truth, the trio draw the attention of some of the most ruthless killers alive -- all intent on putting a stop to their search.",R,65523366.0,128394.0,0,0,1,6,United States,English,"hitman, autism, sequel, conspiracy, whodunit, insecure, accountant, mysterious death, brother brother relationship, grand",Artists Equity,51 Entertainment,14.5324,7.077,1874,80000000.0,103223366.0,tt7068946,8.403
The Accountant,7.3,53.0,51.0,128.0,2016.0,"Thriller, Action, Crime, Drama",Thriller,Action,Crime,Gavin O'Connor,Ben Affleck,Anna Kendrick,J.K. Simmons,,Bill Dubuque,,"Christian Wolff is a math savant with more affinity for numbers than people. Behind the cover of a small-town CPA office, he works as a freelance accountant for some of the world's most dangerous criminal organizations. With the Treasury Department's Crime Enforcement Division, run by Ray King, starting to close in, Christian takes on a legitimate client: a state-of-the-art robotics company where an accounting clerk has discovered a discrepancy involving millions of dollars. But as Christian uncooks the books and gets closer to the truth, it is the body count that starts to rise.",R,86260045.0,392294.0,0,0,3,5,United States,English,"prison, sniper, assassin, autism, military service, money, treasury department, sniper rifle, gunfight, loner",Zero Gravity Management,Electric City Entertainment,13.3843,7.138,7492,44000000.0,155160045.0,tt2140479,8.404
The Town,7.5,92.0,74.0,125.0,2010.0,"Drama, Thriller, Crime",Drama,Thriller,Crime,Ben Affleck,Ben Affleck,Rebecca Hall,Jon Hamm,,Peter Craig,Ben Affleck,"The Charlestown neighborhood of Boston is renowned for churning out a high number of armed robbers, generation after generation. These robbers never leave their Charlestown life on their own volition, the neighborhood where there is an unwritten code to protect that lifestyle. Such robbers include friends Doug MacRay, James Coughlin, Albert 'Gloansy' Magloan and Desmond Elden. Doug and James in particular treat each other like family, as the Coughlins have realistically been as such to Doug since Doug's mother ran off and Doug's father, Stephen MacRay, was sent to prison. James' single mother sister, the drugged out Krista Coughlin, and Doug have a casual sexual relationship. The foursome carry out a mostly successful bank robbery, but due to circumstances take the bank manager, Claire Keesey, hostage for a short period before releasing her physically unharmed. They find out that Claire lives in Charlestown, so they want to ensure that she did not see anything that could incriminate them if they were to ever run into her. As such, Doug begins a personal relationship with her to find out what she knows and what she's told the police and the FBI, who have taken charge of the investigation. He learns that she has kept some information from the authorities for her own protection but information that could identify James in particular. But Doug slowly falls for her, as she does for him. Ultimately, Doug dreams about leaving his Charlestown life to be with Claire anywhere but there. But Doug has to try and keep his true identity from her, and keep the fact that he is seeing her from his colleagues. But leaving is not as easy as he would like as he and the gang are tasked with a big job by a local gangster named Fergie whether Doug likes it or not. And Adam Frawley, the FBI's lead investigator, comes into evidence that links the foursome to the bank robbery and a subsequent armored car heist, so is on their tail for evidence that will send them away dead or alive.",R,92186262.0,444731.0,0,1,9,46,United States,English,"drug dealer, based on novel or book, ambulance, boston, massachusetts, money laundering, irish-american, bank manager, massachusetts, florist, flower shop",Legendary Pictures,GK Films,10.8192,7.225,5752,37000000.0,154026136.0,tt0840361,8.807
The Incredible Hulk,6.6,68.0,61.0,112.0,2008.0,"Action, Sci-Fi",Action,Sci-Fi,,Louis Leterrier,Edward Norton,Liv Tyler,Tim Roth,,Zak Penn,Stan Lee,"The story of Dr. Bruce Banner, who seeks a cure to his unique condition, which causes him to turn into a giant green monster under emotional stress, is depicted. Whilst on the run from military, which seeks his capture, Banner comes close to a cure. But he must contend with a new creature that emerges: The Abomination.",PG-13,134806913.0,563613.0,0,0,4,10,United States,English,"new york city, rio de janeiro, superhero, based on comic, fugitive, on the run, super soldier, scientist, virginia, military",Marvel Studios,Valhalla Motion Pictures,36.6015,6.251,12935,150000000.0,264770996.0,tt0800080,7.905
Iron Man 2,6.9,72.0,57.0,124.0,2010.0,"Action, Sci-Fi",Action,Sci-Fi,,Jon Favreau,Robert Downey Jr.,Mickey Rourke,Gwyneth Paltrow,,Justin Theroux,Stan Lee,"With the world now aware of his dual life as the armored superhero Iron Man, billionaire inventor Tony Stark faces pressure from the government, the press, and the public to share his technology with the military. Unwilling to let go of his invention, Stark, along with Pepper Potts, and James ""Rhodey"" Rhodes at his side, must forge new alliances - and confront powerful enemies.",PG-13,312433331.0,936571.0,0,1,7,45,United States,English,"technology, superhero, malibu, based on comic, sequel, revenge, aftercreditsstinger, marvel cinematic universe (mcu), break out",Marvel Studios,Fairview Entertainment,38.2415,6.855,22681,200000000.0,623933331.0,tt1228705,7.203
Iron Man,7.9,94.0,79.0,126.0,2008.0,"Action, Sci-Fi, Adventure",Action,Sci-Fi,Adventure,Jon Favreau,Robert Downey Jr.,Gwyneth Paltrow,Terrence Howard,,Mark Fergus,Hawk Ostby,"Tony Stark. Genius, billionaire, playboy, philanthropist. Son of legendary inventor and weapons contractor Howard Stark. When Tony Stark is assigned to give a weapons presentation to an Iraqi unit led by Lt. Col. James Rhodes, he's given a ride on enemy lines. That ride ends badly when Stark's Humvee that he's riding in is attacked by enemy combatants. He survives - barely - with a chest full of shrapnel and a car battery attached to his heart. In order to survive he comes up with a way to miniaturize the battery and figures out that the battery can power something else. Thus Iron Man is born. He uses the primitive device to escape from the cave in Iraq. Once back home, he then begins work on perfecting the Iron Man suit. But the man who was put in charge of Stark Industries has plans of his own to take over Tony's technology for other matters.",PG-13,319034126.0,1223183.0,0,2,24,73,United States,English,"middle east, kidnapping, superhero, arms dealer, based on comic, aftercreditsstinger, marvel cinematic universe (mcu), aggressive, counterterrorism, antagonistic",Marvel Studios,Marvel Entertainment,41.6124,7.664,28506,140000000.0,585174222.0,tt0371746,8.006
Captain America: The First Avenger,6.9,80.0,66.0,124.0,2011.0,"Action, Adventure, Sci-Fi",Action,Adventure,Sci-Fi,Joe Johnston,Chris Evans,Hugo Weaving,Samuel L. Jackson,,Christopher Markus,Stephen McFeely,"It is 1942, America has entered World War II, and sickly but determined Steve Rogers is frustrated at being rejected yet again for military service. Everything changes when Dr. Erskine recruits him for the secret Project Rebirth. Proving his extraordinary courage, wits and conscience, Rogers undergoes the experiment and his weak body is suddenly enhanced into the maximum human potential. When Dr. Erskine is then immediately assassinated by an agent of Nazi Germany's secret HYDRA research department (headed by Johann Schmidt, a.k.a. the Red Skull), Rogers is left as a unique man who is initially misused as a propaganda mascot; however, when his comrades need him, Rogers goes on a successful adventure that truly makes him Captain America, and his war against Schmidt begins.",PG-13,176654505.0,966241.0,0,0,4,50,United States,English,"new york city, nazi, superhero, heroism, based on comic, super soldier, brooklyn, new york city, aftercreditsstinger, marvel cinematic universe (mcu), origin story",Marvel Studios,Marvel Entertainment,19.1898,7.009,23012,140000000.0,370569774.0,tt0458339,6.801
Little Giants,6.5,50.0,,107.0,1994.0,"Sport, Family, Comedy",Sport,Family,Comedy,Duwayne Dunham,Rick Moranis,Ed O'Neill,Shawna Waldron,,James Ferguson,Robert Shallcross,"In Urbania, Ohio, snobby ex-football star Kevin O'Shea conducts try-outs for the town's Peewee football team, the Urbania Cowboys, which will compete for a chance at the state Peewee football playoffs. Kevin slights his younger brother Danny O'Shea by rejecting Danny's daughter Becky ""Icebox"" O'Shea, who is a good player. Kevin rejected her simply because she's a girl. Becky and some of her friends, boys who were also rejected, get the idea to start up their own team, to be coached by Danny. After Kevin tries to put a stop to that plan, Danny gets Kevin to agree to a game to decide which team will represent Urbania, because each town is allowed only one team. Danny and Becky scour the town in search of willing players, and they gather a crew of kids who have limited skills and no team spirit. They luck out when Becky discovers Junior Floyd expertly passing rolls of toilet paper right into a shopping cart at the supermarket, as though he's passing a football. With Becky and Junior on board, the new team, the Giants, has a chance to make a good showing, and they begin their training. But low morale continually threatens to break up the team. A chance visit by former NFL football coach John Madden and four NFL football stars -- Steve Entman, Bruce Smith, Emmitt Smith, and Tim Brown -- leaves the team with several tips on how to create an advantage. Becky develops a crush on Junior Floyd, and she's jealous when her cheerleader cousin Debbie flirts with Junior. Becky decides to compete for Junior on equal terms, so she puts on make-up and a cheerleader outfit, joining the cheerleaders and abandoning the team. But the Cowboys will be coming into the game with a vicious new player named Spike Hammersmith. Will Becky be there for the team if they need her?",PG,19306362.0,32582.0,0,0,0,0,United States,English,"sports, american football coach, kids' sports team",Amblin Entertainment,Warner Bros. Pictures,3.7875,6.518,483,20000000.0,19300000.0,tt0110364,6.301
Django Unchained,8.5,87.0,81.0,165.0,2012.0,"Western, Drama",Western,Drama,,Quentin Tarantino,Jamie Foxx,Christoph Waltz,Leonardo DiCaprio,,Quentin Tarantino,,"In 1858, a bounty hunter named King Schultz seeks out a slave named Django and buys him because he needs him to find some men he is looking for. After finding them, Django wants to find his wife, Broomhilda, who, along with him, was sold separately by his former owner for trying to escape. Schultz offers to help him if he chooses to stay with him and be his partner. Eventually they learn that she was sold to a plantation in Mississippi. Knowing they can't just go in and say they want her, they come up with a plan so that the owner will welcome them into his home and they can find a way.",R,162805434.0,1901438.0,2,0,58,158,United States,English,"rescue, friendship, bounty hunter, ku klux klan, texas, slavery, plantation, revenge, racism, slave trade",The Weinstein Company,Columbia Pictures,29.4449,8.2,28368,100000000.0,425368238.0,tt1853728,7.802
Bullet Train,7.3,53.0,49.0,127.0,2022.0,"Action, Thriller, Comedy",Action,Thriller,Comedy,David Leitch,Brad Pitt,Joey King,Aaron Taylor-Johnson,,Zak Olkewicz,Kôtarô Isaka,"Trained killer Ladybug wants to give up the life but is pulled back in by his handler Maria Beetle in order to collect a briefcase on a bullet train heading from Tokyo to Morioka. On board are fellow assasins Kimura, the Prince, Tangerine, and Lemon. Once on board the five assasins discover that their objectives are all connected.",R,103368602.0,519374.0,0,0,2,19,United States,English,"mission, japan, assassin, based on novel or book, hitman, briefcase, train, luck, runaway train, deadly snake",87North Productions,Columbia Pictures,23.0382,7.409,7756,90000000.0,239268602.0,tt12593682,7.503
Rush,8.1,88.0,74.0,123.0,2013.0,"Biography, Sport, Drama",Biography,Sport,Drama,Ron Howard,Daniel Brühl,Chris Hemsworth,Olivia Wilde,,Peter Morgan,,"Set against the sexy, glamorous golden age of Formula 1 racing in the 1970s, the film is based on the true story of a great sporting rivalry between handsome English playboy James Hunt (Hemsworth), and his methodical, brilliant opponent, Austrian driver Niki Lauda (Bruhl). The story follows their distinctly-different personal styles on and off the track, their loves, and the astonishing 1976 season in which both drivers were willing to risk everything to become world champion in a sport with no margin for error: if you make a mistake, you die.",R,26947624.0,554701.0,0,0,6,66,United Kingdom,English,"car race, sports, world champion, based on true story, racing, adventurer, formula one (f1), ambivalent, compassionate, exhilarated",Revolution Films,Working Title Films,12.0069,7.744,7950,38000000.0,90200000.0,tt1979320,7.504
Dunkirk,7.8,92.0,94.0,106.0,2017.0,"War, Drama, Action, History, Thriller",War,Drama,Action,Christopher Nolan,Fionn Whitehead,Barry Keoghan,Mark Rylance,,Christopher Nolan,,"May/June 1940. Four hundred thousand British and French soldiers are hole up in the French port town of Dunkirk. The only way out is via sea, and the Germans have air superiority, bombing the British soldiers and ships without much opposition. The situation looks dire and, in desperation, Britain sends civilian boats in addition to its hard-pressed Navy to try to evacuate the beleaguered forces. This is that story, seen through the eyes of a soldier amongst those trapped forces, two Royal Air Force fighter pilots, and a group of civilians on their boat, part of the evacuation fleet.",PG-13,189740665.0,800591.0,3,0,68,236,United Kingdom,English,"army, beach, france, allies, raf (royal air force), military officer, world war ii, evacuation, pilot, british army",Warner Bros. Pictures,Syncopy,16.8479,7.449,17782,150000000.0,549136737.0,tt5013056,7.505
Black Hawk Down,7.7,77.0,74.0,144.0,2001.0,"Drama, Action, History, War",Drama,Action,History,Ridley Scott,Josh Hartnett,Ewan McGregor,Tom Sizemore,,Mark Bowden,Ken Nolan,"Action/war drama based on the best-selling book detailing a near-disastrous mission in Somalia on October 3, 1993. On this date nearly 100 U.S. Army Rangers, commanded by Capt. Mike Steele, were dropped by helicopter deep into the capital city of Mogadishu to capture two top lieutenants of a Somali warlord. This led to a large and drawn-out firefight between the Army Rangers, US Special Forces, and hundreds of Somali gunmen, resulting in the destruction of two U.S. Black Hawk helicopters. The film focuses on the heroic efforts of various Rangers to get to the downed helicopters, centering on SSG Eversmann, leading the Ranger unit Chalk Four to the first crash site, Chief Warrant Officer Durant who was captured after being the only survivor of the second crash, as well as many others who were involved.",R,108638745.0,454170.0,2,0,11,37,United States,English,"based on novel or book, ambush, chaos, militia, prisoner of war, wound, somalia, warlord, famine, arms dealer",Jerry Bruckheimer Films,Revolution Studios,19.9933,7.398,6486,92000000.0,172989651.0,tt0265086,7.506
Mission: Impossible - Fallout,7.7,98.0,87.0,147.0,2018.0,"Action, Adventure, Thriller",Action,Adventure,Thriller,Christopher McQuarrie,Tom Cruise,Henry Cavill,Ving Rhames,,Bruce Geller,Christopher McQuarrie,"Two years after Ethan Hunt had successfully captured Solomon Lane, the remnants of the Syndicate have reformed into another organization called the Apostles. Under the leadership of a mysterious fundamentalist known only as John Lark, the organization is planning on acquiring three plutonium cores. Ethan and his team are sent to Berlin to intercept them, but the mission fails when Ethan saves Luther and the Apostles escape with the plutonium. With CIA agent August Walker joining the team, Ethan and his allies must now find the plutonium cores before it's too late.",PG-13,220159104.0,419025.0,0,0,26,42,United States,English,"mask, race against time, london, england, central intelligence agency (cia), helicopter, paris, france, chase, gun, spy, countdown",Paramount Pictures,Bad Robot,14.3463,7.451,9264,178000000.0,824171374.0,tt4912910,7.604
Oppenheimer,8.2,93.0,90.0,180.0,2023.0,"Biography, Drama, History",Biography,Drama,History,Christopher Nolan,Cillian Murphy,Emily Blunt,Matt Damon,,Christopher Nolan,Kai Bird,"A dramatization of the life story of J. Robert Oppenheimer, the physicist who had a large hand in the development of the atomic bomb, thus helping end World War 2. We see his life from university days all the way to post-WW2, where his fame saw him embroiled in political machinations.",R,330078895.0,1024033.0,7,0,370,378,United States,English,"husband wife relationship, based on novel or book, atomic bomb, patriotism, new mexico, world war ii, atomic bomb test, physics, biography, based on true story",Syncopy,Universal Pictures,54.1662,8.023,12199,100000000.0,952000000.0,tt15398776,8.007
Edge of Tomorrow,7.9,91.0,71.0,113.0,2014.0,"Action, Sci-Fi, Adventure",Action,Sci-Fi,Adventure,Doug Liman,Tom Cruise,Emily Blunt,Bill Paxton,,Christopher McQuarrie,Jez Butterworth,"An alien race has hit the Earth in an unrelenting assault, unbeatable by any military unit in the world. Major William Cage (Cruise) is an officer who has never seen a day of combat when he is unceremoniously dropped into what amounts to a suicide mission. Killed within minutes, Cage now finds himself inexplicably thrown into a time loop-forcing him to live out the same brutal combat over and over, fighting and dying again...and again. But with each battle, Cage becomes able to engage the adversaries with increasing skill, alongside Special Forces warrior Rita Vrataski (Blunt). And, as Cage and Vrataski take the fight to the aliens, each repeated encounter gets them one step closer to defeating the enemy!",PG-13,100206256.0,802767.0,0,0,11,38,United States,English,"deja vu, based on novel or book, restart, military officer, dystopia, affectation, time travel, training, alien, time loop",RatPac Entertainment,Village Roadshow Pictures,16.9233,7.641,15320,178000000.0,370541256.0,tt1631867,7.606
Inglourious Basterds,8.4,89.0,69.0,153.0,2009.0,"War, Drama",War,Drama,,Quentin Tarantino,Brad Pitt,Diane Kruger,Eli Roth,,Quentin Tarantino,,"In German-occupied France, young Jewish refugee Shosanna Dreyfus witnesses the slaughter of her family by Colonel Hans Landa. Narrowly escaping with her life, she plots her revenge several years later when German war hero Fredrick Zoller takes a rapid interest in her and arranges an illustrious movie premiere at the theater she now runs. With the promise of every major Nazi officer in attendance, the event catches the attention of the ""Basterds"", a group of Jewish-American guerrilla soldiers led by the ruthless Lt. Aldo Raine. As the relentless executioners advance and the conspiring young girl's plans are set in motion, their paths will cross for a fateful evening that will shake the very annals of history.",R,120540719.0,1778290.0,1,0,134,173,United States,English,"guerrilla warfare, paris, france, self sacrifice, world war ii, jew persecution, german occupation of france, resistance fighter, nazism, anti-fascism, amused",Universal Pictures,The Weinstein Company,20.2023,8.217,24528,70000000.0,321457747.0,tt0361748,8.205
The Hangover,7.7,79.0,73.0,100.0,2009.0,Comedy,Comedy,,,Todd Phillips,Zach Galifianakis,Bradley Cooper,Justin Bartha,,Jon Lucas,Scott Moore,"Angelenos Doug Billings and Tracy Garner are about to get married. Two days before the wedding, the four men in the wedding party - Doug, Doug's two best buddies Phil Wenneck and Stu Price, and Tracy's brother Alan Garner - hop into Tracy's father's beloved Mercedes convertible for a 24-hour stag party to Las Vegas. Phil, a married high school teacher, has the same maturity level as his students when he's with his pals. Stu, a dentist, is worried about everything, especially what his controlling girlfriend Melissa thinks. Because she disapproves of traditional male bonding rituals, Stu has to lie to her about the stag, he telling her that they are going on a wine tasting tour in the Napa Valley. Regardless, he intends on eventually marrying her, against the advice and wishes of his friends. And Alan seems to be unaware of what are considered the social graces of the western world. The morning after their arrival in Las Vegas, they awaken in their hotel suite each with the worst hangover. None remembers what happened in the past twelve or so hours. The suite is in shambles. And certain things are in the suite that shouldn't be, and certain things that should be in the suite are missing. Probably the most important in the latter category is Doug. As Phil, Stu and Alan try to find Doug using only what little pieces of information they have at hand, they go on a journey of discovery of how certain things got into the suite and what happened to the missing items. However they are on a race for time as if they can't find Doug in the next few hours, they are going to have to explain to Tracy why they are not yet back in Los Angeles. And even worse, they may not find Doug at all before the wedding.",R,277339746.0,922266.0,0,0,13,25,Germany,English,"amnesia, blackjack, stag night, lost weekend, chapel, hit with tire iron, memory loss, las vegas, drugs, joyous",Legendary Pictures,Green Hat Films,31.3658,7.337,18334,35000000.0,469310836.0,tt1119646,7.703
12 Angry Men,9.0,100.0,97.0,96.0,1957.0,"Crime, Drama",Crime,Drama,,Sidney Lumet,Henry Fonda,Lee J. Cobb,Martin Balsam,,Reginald Rose,,"The defense and the prosecution have rested, and the jury is filing into the jury room to decide if a young man is guilty or innocent of murdering his father. What begins as an open-and-shut case of murder soon becomes a detective story that presents a succession of clues creating doubt, and a mini-drama of each of the jurors' prejudices and preconceptions about the trial, the accused, AND each other. Based on the play, all of the action takes place on the stage of the jury room.",Approved,,981488.0,0,3,16,12,United States,English,"death penalty, anonymity, court case, judge, jurors, innocence, witness, knife, matter of life and death, based on play or musical",Orion-Nova Productions,,24.5472,8.567,10213,397751.0,4360000.0,tt0050083,7.704
Get Hard,6.0,28.0,34.0,100.0,2015.0,"Comedy, Crime, Drama",Comedy,Crime,Drama,Etan Cohen,Will Ferrell,Kevin Hart,Alison Brie,,Jay Martel,Ian Roberts,"Kevin Hart plays the role of Darnell--a family man desperate to get enough money to buy a house in a better area to benefit his family's well-being. He is hired by James (Will Ferrell), a wimpy stock trader who is about to go to prison for 10 years, to prepare him for life behind bars. The catch is that James thinks Darnell is an ex-con--not because Darnell told him that, but because James just assumed.",R,90411453.0,153868.0,0,0,0,2,United States,English,"prison, fbi, training, ignorance, securities, stocks and bonds , house arrest, betrayal, cultural difference, gang, los angeles, california",Gary Sanchez Productions,RatPac Entertainment,8.0507,6.016,2948,40000000.0,111800000.0,tt2561572,7.705
Air,7.4,93.0,73.0,111.0,2023.0,"Drama, Sport",Drama,Sport,,Ben Affleck,Matt Damon,Jason Bateman,Ben Affleck,,Alex Convery,,The history of the game-changing partnership between a then undiscovered Michael Jordan and Nike's fledgling basketball division which revolutionized the world of sports and culture with the Air Jordan brand.,R,52460106.0,190839.0,0,0,5,48,United States,English,"sports, based on true story, basketball, shoe, national basketball association (nba), duringcreditsstinger, 1980s",Amazon Studios,Skydance Sports,12.565,7.282,2384,80000000.0,90100000.0,tt16419074,7.706
The Mighty Ducks,6.6,27.0,46.0,104.0,1992.0,"Sport, Drama, Comedy, Family",Sport,Drama,Comedy,Stephen Herek,Emilio Estevez,Joss Ackland,Lane Smith,,Steven Brill,,"Gordon Bombay, a hotshot lawyer, is haunted by memories of his childhood, when, as the star player in his champion hockey team, he lost the winning goal in a shootout, thereby losing the game, and the approval of his coach. After being charged for drunk driving, the court orders him to coach a peewee hockey team, the worst in the league, Gordon is at first very reluctant. However, he eventually gains the respect of the kids and teaches them how to win, gaining a sponsor on the way and giving the team the name of The Ducks. In the finals, they face Gordon's old team, coached by Gordon's old coach, giving Gordon a chance to face old ghosts.",PG,50752337.0,76049.0,0,0,0,2,United States,English,"sports, ice hockey, nostalgic, the big game, minneapolis, kids' sports team",Touchwood Pacific Partners 1,Walt Disney Pictures,3.9473,6.592,995,10000000.0,50752337.0,tt0104868,7.801
Die Hard,8.2,94.0,72.0,132.0,1988.0,"Thriller, Action",Thriller,Action,,John McTiernan,Bruce Willis,Alan Rickman,Bonnie Bedelia,,Roderick Thorp,Jeb Stuart,"NYPD cop John McClane goes on a Christmas vacation to visit his wife Holly in Los Angeles where she works for the Nakatomi Corporation. While they are at the Nakatomi headquarters for a Christmas party, a group of robbers led by Hans Gruber take control of the building and hold everyone hostage, with the exception of John, while they plan to perform a lucrative heist. Unable to escape and with no immediate police response, John is forced to take matters into his own hands.",R,85892546.0,1021784.0,0,4,8,8,United States,English,"husband wife relationship, based on novel or book, s.w.a.t., fbi, christmas party, vault, heist, murder, shootout, los angeles, california",Gordon Company,Silver Pictures,18.9751,7.814,12487,28000000.0,140767956.0,tt0095016,7.803
Anchorman: The Legend of Ron Burgundy,7.1,66.0,63.0,94.0,2004.0,Comedy,Comedy,,,Adam McKay,Will Ferrell,Christina Applegate,Steve Carell,,Will Ferrell,Adam McKay,"In 1970s San Diego, journalism was a well respected profession and people actually cared about what they saw on TV. And the top rated anchor man in the city is Ron Burgundy. He enjoys his run at the top, and has for the last five years. And his news team is equally as good as he is. Professional jock and former professional baseball player Champ Kind handles the sports, the curiously dim witted Brick Tamland - who's a few channels short of a cable subscription - handles the weather, and ladies' man Brian Fantana - whose collection of fine scents would be in the Guinness Book Of Records - handles the on-field reporting. But now all that is about to change forever. The TV station Burgundy works for, Channel 4, has embraced diversity and has hired a beautiful new female anchor named Veronica Corningstone. While Ron Burgundy and the rest of the Channel 4 news team enjoys fighting with competitors, drinking, and flirting with the ladies, Veronica quietly climbs her way to the top. And Veronica's success drives Ron Burgundy crazy. So much that Veronica's meddling causes Ron to get demoted and ultimately lose his job with Channel 6. Now left with nothing, Ron must find a way to get back to the top - and that involves a story about a rare Chinese panda giving birth on US soil. Will Ron be the one to report the story on a national level?",PG-13,85288303.0,398569.0,0,0,1,13,United States,English,"1970s, journalism, sexism, ladder, rivalry, panda, tv show in film, mustache, screwball comedy, anchorman",DreamWorks Pictures,Apatow Productions,6.8696,6.702,4678,26000000.0,90574188.0,tt0357413,8.004
Groundhog Day,8.0,93.0,72.0,101.0,1993.0,"Fantasy, Drama, Romance, Comedy",Fantasy,Drama,Romance,Harold Ramis,Bill Murray,Andie MacDowell,Chris Elliott,,Danny Rubin,Harold Ramis,"A weather man is reluctantly sent to cover a story about a weather forecasting ""rat"" (as he calls it). This is his fourth year on the story, and he makes no effort to hide his frustration. On awaking the 'following' day, he discovers that it's Groundhog Day again, and again, and again. First he uses this to his advantage, then comes the realisation that he is doomed to spend the rest of eternity in the same place, seeing the same people do the same thing every day.",PG,71107962.0,733269.0,0,0,7,17,United States,English,"deja vu, groundhog, weather forecast, telecaster, pennsylvania, usa, alarm clock, winter, time warp, holiday, time loop",Columbia Pictures,,20.9624,7.635,9044,14600000.0,71108778.0,tt0107048,7.901
Spider-Man 2,7.5,93.0,83.0,127.0,2004.0,"Sci-Fi, Adventure, Action",Sci-Fi,Adventure,Action,Sam Raimi,Tobey Maguire,Kirsten Dunst,Alfred Molina,,Stan Lee,Steve Ditko,"Peter Parker is an unhappy man: after two years of fighting crime as Spider-Man, his life has begun to fall apart. The girl he loves is engaged to someone else, his grades are slipping, he cannot keep any of his jobs, and on top of it, the newspaper Daily Bugle is attacking him viciously, claiming that Spider-Man is a criminal. He reaches the breaking point and gives up the crime fighter's life, once and for all. But after a failed fusion experiment, eccentric and obsessive scientist Dr. Otto Octavius is transformed into super villain Doctor Octopus, Doc Ock for short, having four long tentacles as extra hands. Peter guesses it might just be time for Spider-Man to return, but would he act upon it?",PG-13,375087840.0,777496.0,1,0,25,60,United States,English,"new york city, dual identity, love of one's life, secret identity, superhero, pizza boy, based on comic, sequel, romance, doctor",Marvel Enterprises,Laura Ziskin Productions,34.2522,7.323,16670,200000000.0,788976453.0,tt0316654,7.805
No Time to Die,7.3,83.0,68.0,163.0,2021.0,"Action, Thriller, Adventure",Action,Thriller,Adventure,Cary Joji Fukunaga,Daniel Craig,Ana de Armas,Rami Malek,,Neal Purvis,Robert Wade,"Bond has left active service and is enjoying a tranquil life in Jamaica. His peace is short-lived when his old friend Felix Leiter from the CIA turns up asking for help. The mission to rescue a kidnapped scientist turns out to be far more treacherous than expected, leading Bond onto the trail of a mysterious villain armed with dangerous new technology.",PG-13,160891007.0,481524.0,1,0,52,75,United Kingdom,English,"biological weapon, based on novel or book, parent child relationship, forgiveness, poison, spy, mi6, family, british secret service, parents",EON Productions,Metro-Goldwyn-Mayer,16.4863,7.338,7278,250000000.0,774153024.0,tt2382320,7.806
The Social Network,7.8,96.0,95.0,120.0,2010.0,"Drama, Biography",Drama,Biography,,David Fincher,Jesse Eisenberg,Andrew Garfield,Justin Timberlake,,Aaron Sorkin,Ben Mezrich,"On a fall night in 2003, Harvard undergrad and computer programming genius Mark Zuckerberg sits down at his computer and heatedly begins working on a new idea. In a fury of blogging and programming, what begins in his dorm room soon becomes a global social network and a revolution in communication. A mere six years and 500 million friends later, Mark Zuckerberg is the youngest billionaire in history... but for this entrepreneur, success leads to both personal and legal complications.",PG-13,96962694.0,812001.0,3,0,174,188,United States,English,"hacker, based on novel or book, boston, massachusetts, ex-girlfriend, biography, based on true story, historical fiction, university, twins, docudrama",Columbia Pictures,Relativity Media,15.8442,7.375,13350,40000000.0,224920315.0,tt1285016,8.002
The Rip,6.8,77.0,63.0,113.0,2026.0,"Crime, Thriller, Drama, Mystery, Action",Crime,Thriller,Drama,Joe Carnahan,Matt Damon,Ben Affleck,Steven Yeun,,Joe Carnahan,Michael McGrale,"A Miami narcotics unit fractures from the inside after discovering a cartel stash house loaded with cash, six weeks after their captain's unsolved murder. The city itself feels like a pressure cooker, and the team feels it: loyalty curdles fast when the numbers have that many zeroes. Carnahan keeps the interrogation frame tight, feeding information in controlled doses, trusting the ensemble to carry the weight of suspicion before the plot demands anything explicit of them. It mostly works.",R,,123010.0,0,0,0,0,United States,English,"drug crime, miami, florida, police, investigation, cover-up, betrayal, shootout, dirty cop, trust, double cross",Artists Equity,,32.1482,7.088,1826,100000000.0,,tt32642706,7.605
Catch Me If You Can,8.1,96.0,75.0,141.0,2002.0,"Drama, Biography, Crime",Drama,Biography,Crime,Steven Spielberg,Leonardo DiCaprio,Tom Hanks,Christopher Walken,,Frank Abagnale Jr.,Stan Redding,"A true story about Frank Abagnale Jr. who, before his 19th birthday, successfully conned millions of dollars worth of checks as a Pan Am pilot, doctor, and legal prosecutor. An FBI agent makes it his mission to put him behind bars. But Frank not only eludes capture, he revels in the pursuit.",PG-13,164615351.0,1233450.0,0,2,16,46,United States,English,"fbi, con man, biography, based on true story, con artist, chameleon, attempted jailbreak, engagement party, mislaid trust, christmas",Kemp Company,Splendid Pictures,15.8478,7.978,17351,52000000.0,352114312.0,tt0264464,8.001
It's a Wonderful Life,8.6,94.0,89.0,130.0,1946.0,"Family, Fantasy, Romance, Drama",Family,Fantasy,Romance,Frank Capra,James Stewart,Donna Reed,Lionel Barrymore,,Frances Goodrich,Albert Hackett,"George Bailey has spent his entire life giving of himself to the people of Bedford Falls. He has always longed to travel but never had the opportunity in order to prevent rich skinflint Mr. Potter from taking over the entire town. All that prevents him from doing so is George's modest building and loan company, which was founded by his generous father. But on Christmas Eve, George's Uncle Billy loses the business's $8,000 while intending to deposit it in the bank. Potter finds the misplaced money and hides it from Billy. When the bank examiner discovers the shortage later that night, George realizes that he will be held responsible and sent to jail and the company will collapse, finally allowing Potter to take over the town. Thinking of his wife, their young children, and others he loves will be better off with him dead, he contemplates suicide. But the prayers of his loved ones result in a gentle angel named Clarence coming to earth to help George, with the promise of earning his wings. He shows George what things would have been like if he had never been born.",PG,1483643.0,552062.0,0,5,11,7,United States,English,"small town, angel, suicide attempt, holiday, christianity, bank, great depression, family business , black and white, nervous breakdown",Liberty Films,,15.7312,8.275,4987,3180000.0,9644124.0,tt0038650,8.505
Molly's Game,7.4,82.0,71.0,140.0,2017.0,"Drama, Biography, Crime",Drama,Biography,Crime,Aaron Sorkin,Jessica Chastain,Idris Elba,Kevin Costner,,Aaron Sorkin,Molly Bloom,"Molly Bloom, a beautiful young Olympic-class skier, ran the world's most exclusive high-stakes poker game for a decade before being arrested in the middle of the night by 17 FBI agents wielding automatic weapons. Her players included Hollywood royalty, sports stars, business titans, and finally, unbeknownst to her, the Russian mob. Her only ally was her criminal defense lawyer Charlie Jaffey, who learned that there was much more to Molly than the tabloids led us to believe.",R,28780744.0,199224.0,0,1,8,51,United States,English,"new york city, court, poker, gambling, bratva (russian mafia), olympic games, fbi, biography, arrest, based on true story",The Mark Gordon Company,Pascal Pictures,9.5468,7.156,4072,30000000.0,59284015.0,tt4209788,8.506
Rounders,7.3,63.0,53.0,121.0,1998.0,"Crime, Drama",Crime,Drama,,John Dahl,Matt Damon,Edward Norton,Gretchen Mol,,David Levien,Brian Koppelman,"John Dahl directed this exploration of New York private clubs devoted to high-stakes poker, with first-person narration from the film's central figure, law student Mike McDermott (Matt Damon), who loses his entire savings to Russian club owner Teddy KGB (John Malkovich). Mike then turns away from cards, devoting his attentions to his law studies and his live-in girlfriend Jo (Gretchen Mol), who's concerned when Mike's former gambling buddy Worm (Edward Norton) is released from prison. She has good reason to worry, since it takes Worm only a matter of minutes to draw Mike back into poker action. When she learns Mike has returned to the poker clubs, she moves out, and Mike begins to lose interest in his studies. Worm has a prison debt, and the threatening Grama (Michael Rispoli) wants the money. Mike not only indulges the irresponsible Worm, he gets involved in Worm's debts. When Grama demands $15,000 on a five-day deadline, the two buddies go into high gear with a non-stop, no-sleep gambling binge that spirals downward toward an ultimate confrontation with Teddy KGB.",R,22912409.0,167876.0,0,0,1,1,United States,English,"new york city, friendship, casino, poker, gambling, call girl, bratva (russian mafia), gambling debt, roulette, gain",Miramax,Spanky Pictures,6.5678,7.019,1962,12000000.0,22912409.0,tt0128442,8.606
Ocean's Eleven,7.7,83.0,74.0,116.0,2001.0,"Thriller, Crime",Thriller,Crime,,Steven Soderbergh,George Clooney,Brad Pitt,Julia Roberts,,George Clayton Johnson,Jack Golden Russell,"Danny Ocean wants to score the biggest heist in history. He combines an eleven member team, including Frank Catton, Rusty Ryan and Linus Caldwell. Their target? The Bellagio, the Mirage and the MGM Grand. All casinos owned by Terry Benedict. It's not going to be easy, as they plan to get in secretly and out with $150 million.",PG-13,183417150.0,668514.0,0,0,4,20,United States,English,"casino, pickpocket, heist, con artist, remake, caper, las vegas, inside man, security guard, ex-wife",Warner Bros. Pictures,Village Roadshow Pictures,17.0808,7.464,12739,85000000.0,450717150.0,tt0240772,8.704
L.A. Confidential,8.2,99.0,91.0,138.0,1997.0,"Crime, Drama, Thriller, Mystery",Crime,Drama,Thriller,Curtis Hanson,Kevin Spacey,Russell Crowe,Guy Pearce,,James Ellroy,Brian Helgeland,"1950's Los Angeles is the seedy backdrop for this intricate noir-ish tale of police corruption and Hollywood sleaze. Three very different cops are all after the truth, each in their own style: Ed Exley, the golden boy of the police force, willing to do almost anything to get ahead, except sell out; Bud White, ready to break the rules to seek justice, but barely able to keep his raging violence under control; and Jack Vincennes, always looking for celebrity and a quick buck until his conscience drives him to join Exley and White down the one-way path to find the truth behind the dark world of L.A. crime.",R,64616940.0,655630.0,2,0,91,86,United States,English,"corruption, based on novel or book, call girl, shotgun, detective, femme fatale, domestic violence, whodunit, corpse, district attorney",Regency Enterprises,Wolper Organization,11.8722,7.806,5644,35000000.0,126216940.0,tt0119488,8.605
The Green Mile,8.6,78.0,61.0,189.0,1999.0,"Crime, Fantasy, Mystery, Drama",Crime,Fantasy,Mystery,Frank Darabont,Tom Hanks,Michael Clarke Duncan,David Morse,,Stephen King,Frank Darabont,Based on Stephen King's 1996 novel of the same name. Stars Tom Hanks as a death row corrections officer during the U.S. Great Depression who witnesses supernatural events that occur after an enigmatic inmate (Michael Clarke Duncan) is brought to his facility.,R,136801374.0,1557536.0,0,4,15,37,United States,English,"mentally disabled, death penalty, based on novel or book, southern usa, psychopath, death row, jail guard, supernatural, great depression, prison guard",Castle Rock Entertainment,Darkwoods Productions,35.8835,8.506,19577,60000000.0,286801374.0,tt0120689,8.604
F1: The Movie,7.6,82.0,68.0,155.0,2025.0,"Sport, Drama",Sport,Drama,,Joseph Kosinski,Brad Pitt,Damson Idris,Javier Bardem,,Joseph Kosinski,Ehren Kruger,"Dubbed ""the greatest that never was,"" Sonny Hayes was FORMULA 1's most promising phenom of the 1990s until an accident on the track nearly ended his career. Thirty years later, he's a nomadic racer-for-hire when he's approached by his former teammate Ruben Cervantes, owner of a struggling FORMULA 1 team that is on the verge of collapse. Ruben convinces Sonny to come back to FORMULA 1 for one last shot at saving the team and being the best in the world. He'll drive alongside Joshua Pearce, the team's hotshot rookie intent on setting his own pace. But as the engines roar, Sonny's past catches up with him and he finds that in FORMULA 1, your teammate is your fiercest competition--and the road to redemption is not something you can travel alone.",PG-13,189642436.0,353753.0,1,0,31,129,United States,English,"sports, comeback, racing, race car driver, sport competition, aftercreditsstinger, beforecreditsstinger, rookie, formula one (f1), motorsport",Plan B Entertainment,Jerry Bruckheimer Films,33.7236,7.817,4422,300000000.0,634142436.0,tt16311594,8.602
Gladiator,8.5,80.0,67.0,155.0,2000.0,"Action, Adventure, Drama",Action,Adventure,Drama,Ridley Scott,Russell Crowe,Joaquin Phoenix,Connie Nielsen,,David Franzoni,John Logan,"Maximus is a powerful Roman general, loved by the people and the aging Emperor, Marcus Aurelius. Before his death, the Emperor chooses Maximus to be his heir over his own son, Commodus, and a power struggle leaves Maximus and his family condemned to death. The powerful general is captured and put into the Gladiator games until he dies. The only desire that fuels him now is the chance to rise to the top so that he will be able to look into the eyes of the man who will feel his revenge.",R,187705427.0,1844518.0,5,0,61,105,United States,English,"gladiator, rome, italy, arena, senate, roman empire, parent child relationship, emperor, slavery, ancient rome, revenge",Universal Pictures,Scott Free Productions,33.2267,8.23,21236,103000000.0,465516248.0,tt0172495,9.004
Casino Royale,8.0,94.0,80.0,144.0,2006.0,"Thriller, Action, Adventure",Thriller,Action,Adventure,Martin Campbell,Daniel Craig,Eva Green,Judi Dench,,Neal Purvis,Robert Wade,"James Bond (Daniel Craig) goes on his first mission as a 00. Le Chiffre (Mads Mikkelsen) is a banker to the world's terrorists. He is participating in a poker game at Montenegro, where he must win back his money, in order to stay safe amongst the terrorist market. The boss of MI6, known simply as ""M"" (Dame Judi Dench) sends Bond, along with Vesper Lynd Eva Green) to attend this game and prevent Le Chiffre from winning. Bond, using help from Felix Leiter (Jeffrey Wright), Rene Mathis (Giancarlo Giannini), and having Vesper pose as his partner, enters the most important poker game in his already dangerous career. But if Bond defeats Le Chiffre, will he and Vesper Lynd remain safe?",PG-13,167445960.0,739664.0,0,0,28,44,United States,English,"banker, casino, based on novel or book, poker, italy, spy, money, torture, terrorism, mi6",Metro-Goldwyn-Mayer,Columbia Pictures,18.6769,7.576,11875,150000000.0,599045960.0,tt0381061,8.702
Top Gun,7.0,57.0,50.0,109.0,1986.0,"Drama, Action",Drama,Action,,Tony Scott,Tom Cruise,Tim Robbins,Kelly McGillis,,Jim Cash,Jack Epps Jr.,"US Navy Lieutenant Pete Mitchell, call sign Maverick--an impetuous, daredevil pilot ace--is accepted into Top Gun, Miramar's elite Fighter School. But there, the impulsive young pilot will have to compete with the best of the best, including Iceman, a brilliant and highly competitive fellow student. Now, Mitchell must give his all; however, his father's mysterious and untimely demise still haunts him. Can Maverick prove his worth to Charlie, the flying school's no-nonsense astrophysics instructor? Will he be able to suppress his wild nature to win the prestigious Top Gun Trophy?",PG,180258178.0,550107.0,1,0,11,10,United States,English,"dying and death, secret love, lovesickness, airplane, loss of loved one, self-discovery, hostility, fighter pilot, pilot, training camp",Paramount Pictures,Don Simpson/Jerry Bruckheimer Films,22.7726,7.071,9768,15000000.0,356830601.0,tt0092099,8.705
Days of Thunder,6.1,38.0,60.0,107.0,1990.0,"Sport, Drama, Action",Sport,Drama,Action,Tony Scott,Tom Cruise,Nicole Kidman,Robert Duvall,,Robert Towne,Tom Cruise,"Cole Trickle enters the high-pressure world of Nascar racing. He's a hot driver with a hot temper, and this attitude gets him into trouble not only with other drivers, but members of his own team as well.",PG-13,82670733.0,104592.0,0,1,1,2,United States,English,"underdog, sports, stock car racing, daytona, car crash, rivalry, revenge, racing, crash, race car driver",Paramount Pictures,Don Simpson/Jerry Bruckheimer Films,7.5315,6.397,1759,60000000.0,157920733.0,tt0099371,8.706
Step Brothers,6.9,54.0,51.0,98.0,2008.0,Comedy,Comedy,,,Adam McKay,Will Ferrell,John C. Reilly,Mary Steenburgen,,Will Ferrell,Adam McKay,"Brennan Huff and Dale Doback are both about 40 when Brennan's mom and Dale's dad marry. The sons still live with the parents so they must now share a room. Initial antipathy threatens the household's peace and the parents' relationship. Dad lays down the law: both slackers have a month to find a job. Out of the job search and their love of music comes a pact that leads to friendship but more domestic disarray compounded by the boys' sleepwalking. Hovering nearby are Brennan's successful brother and his lonely wife: the brother wants to help sell his step-father's house, the wife wants Dale's attention, and the newlyweds want to retire and sail the seven seas. Can harmony come from the discord?",R,100468793.0,337892.0,0,0,3,2,United States,English,"becoming an adult, hostility, autonomy, childhood trauma, stepbrother, slacker, man child, buddy, aftercreditsstinger, duringcreditsstinger",Columbia Pictures,Mosaic Media Group,8.2219,6.561,3460,65000000.0,128100000.0,tt0838283,8.804
Mission: Impossible - Rogue Nation,7.4,94.0,75.0,131.0,2015.0,"Action, Adventure, Thriller",Action,Adventure,Thriller,Christopher McQuarrie,Tom Cruise,Rebecca Ferguson,Jeremy Renner,,Bruce Geller,Christopher McQuarrie,"CIA chief Hunley (Baldwin) convinces a Senate committee to disband the IMF (Impossible Mission Force), of which Ethan Hunt (Cruise) is a key member. Hunley argues that the IMF is too reckless. Now on his own, Hunt goes after a shadowy and deadly rogue organization called the Syndicate.",PG-13,195042377.0,445302.0,0,0,6,26,United States,English,"mask, mission, assassin, london, england, spy, morocco, villain, fake identity, austria, europe",Paramount Pictures,Bad Robot,14.0737,7.225,9836,150000000.0,682716636.0,tt2381249,8.802
Mission: Impossible - Dead Reckoning Part One,7.6,96.0,81.0,163.0,2023.0,"Action, Adventure, Thriller",Action,Adventure,Thriller,Christopher McQuarrie,Tom Cruise,Hayley Atwell,Ving Rhames,,Bruce Geller,Christopher McQuarrie,"Ethan Hunt and the IMF team must track down a terrifying new weapon that threatens all of humanity if it falls into the wrong hands. With control of the future and the fate of the world at stake, a deadly race around the globe begins. Confronted by a mysterious, all-powerful enemy, Ethan is forced to consider that nothing can matter more than the mission -- not even the lives of those he cares about most.",PG-13,172640980.0,326383.0,0,2,18,68,United States,English,"mask, race against time, mission, rome, italy, chase, secret mission, spy, fake identity, secret agent, sequel",Paramount Pictures,Skydance Media,17.3869,7.504,5255,220000000.0,571125435.0,tt9603212,8.803
Heat,8.3,84.0,76.0,170.0,1995.0,"Drama, Action, Crime",Drama,Action,Crime,Michael Mann,Al Pacino,Robert De Niro,Val Kilmer,,Michael Mann,,"Hunters and their prey--Neil and his professional criminal crew hunt to score big money targets (banks, vaults, armored cars) and are, in turn, hunted by Lt. Vincent Hanna and his team of cops in the Robbery/Homicide police division. A botched job puts Hanna onto their trail while they regroup and try to put together one last big 'retirement' score. Neil and Vincent are similar in many ways, including their troubled personal lives. At a crucial moment in his life, Neil disobeys the dictum taught to him long ago by his criminal mentor--'Never have anything in your life that you can't walk out on in thirty seconds flat, if you spot the heat coming around the corner'--as he falls in love. Thus the stage is set for the suspenseful ending....",R,67436818.0,800903.0,0,0,0,15,United States,English,"robbery, chase, gangster, obsession, detective, heist, remake, thief, honor, murder",Warner Bros. Pictures,Regency Enterprises,20.1041,7.941,8546,60000000.0,187400000.0,tt0113277,8.902
Seven,8.6,84.0,65.0,127.0,1995.0,"Mystery, Drama, Crime, Thriller",Mystery,Drama,Crime,David Fincher,Morgan Freeman,Brad Pitt,Kevin Spacey,,Andrew Kevin Walker,,"Taking place in a nameless city, Se7en follows the story of two homicide detectives tracking down a sadistic serial killer who chooses his victims according to the seven deadly sins. Brad Pitt stars as Detective David Mills, a hopeful but naive rookie who finds himself partnered with veteran Detective William Somerset (Morgan Freeman). Together they trace the killer's every step, witnessing the aftermath of his horrific crimes one by one as the victims pile up in rapid succession, all the while moving closer to a gruesome fate neither of them could have predicted.",R,101871174.0,2017106.0,0,1,29,44,United States,English,"rage and hate, police, s.w.a.t., sadism, self-fulfilling prophecy, psychopath, detective, investigation, insomnia, murder",New Line Cinema,Juno Pix,26.9722,8.38,23495,33000000.0,327311859.0,tt0114369,8.905
The Godfather,9.2,97.0,100.0,175.0,1972.0,"Crime, Drama",Crime,Drama,,Francis Ford Coppola,Marlon Brando,Al Pacino,James Caan,,Mario Puzo,Francis Ford Coppola,"The Godfather ""Don"" Vito Corleone is the head of the Corleone mafia family in New York. He is at the event of his daughter's wedding. Michael, Vito's youngest son and a decorated WWII Marine is also present at the wedding. Michael seems to be uninterested in being a part of the family business. Vito is a powerful man, and is kind to all those who give him respect but is ruthless against those who do not. But when a powerful and treacherous rival wants to sell drugs and needs the Don's influence for the same, Vito refuses to do it. What follows is a clash between Vito's fading old values and the new ways which may cause Michael to do the thing he was most reluctant in doing and wage a mob war against all the other mafia families which could tear the Corleone family apart.",R,136381073.0,2222804.0,3,0,31,31,United States,English,"based on novel or book, loss of loved one, love at first sight, italy, gangster, symbolism, patriarch, europe, organized crime, mafia",Paramount Pictures,Alfran Productions,48.1392,8.686,23311,6000000.0,245066411.0,tt0068646,8.904
A Few Good Men,7.8,85.0,62.0,138.0,1992.0,"Thriller, Drama",Thriller,Drama,,Rob Reiner,Tom Cruise,Jack Nicholson,Demi Moore,,Aaron Sorkin,,"In this dramatic courtroom thriller, LT Daniel Kaffee, a Navy lawyer who has never seen the inside of the courtroom, defends two stubborn Marines who have been accused of murdering a colleague. Kaffee is known as being lazy and had arranged for a plea bargain. Downey's Aunt Ginny appoints Cmdr. Galloway to represent him. Also on the legal staff is LTJG Sam Weinberg. The team rounds up many facts and Kaffee is discovering that he is really cut out for trial work. The defense is originally based upon the fact that PFC Santiago, the victim, was given a ""CODE RED"". Santiago was basically a screw-up. At Gitmo, screw-ups aren't tolerated. Especially by Col. Nathan Jessup. In Cuba, Jessup and two senior officers try to give all the help they can, but Kaffee knows something's fishy. In the conclusion of the film, the fireworks are set off by a confrontation between Jessup and Kaffee.",R,141340178.0,314572.0,0,4,11,30,United States,English,"underdog, dying and death, suicide, navy, right and justice, court case, suspicion of murder, guantanamo bay, marine corps, military court",David Brown Productions,Castle Rock Entertainment,13.0742,7.555,4260,40000000.0,243240178.0,tt0104257,8.903
Mission: Impossible - The Final Reckoning,7.1,80.0,67.0,169.0,2025.0,"Action, Thriller, Adventure",Action,Thriller,Adventure,Christopher McQuarrie,Tom Cruise,Hayley Atwell,Ving Rhames,,Bruce Geller,Christopher McQuarrie,"Ethan Hunt and the IMF team continue their search for the terrifying AI known as the Entity - which has infiltrated intelligence networks all over the globe - with the world's governments and a mysterious ghost from Ethan's past on their trail. Joined by new allies and armed with the means to shut the Entity down for good, Hunt is in a race against time to prevent the world as we know it from changing forever.",PG-13,197413515.0,226897.0,0,0,38,42,United States,English,"mask, artificial intelligence (a.i.), diving, submarine, espionage, spy, nuclear missile, fake identity, secret agent, stunt",Paramount Pictures,Skydance Media,27.1077,7.175,3021,400000000.0,598767057.0,tt9603208,7.303
Mississippi Grind,6.4,91.0,77.0,108.0,2015.0,"Drama, Comedy",Drama,Comedy,,Anna Boden,Ben Mendelsohn,Ryan Reynolds,Yvonne Landry,,Anna Boden,Ryan Fleck,"Down on his luck and facing financial hardship, Gerry teams up with a younger, charismatic poker player named Curtis in an attempt to change his luck. The two set off on a road trip through the South with visions of winning back what has been lost.",R,130541.0,27424.0,0,0,2,3,United States,English,"casino, poker, gambling, gambling debt, new orleans, louisiana, roulette, road trip, blackjack, debt, horse racing",Electric City Entertainment,Sycamore Pictures,2.7754,6.037,581,7100000.0,130541.0,tt2349144,5.303
Gangs of New York,7.5,72.0,72.0,167.0,2002.0,"Crime, Drama",Crime,Drama,,Martin Scorsese,Leonardo DiCaprio,Cameron Diaz,Daniel Day-Lewis,,Jay Cocks,Steven Zaillian,"In the god-forsaken district of early-1860s Lower Manhattan known as the Five Points, the vicious Nativist, Bill ""The Butcher"" Cutting, is the supreme overlord of an area riddled with crime, prostitution, theft and murder, as the American Civil War still rages on. Sixteen whole years after the brutal murder of his father from Bill's blood-stained hands, an orphaned Irish-American, Amsterdam Vallon, returns to this melting pot of corruption to avenge his untimely death; however, a lot has changed since then. Who can remember the once-innocent boy and now a young man bent on revenge, who works his way up to the hierarchy of Five Points? Will Amsterdam ever taste the dangerous but sweet fruit of retribution?",R,77812000.0,502256.0,0,10,50,135,United States,English,"rescue, immigrant, ship, fire, army, pickpocket, pig, gangster, irish-american, gang war",Miramax,Touchstone Pictures,8.3864,7.319,7348,100000000.0,193772504.0,tt0217505,8.101
Spider-Man: No Way Home,8.1,93.0,71.0,148.0,2021.0,"Action, Adventure, Sci-Fi, Fantasy",Action,Adventure,Sci-Fi,Jon Watts,Tom Holland,Zendaya,Benedict Cumberbatch,,Chris McKenna,Erik Sommers,"Peter Parker's secret identity is revealed to the entire world. Desperate for help, Peter turns to Doctor Strange to make the world forget that he is Spider-Man. The spell goes horribly wrong and shatters the multiverse, bringing in monstrous villains that could destroy the world.",PG-13,814866759.0,1017543.0,0,1,35,72,United States,English,"new york city, hero, showdown, magic, loss of loved one, secret identity, superhero, villain, portal, based on comic",Marvel Studios,Pascal Pictures,672.6253,7.9,22580,200000000.0,1921426073.0,tt10872600,8.306
Spider-Man: Far from Home,7.3,91.0,69.0,129.0,2019.0,"Action, Adventure, Sci-Fi, Comedy, Fantasy",Action,Adventure,Sci-Fi,Jon Watts,Tom Holland,Samuel L. Jackson,Jake Gyllenhaal,,Chris McKenna,Erik Sommers,"Our friendly neighborhood Super Hero decides to join his best friends Ned, MJ, and the rest of the gang on a European vacation. However, Peter's plan to leave super heroics behind for a few weeks are quickly scrapped when he begrudgingly agrees to help Nick Fury uncover the mystery of several elemental creature attacks, creating havoc across the continent.",PG-13,391283774.0,637793.0,0,0,11,26,United States,English,"venice, italy, secret identity, superhero, school trip, europe, based on comic, sequel, travel, aftercreditsstinger, duringcreditsstinger",Marvel Studios,Pascal Pictures,100.372,7.394,17322,160000000.0,1132723226.0,tt6320628,7.102
One Battle After Another,7.6,94.0,95.0,161.0,2025.0,"Crime, Thriller",Crime,Thriller,,Paul Thomas Anderson,Leonardo DiCaprio,Sean Penn,Benicio Del Toro,,Paul Thomas Anderson,Thomas Pynchon,"Washed-up revolutionary Bob exists in a state of stoned paranoia, surviving off-grid with his spirited, self-reliant daughter, Willa. When his evil nemesis resurfaces after 16 years and she goes missing, the former radical scrambles to find her, father and daughter both battling the consequences of his past.",R,72918884.0,397927.0,6,0,282,495,United States,English,"rebellion, based on novel or book, resistance, usa–mexico border, riot, interracial relationship, on the run, xenophobia, aftercreditsstinger, missing daughter",Warner Bros. Pictures,Ghoulardi Film Company,32.6852,7.344,4029,175000000.0,209377100.0,tt30144839,8.104
Spider-Man: Homecoming,7.4,92.0,73.0,133.0,2017.0,"Action, Sci-Fi, Adventure",Action,Sci-Fi,Adventure,Jon Watts,Tom Holland,Michael Keaton,Robert Downey Jr.,,Jonathan Goldstein,John Francis Daley,"A young Peter Parker/Spider-Man begins to navigate his newfound identity as web-slinging superhero Spider-Man. Thrilled by his experience with the Avengers, Peter returns home, where he lives with his Aunt May, under the watchful eye of his new mentor Tony Stark. Peter tries to fall back into his normal daily routine--distracted by thoughts of proving himself to be more than just your friendly neighborhood Spider-Man--but when the Vulture emerges as a new villain, everything that Peter holds most important will be threatened.",PG-13,334952829.0,816073.0,0,0,8,11,United States,English,"high school, new york city, washington dc, usa, secret identity, superhero, based on comic, coming of age, reboot, aftercreditsstinger, duringcreditsstinger",Marvel Studios,Pascal Pictures,251.4449,7.332,23563,175000000.0,880978185.0,tt2250912,7.707
The Amazing Spider-Man 2,6.6,50.0,53.0,142.0,2014.0,"Action, Adventure, Sci-Fi",Action,Adventure,Sci-Fi,Marc Webb,Andrew Garfield,Emma Stone,Jamie Foxx,,Alex Kurtzman,Roberto Orci,"We've always known that Spider-Man's most important conflict has been within himself: the struggle between the ordinary obligations of Peter Parker and the extraordinary responsibilities of Spider-Man. But in The Amazing Spider-Man 2, Peter Parker finds that his greatest battle is about to begin. It's great to be Spider-Man. For Peter Parker, there's no feeling quite like swinging between skyscrapers, embracing being the hero, and spending time with Gwen. But being Spider-Man comes at a price: only Spider-Man can protect his fellow New Yorkers from the formidable villains that threaten the city. With the emergence of Electro, Peter must confront a foe far more powerful than he. And as his old friend, Harry Osborn, returns, Peter comes to realize that all of his enemies have one thing in common: Oscorp.",PG-13,203605622.0,588917.0,0,0,4,30,United States,English,"new york city, experiment, obsession, secret identity, superhero, based on comic, sequel, electrocution, super power, masked superhero",Columbia Pictures,Matt Tolmach Productions,100.5369,6.552,14525,200000000.0,716934779.0,tt1872181,6.201
The Amazing Spider-Man,7.0,71.0,66.0,136.0,2012.0,"Action, Sci-Fi",Action,Sci-Fi,,Marc Webb,Andrew Garfield,Emma Stone,Rhys Ifans,,James Vanderbilt,Alvin Sargent,"Peter Parker (Garfield) is an outcast high schooler who was abandoned by his parents as a boy, leaving him to be raised by his Uncle Ben (Sheen) and Aunt May (Field). Like most teenagers, Peter is trying to figure out who he is and how he got to be the person he is today. Peter is also finding his way with his first high school crush, Gwen Stacy (Stone), and together, they struggle with love, commitment, and secrets. As Peter discovers a mysterious briefcase that belonged to his father, he begins a quest to understand his parents' disappearance - leading him directly to Oscorp and the lab of Dr. Curt Connors (Ifans), his father's former partner. As Spider-Man is set on a collision course with Connors' alter-ego, The Lizard, Peter will make life-altering choices to use his powers and shape his destiny to become a hero.",PG-13,262782352.0,763493.0,0,0,2,33,United States,English,"new york city, experiment, loss of loved one, superhero, based on comic, vigilante, teenage girl, teenage boy, super power, spider bite",Marvel Entertainment,Laura Ziskin Productions,105.3618,6.747,18839,215000000.0,758725893.0,tt0948470,7.302
300,7.6,61.0,52.0,117.0,2006.0,"Action, Drama",Action,Drama,,Zack Snyder,Gerard Butler,Lena Headey,David Wenham,,Zack Snyder,Kurt Johnstad,"In the Battle of Thermopylae of 480 BC an alliance of Greek city-states fought the invading Persian army in the mountain pass of Thermopylae. Vastly outnumbered, the Greeks held back the enemy in one of the most famous last stands of history. Persian King Xerxes led a Army of well over 100,000 (Persian king Xerxes before war has about 170,000 army) men to Greece and was confronted by 300 Spartans, 700 Thespians, and 400 Thebans. Xerxes waited for 10 days for King Leonidas to surrender or withdraw but left with no options he pushed forward. After 3 days of battle all the Greeks were killed. The Spartan defeat was not the one expected, as a local shepherd, named Ephialtes, defected to the Persians and informed Xerxes that the separate path through Thermopylae, which the Persians could use to outflank the Greeks, was not as heavily guarded as they thought.",R,210629101.0,904962.0,0,0,19,57,United States,English,"army, narration, gore, based on true story, based on comic, sword fight, massacre, ancient world, based on graphic novel, ancient greece",Virtual Studios,Legendary Pictures,15.4515,7.207,14949,65000000.0,456082343.0,tt0416449,6.802
Braveheart,8.3,74.0,68.0,178.0,1995.0,"Drama, War",Drama,War,,Mel Gibson,Mel Gibson,Sophie Marceau,Patrick McGoohan,,Randall Wallace,,"William Wallace is a Scottish rebel who leads an uprising against the cruel English ruler Edward the Longshanks, who wishes to inherit the crown of Scotland for himself. When he was a young boy, William Wallace's father and brother, along with many others, lost their lives trying to free Scotland. Once he loses another of his loved ones, William Wallace begins his long quest to make Scotland free once and for all, along with the assistance of Robert the Bruce.",R,75609945.0,1155463.0,5,0,34,34,United States,English,"england, scotland, loss of loved one, idealism, based on true story, catholic, medieval, war, dramatic, powerful",The Ladd Company,Icon Productions,15.0497,7.945,11297,72000000.0,213216216.0,tt0112573,9.003
She's the Man,6.4,45.0,45.0,105.0,2006.0,"Comedy, Romance, Sport",Comedy,Romance,Sport,Andy Fickman,Amanda Bynes,Channing Tatum,Laura Ramsey,,Ewan Leslie,Karen McCullah,"Here's the thing! Viola's soccer team at Cornwall gets cut. She wants to join the boys' team, but they do not allow girls. So she thinks, ""If you can't beat them, join them"". So she does! She disguises herself as her twin brother, Sebastian and goes out for the rival school, Illyria Boys' Soccer Team and makes it. Unfortunately, she didn't plan falling in love with her roommate Duke. But Duke has his eyes on Olivia. What makes matters worse is that Olivia starts to fall for Sebastian because he/she has a sensitive side. If things couldn't get more problematic, the real Sebastian (who was in London working on his music) comes home early. He arrives on campus and has no clue that he was replaced by his twin sister.",PG-13,33741133.0,188759.0,0,0,2,5,United States,English,"high school, sports, boarding school, roommates, twin sister, fake identity, mistaken identity, twin brother, cross dressing, football (soccer)",Lakeshore Entertainment,DreamWorks Pictures,11.6674,6.807,3343,20000000.0,57194667.0,tt0454945,0.9
Everything Must Go,6.4,73.0,65.0,97.0,2010.0,"Drama, Comedy",Drama,Comedy,,Dan Rush,Will Ferrell,Rebecca Hall,Christopher Jordan Wallace,,Dan Rush,Raymond Carver,"After Nick is fired from his sales job, mostly because of his penchant for alcohol, he comes home and finds that his wife has kicked him and all of his stuff out of the house and onto the front lawn. He is pretty intent on just sitting in his chair, drinking beer, on the lawn. His cop friend, Frank Garcia, thinks he should at least pretend to have a yard sale to make it legal. He slowly starts making friends with a neighborhood kid who needs something to do, and a pregnant wife who has just moved in across the street, and Nick finds himself moving on and selling all his stuff.",R,2711643.0,55062.0,0,0,0,1,United States,English,"alcohol, pregnancy, arizona, beer, playboy, salesman, repo man",IM Global,Temple Hill Entertainment,2.0802,6.166,674,5000000.0,2614773.0,tt1531663,1.1
Semi-Pro,5.8,23.0,47.0,91.0,2008.0,"Comedy, Sport",Comedy,Sport,,Kent Alterman,Will Ferrell,Woody Harrelson,André 3000,,Scot Armstrong,,"Three men, three dreams. It's 1976 in Flint, Michigan. Jackie Moon's American Basketball Association team languishes in last place, with few fans in the seats. Jackie dreams of a merger with the NBA. A tough-minded point guard named Monix is at the end of his career; he's played on the champion Celtics but accepts a trade to Flint to be close to Lynn, the love of his life. Clarence ""Coffee"" Brown dreams of stardom: he's the Tropics' best player, but he's a hotdog who doesn't value teamwork. When the trio learns that a merger is in the works that won't include the Tropics, they pull the team together to try to achieve the impossible. Can dreams come true in Flint?",R,33479698.0,88532.0,0,0,1,4,United States,English,"michigan, sports, 1970s, basketball, flint michigan, national basketball association (nba), merger, trade, garbage can, canon",New Line Cinema,Mosaic Media Group,3.5206,5.635,899,55000000.0,33500000.0,tt0839980,1.3
The Waterboy,6.2,32.0,41.0,90.0,1998.0,"Sport, Comedy",Sport,Comedy,,Frank Coraci,Adam Sandler,Kathy Bates,Henry Winkler,,Tim Herlihy,Adam Sandler,"Bobby Boucher is the lowly waterboy for a college football team, until the coach discovers his amazing talent for tackling people much bigger than him. He signs the Waterboy as the new star player, but Bobby must keep it secret from his overbearing and domineering mother.",PG-13,161491646.0,189980.0,0,0,6,6,United States,English,"sports, stutter, louisiana, social outcast, ridicule, deserted by husband, low self esteem, waterboy, college american football",Touchstone Pictures,,6.4638,6.06,2067,23000000.0,185991646.0,tt0120484,2.3
Shutter Island,8.2,69.0,63.0,138.0,2010.0,"Thriller, Mystery",Thriller,Mystery,,Martin Scorsese,Leonardo DiCaprio,Emily Mortimer,Mark Ruffalo,,Laeta Kalogridis,Dennis Lehane,"In 1954, up-and-coming U.S. marshal Teddy Daniels is assigned to investigate the disappearance of a patient from Boston's Shutter Island Ashecliffe Hospital. He's been pushing for an assignment on the island for personal reasons, but before long he thinks he's been brought there as part of a twisted plot by hospital doctors whose radical treatments range from unethical to illegal to downright sinister. Teddy's shrewd investigating skills soon provide a promising lead, but the hospital refuses him access to records he suspects would break the case wide open. As a hurricane cuts off communication with the mainland, more dangerous criminals ""escape"" in the confusion, and the puzzling, improbable clues multiply, Teddy begins to doubt everything - his memory, his partner, even his own sanity.",R,128012934.0,1644111.0,0,0,11,66,Canada,English,"island, based on novel or book, concentration camp, hurricane, investigation, psychiatric hospital, mental institution, escaped patient, psychologist, psychological thriller",Paramount Pictures,Phoenix Pictures,24.5037,8.197,26190,80000000.0,294804195.0,tt1130884,3.1
Raging Bull,8.1,92.0,90.0,129.0,1980.0,"Sport, Biography, Drama",Sport,Biography,Drama,Martin Scorsese,Robert De Niro,Cathy Moriarty,Joe Pesci,,Jake LaMotta,Joseph Carter,"When Jake LaMotta steps into a boxing ring and obliterates his opponent, he's a prizefighter. But when he treats his family and friends the same way, he's a ticking time bomb, ready to go off at any moment. Though LaMotta wants his family's love, something always seems to come between them. Perhaps it's his violent bouts of paranoia and jealousy. This kind of rage helped make him a champ, but in real life, he winds up in the ring alone.",R,23383987.0,407608.0,2,0,24,28,United States,English,"florida, new york city, jealousy, transporter, sports, brother, paranoia, violent husband, boxer, biography",United Artists,Winkler Films,10.0604,7.898,4838,18000000.0,23380203.0,tt0081398,4.0
Fences,7.2,92.0,79.0,139.0,2016.0,Drama,Drama,,,Denzel Washington,Denzel Washington,Viola Davis,Stephen McKinley Henderson,,August Wilson,,"Troy Maxson makes his living as a sanitation worker in 1950s Pittsburgh. Maxson once dreamed of becoming a professional baseball player, but was deemed too old when the major leagues began admitting black athletes. Bitter over his missed opportunity, Troy creates further tension in his family when he squashes his son's chance to meet a college football recruiter.",PG-13,57682904.0,122477.0,1,0,60,122,United States,English,"garbageman , war veteran, baseball, father, based on play or musical, family relationships, racism, pittsburgh, pennsylvania, life story, father son relationship",Paramount Pictures,MACRO,5.1471,6.893,2836,24000000.0,64400000.0,tt2671706,4.1
Dune: Part One,8.0,83.0,74.0,155.0,2021.0,"Sci-Fi, Adventure, Drama, Action",Sci-Fi,Adventure,Drama,Denis Villeneuve,Timothée Chalamet,Rebecca Ferguson,Zendaya,,Jon Spaihts,Denis Villeneuve,"A mythic and emotionally charged hero's journey, ""Dune"" tells the story of Paul Atreides, a brilliant and gifted young man born into a great destiny beyond his understanding, who must travel to the most dangerous planet in the universe to ensure the future of his family and his people. As malevolent forces explode into conflict over the planet's exclusive supply of the most precious resource in existence-a commodity capable of unlocking humanity's greatest potential-only those who can conquer their fear will survive.",PG-13,108897830.0,1038179.0,6,0,178,299,Canada,English,"empire, future, army, based on novel or book, prophecy, dystopia, emperor, sand, spice, chosen one",Legendary Pictures,,32.5635,7.783,15277,165000000.0,410668500.0,tt1160419,4.2
Tombstone,7.8,76.0,50.0,130.0,1993.0,"History, Biography, Drama, Western",History,Biography,Drama,George P. Cosmatos,Kurt Russell,Val Kilmer,Sam Elliott,,Kevin Jarre,,"After success cleaning up Dodge City, Wyatt Earp moves to Tombstone, Arizona, and wishes to get rich in obscurity. He meets his brothers there, as well as his old friend Doc Holliday. A band of outlaws that call themselves The Cowboys are causing problems in the region with various acts of random violence, and inevitably come into confrontation with Holliday and the Earps, which leads to a shoot-out at the O.K. Corral.",R,56505065.0,188298.0,0,0,0,2,United States,English,"right and justice, saloon, arizona, retirement, historical figure, wyatt earp, doc holliday, gambler, tuberculosis, gunfighter",Cinergi Pictures,Alphaville Films,9.6079,7.586,2509,25000000.0,73205065.0,tt0108358,4.3
Taxi Driver,8.2,89.0,94.0,114.0,1976.0,"Crime, Drama",Crime,Drama,,Martin Scorsese,Robert De Niro,Jodie Foster,Cybill Shepherd,,Paul Schrader,,"Travis Bickle is an ex-Marine and Vietnam War veteran living in New York City. As he suffers from insomnia, he spends his time working as a taxi driver at night, watching porn movies at seedy cinemas during the day, or thinking about how the world, New York in particular, has deteriorated into a cesspool. He's a loner who has strong opinions about what is right and wrong with mankind. For him, the one bright spot in humanity is Betsy, a worker on the presidential nomination campaign of Senator Charles Palantine. After an incident, he believes he has to do whatever he needs to make the world a better place.",R,28262574.0,1023905.0,0,4,22,21,United States,English,"drug dealer, vietnam veteran, new york city, taxi, pornography, obsession, taxi driver, 1970s, pimp, observer",Bill/Phillips Productions,Columbia Pictures,21.9325,8.123,13642,1900000.0,28579636.0,tt0075314,4.4
Thunderstruck,5.2,27.0,,94.0,2012.0,"Family, Comedy, Fantasy, Sport",Family,Comedy,Fantasy,John Whitesell,Kevin Durant,Taylor Gray,Jim Belushi,,Eric Champnella,Jeff Farley,"A fun and energetic family basketball movie starring Kevin Durant AS HIMSELF, a basketball star who switches talent with a klutzy 16 year old fan. When Brian, a hopelessly uncoordinated young fan magically switches talents with his hero, Kevin Durant, he becomes the star of his high school team...while Kevin Durant suddenly can't make a shot to save his life. But with the playoffs approaching, Brian learns that being a true winner involves working hard at your own game, and he tries to make things right in time to prevent a catastrophic end to his hero's season.",PG,587211.0,6022.0,0,0,0,0,United States,English,basketball,Stunts Unlimited,Warner Premiere,3.1474,6.187,254,587211.0,587211.0,tt2041488,5.103
Crooked Arrows,5.9,42.0,42.0,105.0,2012.0,"Drama, Sport",Drama,Sport,,Steve Rash,Brandon Routh,Gil Birmingham,Crystal Allen,,Brad Riddell,Todd Baird,A story centered on a Native American lacrosse team making its way through a prep school league tournament.,PG-13,1832541.0,2119.0,0,0,0,3,United States,English,"sports, lacrosse, duringcreditsstinger, native american culture, feelgood, underdogs and coming of age",,,2.0962,6.109,46,13000000.0,1832541.0,tt1954352,5.002
The Blind Side,7.6,66.0,53.0,129.0,2009.0,"Drama, Sport, Biography",Drama,Sport,Biography,John Lee Hancock,Quinton Aaron,Sandra Bullock,Tim McGraw,,John Lee Hancock,Michael Lewis,"Based on the true story of Leigh Anne Tuohy and Sean Tuohy who take in a homeless teenage African-American, Michael Oher. Michael has no idea who his father is and his mother is a drug addict. Michael has had little formal education and few skills to help him learn. Leigh Anne soon takes charge however, as is her nature, ensuring that the young man has every opportunity to succeed. When he expresses an interest in football, she goes all out to help him, including giving the coach a few ideas on how best to use Michael's skills. They not only provide him with a loving home, but hire a tutor to help him improve his grades to the point where he would qualify for an NCAA Division I athletic scholarship. Michael Oher was the first-round pick of the Baltimore Ravens in the 2009 NFL draft.",PG-13,255982860.0,383190.0,1,0,9,30,United States,English,"sports, american football, adoption, private school, education, based on true story, memphis, tennessee, duringcreditsstinger, christian, high school american football",Alcon Entertainment,Netter Productions,12.4196,7.665,6919,29000000.0,309231694.0,tt0878804,5.001
Project X,6.7,28.0,46.0,88.0,2012.0,"Comedy, Thriller",Comedy,Thriller,,Nima Nourizadeh,Thomas Mann,Oliver Cooper,Jonathan Daniel Brown,,Matt Drake,Michael Bacall,"It's Thomas Kub's 17th birthday and all he wants to do is throw a small party with some friends to help raise his social status and maybe even get lucky. But when his best friend Costa starts calling radio stations and putting ads up on Craigslist, you can be sure that this party is going to get really out of hand really fast.",R,54731865.0,255328.0,0,0,0,5,United States,English,"high school, birthday, birthday party, mockumentary, house party, teen movie, high school student, fake documentary, faux documentary",Silver Pictures,Green Hat Films,14.8945,6.922,6969,12000000.0,102731865.0,tt1636826,5.101
Grown Ups,6.0,10.0,30.0,102.0,2010.0,Comedy,Comedy,,,Dennis Dugan,Adam Sandler,Salma Hayek,Kevin James,,Adam Sandler,Fred Wolf,"In 1978, five 12-year-olds win a CYO basketball championship. Thirty years later, they gather with their families for their coach's funeral and a weekend at a house on a lake where they used to party. By now, each is a grownup with problems and challenges: Marcus is alone and drinks too much. Rob, with three daughters he rarely sees, is always deeply in love until he turns on his next ex-wife. Eric is overweight and out of work. Kurt is a househusband, henpecked by wife and mother-in-law. Lenny is a successful Hollywood agent married to a fashion designer with three kids and his two sons take their privilege for granted. Can the outdoors help these grownups rediscover connections or is this chaos in the making?",PG-13,162001186.0,309387.0,0,0,3,4,United States,English,"friendship, overweight, affectation, convertible, swing, foot, friends, arrow, buddy comedy, buddies",Columbia Pictures,Relativity Media,26.4179,6.431,6807,80000000.0,271457606.0,tt1375670,5.404
Goon,6.8,81.0,64.0,92.0,2011.0,"Comedy, Sport, Drama",Comedy,Sport,Drama,Michael Dowse,Seann William Scott,Jay Baruchel,Alison Pill,,Jay Baruchel,Evan Goldberg,"Doug Glatt of Orange, Massachusetts is floundering in life, having no real sense of where he fits. He doesn't have the book-smarts to become a doctor like his adoptive father or his gay adoptive brother Ira. And he doesn't have the passion that his best friend Pat has for his self-appointed work, hosting a hockey-based cable call-in show, Hot Ice. Because his fists and skull are like steel, Doug is good at the enforcement part of his job as a bouncer despite his innocent, naturally-friendly approach to dealing with people and situations. An incident involving Doug in the stands of an Orangetown Assassins minor-league hockey game leads to the coach, Rollie Hortense, offering Doug a tryout with the team as its enforcer, although Rollie has no idea if Doug even knows how to play ice hockey (he doesn't). Learning just enough hockey skills, Doug makes the team, but Rollie believes that he'd be a bigger asset on his brother Ronnie Hortense's team, the Halifax Highlanders. Ronnie has one player, Xavier LaFlamme, who was once well on his way to a successful NHL career, until he was blown a vicious hit three years ago by aged enforcer Ross ""the Boss"" Rhea, after which Xavier lost his hockey mojo. Doug's role would be to protect Xavier while somehow giving him the confidence to feel safe playing hockey freely again. Doug relishes this new role, first with the Assassins then with the Highlanders, as he likes hockey and he stands up for what and who he believes in. But Doug might have obstacles in proving himself to those that matter: the coaches, his family, his fellow players--especially Xavier--and a girl named Eva, who's already in a relationship, but Doug is falling for her. He must also prove himself to Ross the Boss, whom Xavier has not met on the ice since that hit.",R,4168528.0,92809.0,0,0,1,13,United States,English,"sports, ice hockey, misfit, bouncer, minor leagues, duringcreditsstinger",Inferno Pictures,Don Carmody Productions,3.5545,6.43,1046,12000000.0,6985158.0,tt1456635,5.102
John Wick: Chapter 2,7.4,89.0,75.0,122.0,2017.0,"Action, Thriller, Crime",Action,Thriller,Crime,Chad Stahelski,Keanu Reeves,Riccardo Scamarcio,Ian McShane,,Derek Kolstad,,"Bound by an inescapable blood debt to the Italian crime lord, Santino D'Antonio, and with his precious 1969 Mustang still stolen, John Wick--the taciturn and pitiless assassin who thirsts for seclusion--is forced to visit Italy to honour his promise. But, soon, the Bogeyman will find himself dragged into an impossible task in the heart of Rome's secret criminal society, as every killer in the business dreams of cornering the legendary Wick who now has an enormous price on his head. Drenched in blood and mercilessly hunted down, John Wick can surely forget a peaceful retirement as no one can make it out in one piece.",R,92029184.0,564980.0,0,0,4,10,United States,English,"martial arts, assassin, rome, italy, hitman, roof, secret organization, sequel, revenge, shootout, dog",Thunder Road,87Eleven,15.0502,7.343,14461,40000000.0,171539887.0,tt4425200,5.003
Righteous Kill,6.0,18.0,36.0,101.0,2008.0,"Crime, Mystery, Thriller",Crime,Mystery,Thriller,Jon Avnet,Robert De Niro,Al Pacino,Carla Gugino,,Russell Gewirtz,,"Turk and Rooster, two aging NYPD detectives and longtime partners, are hunting a serial killer who is murdering sociopathic criminals. They both have personal issues, and when they start working with a younger investigative team, Perez and Riley, tensions between the two teams is inevitable, especially since Turk is now living with Perez's ex-girlfriend, also a homicide detective.",R,40081410.0,95382.0,0,0,1,2,United States,English,"revenge, murder, dirty cop, depressed",Nu Image,Millennium Media,7.3461,5.9,1375,60000000.0,79498846.0,tt1034331,5.201
The Firm,6.9,76.0,58.0,154.0,1993.0,"Thriller, Mystery, Crime, Drama",Thriller,Mystery,Crime,Sydney Pollack,Tom Cruise,Jeanne Tripplehorn,Gene Hackman,,John Grisham,David Rabe,"Mitch McDeere is a young man with a promising future in Law. About to sit his Bar exam, he is approached by 'The Firm' and made an offer he doesn't refuse. Seduced by the money and gifts showered on him, he is totally oblivious to the more sinister side of his company. Then, two Associates are murdered. The FBI contact him, asking him for information and suddenly his life is ruined. He has a choice - work with the FBI, or stay with the Firm. Either way he will lose his life as he knows it. Mitch figures the only way out is to follow his own plan...",R,158348367.0,160376.0,0,2,3,7,United States,English,"blackmail, married couple, fbi, cayman islands, memphis, tennessee, mafia, lawyer, death, law firm, paranoid",Mirage Enterprises,Paramount Pictures,8.9989,6.744,2354,42000000.0,270248367.0,tt0106918,5.203
Anyone But You,6.1,53.0,52.0,103.0,2023.0,"Comedy, Romance",Comedy,Romance,,Will Gluck,Sydney Sweeney,Glen Powell,Alexandra Shipp,,Ilana Wolpert,Will Gluck,"After an amazing first date, Bea and Ben's fiery attraction turns ice-cold--until they find themselves unexpectedly reunited at a wedding in Australia. So they do what any two mature adults would do: pretend to be a couple.",R,88319668.0,163540.0,0,0,1,5,United States,English,"australia, hiking, romcom, based on play or musical, law school, aftercreditsstinger, duringcreditsstinger, fake dating, destination wedding, comforting",Olive Bridge Entertainment,Roth-Kirschenbaum Films,20.3454,6.758,3162,25000000.0,214891370.0,tt26047818,5.301
Two for the Money,6.2,22.0,50.0,122.0,2005.0,"Drama, Sport, Crime",Drama,Sport,Crime,D.J. Caruso,Matthew McConaughey,Al Pacino,Rene Russo,,Dan Gilroy,,"Brandon Lang loves football: an injury keeps him from the pros, but his quarterback's anticipation makes him a brilliant predictor of games' outcomes. Needing money, he leaves Vegas for Manhattan to work for Walter Abrams advising gamblers. Walter has a doting wife, a young daughter, and a thriving business, but he has problems: a bum heart, a belief he's a master manipulator, and addictions barely kept in check. He remakes Brandon, and a father-son relationship grows. Then, things go awry. Walter may be running a con. The odds against Brandon mount.",R,22991379.0,52857.0,0,0,0,2,United States,English,"bet, career, sports, american football, greed, based on true story",Morgan Creek Entertainment,,3.6831,6.058,729,35000000.0,30526509.0,tt0417217,5.302
Dumb and Dumber,7.3,69.0,41.0,107.0,1994.0,Comedy,Comedy,,,Peter Farrelly,Jim Carrey,Jeff Daniels,Lauren Holly,,Peter Farrelly,Bennett Yellin,"Harry and Lloyd are two good friends who happen to be really stupid. The duo set out on a cross country trip from Providence to Aspen, Colorado to return a briefcase full of money to its rightful owner, a beautiful woman named Mary Swanson. After a trip of one mishap after another, the duo eventually make it to Aspen. But the two soon realize that Mary and her briefcase are the least of their problems.",PG-13,127190327.0,441244.0,0,0,5,3,United States,English,"gas station, utah, motel, stupidity, cigar smoking, road trip, pill, prank, criminal, buddy",New Line Cinema,Motion Picture Corporation of America,15.0843,6.66,6845,16000000.0,247275374.0,tt0109686,6.001
Ocean's Twelve,6.5,55.0,58.0,125.0,2004.0,"Thriller, Crime",Thriller,Crime,,Steven Soderbergh,George Clooney,Brad Pitt,Julia Roberts,,George Nolfi,George Clayton Johnson,"They pulled off one of the biggest heists ever and now they have another job to complete. Ocean's Eleven, which consisted off Danny Ocean (Clooney), Rusty Ryan (Pitt) and Linus Caldwell (Damon) and others, all thought they would be able to enjoy their money, but someone has other plans. Terry Benedict (Garcia) is still fuming after losing his money and wants it back. The team now have the job of getting all the money they spent back, or risk being thrown in jail. How are they going to get it all back? By pulling off another amazing plan.",PG-13,125544280.0,435634.0,0,0,4,10,United States,English,"paris, france, rome, italy, amsterdam, netherlands, competition, ex-girlfriend, stolen money, master thief, sequel, heist, caper",Warner Bros. Pictures,Jerry Weintraub Productions,12.3975,6.565,8034,110000000.0,362744280.0,tt0349903,6.106
The Great Gatsby,7.2,49.0,55.0,143.0,2013.0,"Drama, Romance",Drama,Romance,,Baz Luhrmann,Leonardo DiCaprio,Carey Mulligan,Joel Edgerton,,Baz Luhrmann,Craig Pearce,"An adaptation of F. Scott Fitzgerald's Long Island-set novel, where Midwesterner Nick Carraway is lured into the lavish world of his neighbor, Jay Gatsby. Soon enough, however, Carraway sees through the cracks of Gatsby's nouveau riche existence, where obsession, madness, and tragedy await.",PG-13,144857996.0,641730.0,2,0,51,86,Australia,English,"infidelity, based on novel or book, obsession, hope, long island, new york, 1920s, voiceover",Warner Bros. Pictures,Village Roadshow Pictures,12.4542,7.348,13065,105000000.0,351040419.0,tt1343092,6.003
The Bourne Legacy,6.6,56.0,61.0,135.0,2012.0,"Action, Adventure, Thriller",Action,Adventure,Thriller,Tony Gilroy,Jeremy Renner,Rachel Weisz,Edward Norton,,Tony Gilroy,Dan Gilroy,"When a British reporter was writing an expose about Black Ops operations Treadstone and Black Briar, and the ones responsible for them are concerned. And when Jason Bourne, former Treadstone operative got the file on Treadstone and Black Briar and gave it to Pamela Landy who then passed it to the media. When the men behind Treadstone and Black Briar learn of this, they're concerned how this will affect other ops they have. They decide it's best to shut down all ops and make sure make everyone involved disappears. They try to take out Aaron Cross who is part of another op called Outcome, but he manages to survive. He then seeks out Dr. Marta Shearing who worked on him when he began. It seems part of the program is for all subjects to take medications but he has run out, which is why he seeks her. But someone tries to kill her. He saves her and she tells him, he should have stopped taking the medications long ago. They go to Manila so that she can help him. Later the men behind Outcome learn that Cross and Shearing are still alive. They try to get them.",PG-13,113203870.0,325874.0,0,0,1,12,United States,English,"assassin, espionage, wolf, maryland, sequel, covert operation, sniper rifle, rooftop, exploding house, laptop",Universal Pictures,Relativity Media,8.3356,6.254,6214,130000000.0,276600000.0,tt1194173,6.304
Anchorman 2: The Legend Continues,6.3,74.0,61.0,119.0,2013.0,Comedy,Comedy,,,Adam McKay,Will Ferrell,Christina Applegate,Paul Rudd,,Will Ferrell,Adam McKay,"Having left San Diego for New York City, Ron Burgundy is living the high life with his wife Veronica Corningstone and son Walter Burgundy. However, when the boss decides to promote Veronica to full time lead anchor and fire Ron, everything changes. Now heading back to San Diego, Ron is washed up and working part time at Sea World. His shot at redemption though comes in the form of a man named Freddie Schapp, who's an executive producer at the Global News Network, the world's first 24 hour round the clock news channel. He hires Ron, who proceeds to reunite the news team of Champ, Brick, and Brian, and head back to New York City. While there Ron and his news team are given the graveyard shift and a challenge. Ron comes up with a radical new idea to transform the news and that puts him at the top of the game once again. But how long will Ron's newfound fame last? And will Brick finally find true love?",PG-13,127352707.0,200591.0,0,0,1,23,United States,English,"journalism, sequel, language, mustache, gang warfare, aftercreditsstinger, news spoof, news, tv news anchor, cable news",Gary Sanchez Productions,Paramount Pictures,5.9406,6.143,2866,50000000.0,173700000.0,tt1229340,6.103
The Hurt Locker,7.5,96.0,95.0,131.0,2008.0,"Thriller, Drama, War",Thriller,Drama,War,Kathryn Bigelow,Jeremy Renner,Anthony Mackie,Brian Geraghty,,Mark Boal,,"An intense portrayal of elite soldiers who have one of the most dangerous jobs in the world: disarming bombs in the heat of combat. When a new sergeant, James, takes over a highly trained bomb disposal team amidst violent conflict, he surprises his two subordinates, Sanborn and Eldridge, by recklessly plunging them into a deadly game of urban combat, behaving as if he's indifferent to death. As the men struggle to control their wild new leader, the city explodes into chaos, and James' true character reveals itself in a way that will change each man forever.",R,17017811.0,496169.0,6,0,125,130,United States,English,"rescue, sniper, explosive, loyalty, us army, car bomb, iraq, tension, disaster, terrorism",First Light,Kingsgate Films,8.5539,7.252,6278,15000000.0,49259766.0,tt0887912,6.202
The Big Short,7.8,89.0,81.0,130.0,2015.0,"Drama, Biography, Comedy, History",Drama,Biography,Comedy,Adam McKay,Christian Bale,Steve Carell,Ryan Gosling,,Charles Randolph,Adam McKay,"Three separate but parallel stories of the U.S mortgage housing crisis of 2005 are told. Michael Burry, an eccentric ex-physician turned one-eyed Scion Capital hedge fund manager, has traded traditional office attire for shorts, bare feet and a Supercuts haircut. He believes that the US housing market is built on a bubble that will burst within the next few years. Autonomy within the company allows Burry to do largely as he pleases, so Burry proceeds to bet against the housing market with the banks, who are more than happy to accept his proposal for something that has never happened in American history. The banks believe that Burry is a crackpot and therefore are confident in that they will win the deal. Jared Vennett with Deutschebank gets wind of what Burry is doing and, as an investor believes he too can cash in on Burry's beliefs. An errant telephone call to FrontPoint Partners gets this information into the hands of Mark Baum, an idealist who is fed up with the corruption in the financial industry. Baum and his associates, who work at an arms length under Morgan Stanley, decide to join forces with Vennett despite not totally trusting him. In addition to Burry's information, they further believe that most of the mortgages are overrated by the bond agencies, with the banks collating all the sub-prime mortgages under AAA packages. Charlie Geller and Jamie Shipley, who are minor players in a $30 million start-up garage company called Brownfield, get a hold of Vennett's prospectus on the matter. Wanting in on the action but not having the official clout to play, they decide to call an old ""friend"", retired investment banker Ben Rickert, to help out. All three of these groups work on the premise that the banks are stupid and don't know what's going on, while for them to win, the general economy has to lose, which means the suffering of the general investor who trusts the financial institutions. That latter aspect may not sit well with Baum. Some of these assumptions may be incorrect and may be far more manipulative than they could have ever imagined, which in turn may throw curves into the process.",R,70259870.0,532875.0,1,0,37,81,United States,English,"based on novel or book, bank, fraud, wall street, biography, based on true story, finances, animated scene, historical fiction, loan",Paramount Pictures,Regency Enterprises,14.8588,7.369,9967,28000000.0,133346506.0,tt1596363,6.602
The Greatest Game Ever Played,7.4,62.0,55.0,120.0,2005.0,"Drama, Sport, Biography",Drama,Sport,Biography,Bill Paxton,Shia LaBeouf,Stephen Dillane,Elias Koteas,,Mark Frost,,"Near the turn of the twentieth century, young Harry Vardon becomes a champion golfer but learns that his amazing skill is no match for the class boundaries that exclude him from ""gentlemanly"" English society. A dozen years later, a young American, Francis Ouimet, fights against the same prejudice, as well as his own father's disdain, for a chance to participate in the U.S. Open against his idol -- Harry Vardon. The struggles of both men for acceptance provides the background for an amazing contest of skills.",PG,15337393.0,35625.0,0,0,0,3,United States,English,"friendship, sports, golf, champion, biography, based on true story, 1910s, 1900s, inspirational, idol",Walt Disney Pictures,,4.6038,7.305,550,26000000.0,15431177.0,tt0388980,6.406
Reservoir Dogs,8.2,90.0,81.0,99.0,1992.0,"Crime, Thriller",Crime,Thriller,,Quentin Tarantino,Harvey Keitel,Tim Roth,Michael Madsen,,Quentin Tarantino,Roger Avary,"Six thugs, who are strangers to each other, are hired by a crime boss, Joe Cabot, to carry out a diamond robbery. Right at the outset, they are given false names with the intention that they won't get too close and will concentrate on the job instead. They are completely sure that the robbery is going to be a success. But, when the police show up right at the time and the site of the robbery, panic spreads amongst the group members, and two of them are killed in the subsequent shootout, along with a few policemen and civilians. When the remaining people assemble at the premeditated rendezvous point (a warehouse), they begin to suspect that one of them is an undercover cop.",R,2832029.0,1164336.0,0,0,13,23,United States,English,"escape, jewelry, psychopath, traitor, ear, heist, thief, betrayal, plan gone wrong, gang",Live Entertainment,Dog Eat Dog Productions,17.3448,8.111,15674,1200000.0,2859750.0,tt0105236,6.101
El Camino,7.3,92.0,72.0,122.0,2019.0,"Drama, Crime, Thriller",Drama,Crime,Thriller,Vince Gilligan,Aaron Paul,Jonathan Banks,Matt Jones,,Vince Gilligan,,"Finally free from torture and slavery at the hands of Tod's uncle Jack, and from Mr. White, Jesse must escape demons from his past. He's on the run from a police manhunt, with his only hope of escape being Saul Goodman's hoover guy, Ed Galbraith. A man who for the right price, can give you a new identity and a fresh start. Jesse is racing against the clock, with help from his crew, avoiding capture to get enough money together to buy a 'new dust filter for his Hoover MaxExtract PressurePro model', a new life.",TV-MA,,332259.0,0,0,4,24,United States,English,"new mexico, drugs, meth lab, albuquerque, new mexico, crystal meth, based on tv series, methamphetamine",Sony Pictures Television,Gran Via Productions,9.9522,7.048,5755,,,tt9243946,6.004
Dead Poets Society,8.1,85.0,79.0,128.0,1989.0,"Comedy, Drama",Comedy,Drama,,Peter Weir,Robin Williams,Robert Sean Leonard,Ethan Hawke,,Tom Schulman,,"Painfully shy Todd Anderson has been sent to the school where his popular older brother was valedictorian. His roommate, Neil Perry, although exceedingly bright and popular, is very much under the thumb of his overbearing father. The two, along with their other friends, meet Professor Keating, their new English teacher, who tells them of the Dead Poets Society, and encourages them to go against the status quo. Each does so in his own way, and is changed for life.",PG,95860116.0,643802.0,1,0,20,19,United States,English,"individual, friendship, philosophy, poetry, literature, professor, coming of age, teacher, school play, new england",A Steven Haft Production,Witt/Thomas Productions,23.3445,8.3,12805,16400000.0,235860116.0,tt0097165,6.407
The Upside,7.1,,46.0,126.0,2017.0,"Comedy, Drama",Comedy,Drama,,Neil Burger,Kevin Hart,Bryan Cranston,Nicole Kidman,,Jon Hartmere,Éric Toledano,"Philip is a disabled billionaire, who feels that life is not worth living. To help him in his day-to-day routine, he hires Del, a parolee who is trying to reconnect with his estranged wife. What begins as a professional relationship develops into a friendship as Del shows his grouchy charge that life is worth living.",PG-13,108252517.0,68121.0,0,0,2,3,United States,English,"based on true story, remake, class differences, caregiver, man in wheelchair, interracial friendship, social differences, rich man, quadriplegia, male nurse",Escape Artists,,8.9261,7.129,1421,37500000.0,125856180.0,tt1987680,6.903
Space Jam,6.5,46.0,57.0,88.0,1996.0,"Animation, Sport, Fantasy, Sci-Fi, Comedy, Family, Adventure",Animation,Sport,Fantasy,Joe Pytka,Michael Jordan,Wayne Knight,Theresa Randle,,Leo Benvenuti,Steve Rudnick,"Swackhammer, owner of the amusement park planet Moron Mountain is desperate get new attractions and he decides that the Looney Tune characters would be perfect. He sends his diminutive underlings to get them to him, whether Bugs Bunny and Co. want to go or not. Well armed for their size, Bugs Bunny is forced to trick them into agreeing to a competition to determine their freedom. Taking advantage of their puny and stubby legged foes, the gang selects basketball for the surest chance of winning. However, the Nerdlucks turn the tables and steal the talents of leading professional basketball stars to become massive basketball bruisers known as the Monstars. In desperation, Bugs Bunny calls on the aid of Michael Jordan, the Babe Ruth of basketball, to help them have a chance at winning their freedom.",PG,90594962.0,228174.0,0,0,5,8,United States,English,"sports, cartoon, villain, basketball, slapstick comedy, alien, doctor, alien invasion, cartoon cat, basketball team",Warner Bros. Family Entertainment,Ivan Reitman Productions,9.1654,6.806,6496,80000000.0,250200000.0,tt0117705,7.006
The Intouchables,8.5,75.0,57.0,112.0,2011.0,"Comedy, Drama",Comedy,Drama,,Olivier Nakache,François Cluzet,Omar Sy,Anne Le Ny,,Olivier Nakache,Éric Toledano,"Philippe, a wealthy quadriplegic, hires Driss, an ex-convict, as his caregiver. Despite cultural and social differences, the two form a deep friendship that transforms their lives. Through humor, empathy, and mutual respect, they navigate physical, emotional, and social challenges. The film explores friendship, personal growth, and human dignity, blending comedy and drama to highlight the transformative power of connection and understanding across divides.",R,10198820.0,1024790.0,0,0,38,40,France,French,"friendship, male friendship, based on true story, inspiring story, aristocrat, paragliding, unlikely friendship, duringcreditsstinger, quadriplegic, quadriplegia",Gaumont,Quad Productions,27.4581,8.272,18662,13000000.0,426590315.0,tt1675434,6.904
Donnie Brasco,7.7,88.0,77.0,127.0,1997.0,"Biography, Crime, Drama",Biography,Crime,Drama,Mike Newell,Al Pacino,Johnny Depp,Michael Madsen,,Joseph D. Pistone,Richard Woodley,"This true story follows FBI agent Joe Pistone as he infiltrates the mafia of New York. Befriending Lefty Ruggiero, Pistone (under the name Donnie Brasco) is able to embed himself in a mafia faction led by Sonny Black. Ruggiero and Pistone become tight as the group goes about collecting money for 'the bosses'. Eventually, the group become big-time when Black himself becomes a boss; all the while, Pistone collects evidence. However, the trials and tribulations of the undercover work become more than Pistone can bear. His marriage falls apart, and to top it off, the mafia suspect a mole in the organization. The real dilemma is afforded to Pistone, who knows if he walks away from the mafia, Ruggiero will be the one punished.",R,41909762.0,352285.0,0,1,2,16,United States,English,"florida, new york city, undercover, gangster, 1970s, based on true story, mobster, mafia, dirty cop, informant",Mark Johnson Productions,Baltimore Pictures,9.4865,7.536,4933,35000000.0,124909762.0,tt0119008,7.201
Skyfall,7.8,92.0,81.0,143.0,2012.0,"Action, Thriller, Adventure",Action,Thriller,Adventure,Sam Mendes,Daniel Craig,Javier Bardem,Naomie Harris,,Neal Purvis,Robert Wade,"When James Bond's (Daniel Craig's) latest assignment goes gravely wrong and Agents around the world are exposed, MI6 is attacked, forcing (M Dame Judi Dench) to relocate the agency. These events cause her authority and position to be challenged by Gareth Mallory (Ralph Fiennes), the new Chairman of the Intelligence and Security Committee. With MI6 now compromised from both inside and out, M is left with one ally she can trust: Bond. 007 takes to the shadows, aided only by field agent, Miss Eve Moneypenny (Naomie Harris), following a trail to the mysterious Tiago Rodriguez, a.k.a. Raoul Silva (Javier Bardem), whose lethal and hidden motives have yet to reveal themselves.",PG-13,304360277.0,768360.0,2,0,69,125,United Kingdom,English,"spy, aston martin, secret agent, sociopath, police impersonator, hacking, mi6, killer, art gallery, british secret service",Metro-Goldwyn-Mayer,EON Productions,13.3285,7.265,16281,200000000.0,1108594176.0,tt1074638,6.803
The Truman Show,8.2,94.0,90.0,103.0,1998.0,"Comedy, Drama",Comedy,Drama,,Peter Weir,Jim Carrey,Ed Harris,Laura Linney,,Andrew Niccol,,"Since birth, a big fat lie defines the well-organised but humdrum life of the kind-hearted insurance salesman and ambitious explorer, Truman Burbank. Utterly unaware of the thousands of cleverly hidden cameras watching his every move, for nearly three decades, Truman's entire existence pivots around the will and the wild imagination of the ruthlessly manipulative television producer, Christof--the all-powerful TV-God of an extreme 24/7 reality show: The Truman Show. As a result, Truman's picturesque neighbourhood with the manicured lawns and the uncannily perfect residents is nothing but an elaborate state-of-the-art set, and the only truth he knows is what the worldwide television network and its deep financial interests dictate. Do lab rats know they are forever imprisoned?",PG,125618201.0,1356843.0,0,3,42,69,United States,English,"escape, paranoia, dystopia, dark comedy, suspicion, video surveillance, deception, hidden camera, simulated reality , television producer",Paramount Pictures,Scott Rudin Productions,23.6511,8.2,20586,60000000.0,264118712.0,tt0120382,7.307
Dodgeball: A True Underdog Story,6.7,72.0,55.0,92.0,2004.0,"Comedy, Sport",Comedy,Sport,,Rawson Marshall Thurber,Ben Stiller,Christine Taylor,Vince Vaughn,,Rawson Marshall Thurber,,"White Goodman (Ben Stiller) is the owner and founder of Globo Gym, and would love nothing more than owning Average Joe's Gymnasium. Peter LaFleur (Vince Vaughn) doesn't want to lose his gym to Goodman, but can't find a way to get $50,000 in time. Peter and his gang of gym buddies think of ways to raise money, finally settling on winning a dodge ball tournament. White Goodman retaliates by creating his own dodge ball team to finish off Peter. Peter's team doesn't do too well, until legendary ADAA champ Patches O'Houlihan (Rip Torn) turns up ready to train them.",PG-13,114326736.0,280557.0,0,0,2,9,Germany,English,"underdog, sports, love at first sight, competition, gymnasium, bodyguard, oddball, cheerleader, cheerleading, sexual harassment",20th Century Fox,Red Hour,8.5489,6.363,3907,20000000.0,168423227.0,tt0364725,7.104
1917,8.2,88.0,78.0,119.0,2019.0,"War, Drama",War,Drama,,Sam Mendes,Dean-Charles Chapman,George MacKay,Daniel Mays,,Sam Mendes,Krysty Wilson-Cairns,"April 1917, the Western Front. Two British soldiers are sent to deliver an urgent message to an isolated regiment. If the message is not received in time the regiment will walk into a trap and be massacred. To get to the regiment they will need to cross through enemy territory. Time is of the essence and the journey will be fraught with danger.",R,159227644.0,769457.0,3,0,137,202,United Kingdom,English,"race against time, world war i, british army, survival, soldier, period drama, real time, trenches, 1910s, trench warfare",DreamWorks Pictures,Reliance Entertainment,16.892,7.984,13745,100000000.0,446064352.0,tt8579674,7.305
Memento,8.4,94.0,83.0,113.0,2000.0,"Thriller, Mystery",Thriller,Mystery,,Christopher Nolan,Guy Pearce,Carrie-Anne Moss,Joe Pantoliano,,Christopher Nolan,Jonathan Nolan,"Memento chronicles two separate stories of Leonard, an ex-insurance investigator who can no longer build new memories, as he attempts to find the murderer of his wife, which is the last thing he remembers. One story line moves forward in time while the other tells the story backwards revealing more each time.",R,25544867.0,1432382.0,0,2,57,59,United States,English,"drug dealer, amnesia, insulin, tattoo, waitress, motel, manipulation, flashback, confusion, revenge",Newmarket Films,Summit Entertainment,19.0725,8.175,16535,9000000.0,40060108.0,tt0209144,7.004
21,6.8,36.0,48.0,123.0,2008.0,"Drama, Crime, Thriller",Drama,Crime,Thriller,Robert Luketic,Jim Sturgess,Kate Bosworth,Kevin Spacey,,Peter Steinfeld,Allan Loeb,"Ben Campbell is a young, highly intelligent, student at M.I.T. in Boston who strives to succeed. Wanting a scholarship to transfer to Harvard School of Medicine with the desire to become a doctor, Ben learns that he cannot afford the $300,000 for the four to five years of schooling as he comes from a poor, working-class background. But one evening, Ben is introduced by his unorthodox math professor Micky Rosa into a small but secretive club of five. Students Jill, Choi, Kianna, and Fisher, who are being trained by Professor Rosa of the skill of card counting at blackjack. Intrigued by the desire to make money, Ben joins his new friends on secret weekend trips to Las Vegas where, using their skills of code talk and hand signals, they have Ben make hundreds of thousands of dollars in winning blackjack at casino after casino. Ben only wants to make enough money for the tuition to Harvard and then back out. But as fellow card counter, Jill Taylor, predicts, Ben becomes corrupted by greed and his arrogance at winning which lets his feelings get in the way, and it also puts Professor Rosa, as well as the group, on the radar of a brutal casino security enforcer, named Cole Williams, who holds a personal grudge of some kind against Rosa which threatens to undo everything the students have learned and earned.",PG-13,81159365.0,279934.0,0,0,1,5,United States,English,"friendship, card game, casino, gambling, professor, harvard university, cohabitant, college, girlfriend, studies",Columbia Pictures,Relativity Media,8.1625,6.693,5101,35000000.0,159808370.0,tt0478087,7.205
50 First Dates,6.8,45.0,48.0,99.0,2004.0,"Drama, Romance, Comedy",Drama,Romance,Comedy,Peter Segal,Adam Sandler,Drew Barrymore,Rob Schneider,,George Wing,,"Henry Roth lives in a Hawaiian paradise with the company of endless women with no strings attached. This is until he meets Lucy Whitmore. Both Henry and Lucy enjoy the company of each other and feel the start of a serious relationship occurring. Approaching Lucy the next day, Henry is confused when Lucy fails to recognize him. This is the moment Henry discovers that Lucy actually suffers from short term memory loss and can't remember each individual day. Henry won't let this stop him and is prepared to make her fall in love with him all over again, each and every day.",PG-13,120908074.0,413878.0,0,0,6,10,United States,English,"amnesia, hawaii, romcom, deception, womanizer, love, car accident, screwball comedy, short-term memory loss, true love",Columbia Pictures,Anonymous Content,13.6399,6.873,7842,75000000.0,196482882.0,tt0343660,7.903
The Sandlot,7.8,66.0,55.0,101.0,1993.0,"Drama, Sport, Comedy, Family",Drama,Sport,Comedy,David Mickey Evans,Tom Guiry,Mike Vitar,Art LaFleur,,David Mickey Evans,Robert Gunter,"Scotty Smalls moves to a new neighborhood with his mom and stepdad, and wants to learn to play baseball. Rodriguez, the neighborhood baseball guru, takes Smalls under his wing - soon he becomes part of the local baseball buddies. They fall into adventures involving baseball, treehouse sleep-ins, the desirous lifeguard at the local pool, the snooty rival ball team, and the travelling fair. Beyond the fence at the back of the sandlot menaces a legendary ball-eating dog called The Beast, and the kids inevitably must deal with him.",PG,32950136.0,113061.0,0,0,1,2,United States,English,"sports, baseball, tree house, dog, fourth of july, san fernando valley, fence, 1960s, mastiff, kids' sports team",Island World,20th Century Fox,8.2212,7.564,1353,7000000.0,34348444.0,tt0108037,8.107
Gran Turismo,7.1,,48.0,134.0,2023.0,"Action, Adventure, Drama, Sport",Action,Adventure,Drama,Neill Blomkamp,David Harbour,Orlando Bloom,Archie Madekwe,,Jason Hall,Zach Baylin,"Jann is an avid gamer from Cardiff who spends his days playing Gran Turismo, refusing to succeed in the real world. Meanwhile, in Tokyo, Danny, a marketing manager for the Nissan automobile corporation, is running an advertising campaign and, together with the management of Gran Turismo, hatches a plan to launch a competition inviting gamers to try their luck in real racing cars. Needing help organizing an event, Danny turns to Jack, a former racing driver and incorrigible cynic. When fate brings Jann together with Danny and Jack, the gamer becomes the driver of a Nissan racing car, plunging headlong into the fight for a place in the sun in the competitive world of real racing.",PG-13,44428554.0,134755.0,0,0,0,3,United States,English,"sports, based on true story, racing, based on video game, aftercreditsstinger, duringcreditsstinger, motorsport, awestruck, enthusiastic, hopeful",PlayStation Productions,2.0 Entertainment,17.0796,7.697,3501,60000000.0,121700000.0,tt4495098,8.003
Fight Club,8.8,81.0,67.0,139.0,1999.0,"Drama, Crime, Thriller",Drama,Crime,Thriller,David Fincher,Brad Pitt,Edward Norton,Meat Loaf,,Chuck Palahniuk,Jim Uhls,"A nameless first-person narrator attends support groups in an attempt to subdue his emotional state and relieve his insomniac state. When he meets Marla, another fake attendee of support groups, his life seems to become a little more bearable. However, when he associates himself with Tyler he is dragged into an underground fight club and soap-making scheme. Together the two men spiral out of control and engage in competitive rivalry for love and power.",R,37834891.0,2601857.0,0,1,12,38,United States,English,"dual identity, rage and hate, based on novel or book, nihilism, fight, support group, dystopia, insomnia, alter ego, breaking the fourth wall",Fox 2000 Pictures,Regency Enterprises,43.2316,8.437,32580,63000000.0,100853753.0,tt0137523,8.305
Casino,8.2,79.0,73.0,178.0,1995.0,"Crime, Drama",Crime,Drama,,Martin Scorsese,Robert De Niro,Sharon Stone,Joe Pesci,,Nicholas Pileggi,Martin Scorsese,"This Martin Scorsese film depicts the Janus-like quality of Las Vegas--it has a glittering, glamorous face, as well as a brutal, cruel one. Ace Rothstein and Nicky Santoro, mobsters who move to Las Vegas to make their mark, live and work in this paradoxical world. Seen through their eyes, each as a foil to the other, the details of mob involvement in the casinos of the 1970s and '80s are revealed. Ace is the smooth operator of the Tangiers casino, while Nicky is his boyhood friend and tough strongman, robbing and shaking down the locals. However, they each have a tragic flaw--Ace falls in love with a hustler, Ginger, and Nicky falls into an ever-deepening spiral of drugs and violence.",R,42512375.0,613907.0,0,1,4,11,United States,English,"drug abuse, casino, based on novel or book, poker, italian american, gambling, 1970s, fbi, pimp, greed",Universal Pictures,Syalis DA,11.2057,7.996,6652,50000000.0,116112375.0,tt0112641,8.402
Twisters,6.5,75.0,65.0,122.0,2024.0,"Action, Adventure, Thriller",Action,Adventure,Thriller,Lee Isaac Chung,Daisy Edgar-Jones,Glen Powell,Anthony Ramos,,Mark L. Smith,Joseph Kosinski,"Kate Carter, a retired tornado-chaser and meteorologist, is persuaded to return to Oklahoma to work with a new team and new technologies.",PG-13,267762265.0,190996.0,0,0,0,37,United States,English,"dying and death, rodeo, climate, tornado, twister, natural disaster, oklahoma, storm chaser, sequel, meteorologist",Universal Pictures,Warner Bros. Pictures,10.3859,6.767,3089,155000000.0,372262265.0,tt12584954,8.502
The Godfather Part III,7.5,67.0,60.0,162.0,1990.0,"Crime, Drama",Crime,Drama,,Francis Ford Coppola,Al Pacino,Diane Keaton,Andy Garcia,,Mario Puzo,Francis Ford Coppola,"In the final installment of the Godfather Trilogy, an aging Don Michael Corleone seeks to legitimize his crime family's interests and remove himself from the violent underworld but is kept back by the ambitions of the young. While he attempts to link the Corleone's finances with the Vatican, Michael must deal with the machinations of a hungrier gangster seeking to upset the existing Mafioso order and a young protege's love affair with his daughter.",R,66761392.0,454746.0,0,7,6,23,United States,English,"daughter, new york city, helicopter, assassination, italian american, italy, gangster, confession, symbolism, sequel",Paramount Pictures,American Zoetrope,14.0747,7.418,6968,54000000.0,136766062.0,tt0099674,8.103
The Godfather Part II,9.0,96.0,90.0,202.0,1974.0,"Crime, Drama",Crime,Drama,,Francis Ford Coppola,Al Pacino,Robert De Niro,Robert Duvall,,Francis Ford Coppola,Mario Puzo,"The continuing saga of the Corleone crime family tells the story of a young Vito Corleone growing up in Sicily and in 1910s New York; and follows Michael Corleone in the 1950s as he attempts to expand the family business into Las Vegas, Hollywood and Cuba.",R,47834595.0,1492120.0,6,0,17,21,United States,English,"new year's eve, new york city, based on novel or book, italian american, cuba, italy, gangster, praise, blackmail, symbolism",Paramount Pictures,The Coppola Company,33.9582,8.57,14154,13000000.0,102600000.0,tt0071562,8.906
Saving Private Ryan,8.6,94.0,91.0,169.0,1998.0,"Drama, War",Drama,War,,Steven Spielberg,Tom Hanks,Matt Damon,Tom Sizemore,,Robert Rodat,,"Opening with the Allied invasion of Normandy on 6 June 1944, members of the 2nd Ranger Battalion under Cpt. Miller fight ashore to secure a beachhead. Amidst the fighting, two brothers are killed in action. Earlier in New Guinea, a third brother is KIA. Their mother, Mrs. Ryan, is to receive all three of the grave telegrams on the same day. The United States Army Chief of Staff, George C. Marshall, is given an opportunity to alleviate some of her grief when he learns of a fourth brother, Private James Ryan, and decides to send out 8 men (Cpt. Miller and select members from 2nd Rangers) to find him and bring him back home to his mother...",R,217049603.0,1635552.0,5,0,79,75,United States,English,"dying and death, self sacrifice, bravery, world war ii, duty, normandy, france, troops, waffen ss, omaha beach, rescue mission",DreamWorks Pictures,Paramount Pictures,22.3002,8.232,17565,70000000.0,481840909.0,tt0120815,9.001
The Covenant,7.5,82.0,63.0,123.0,2023.0,"Action, Thriller, War, Drama",Action,Thriller,War,Guy Ritchie,Jake Gyllenhaal,Dar Salim,Sean Sagar,,Guy Ritchie,Ivan Atkinson,"During the war in Afghanistan, a local interpreter risks his own life to carry an injured sergeant across miles of grueling terrain.",R,16938039.0,206008.0,0,0,1,3,United Kingdom,English,"ambush, interpreter, afghanistan, rescue mission, afghanistan war (2001-2021), taliban, behind enemy lines, wounded soldier, war trauma, covenant",STXfilms,Toff Guy Films,12.8106,7.716,3272,55000000.0,21948551.0,tt4873118,9.104
Remember the Titans,7.8,72.0,48.0,113.0,2000.0,"Sport, Biography, Comedy, Drama",Sport,Biography,Comedy,Boaz Yakin,Denzel Washington,Will Patton,Wood Harris,,Gregory Allen Howard,,"Suburban Virginia schools have been segregated for generations. One Black and one White high school are closed and the students sent to T.C. Williams High School under federal mandate to integrate. The year is seen through the eyes of the football team where the man hired to coach the Black school is made head coach over the highly successful white coach. Based on the actual events of 1971, the team becomes the unifying symbol for the community as the boys and the adults learn to depend on and trust each other.",PG,115719751.0,246651.0,0,0,8,17,United States,English,"high school, friendship, sports, ku klux klan, politics, american football, 1970s, trainer, race politics, civil rights",Jerry Bruckheimer Films,Run It Up Productions Inc.,7.8967,7.657,3010,30000000.0,136700000.0,tt0210945,9.102
Marty Supreme,7.6,93.0,89.0,149.0,2025.0,"Drama, Sport, Comedy",Drama,Sport,Comedy,Josh Safdie,Timothée Chalamet,Gwyneth Paltrow,Odessa A&apos;zion,,Ronald Bronstein,Josh Safdie,"1952. Twenty-three year old New Yorker Marty Mauser puts one hundred and ten percent into everything he does; unfortunately for the world it is all in pursuit of his own self-absorbed wants as he takes advantage of everyone in his orbit. One of those is his married childhood friend Rachel, with whom he has been having an affair, the consequences of which he doesn't consider. He could be the best table tennis player in the world, but in receiving no official support has made no money in the activity. He wants to show the world that he is the best, and in turn make money toward supporting his overbearing mother, who is currently supported by Marty's uncle, in whose shoe store he works. He also thinks an American being at the top would be good for the sport's profile. Now he not only has to make it to the world championships in Japan, which he cannot afford to attend, but win. Among those he hopes will be able to help him are retired movie star Kay Stone and her powerful businessman husband Milton Rockwell. But for every step forward Marty takes in his pursuit to make it to the championships, he always seems to take two steps in a wrong direction.",R,96040064.0,164546.0,0,9,44,287,United States,English,"new york city, sports, capitalism, hustler, narcissism, ping pong, scheming, 1950s, dedication, american businessman",A24,Central Pictures,24.3122,7.372,2053,65000000.0,191303074.0,tt32916440,7.003
Fred Claus,5.7,20.0,42.0,116.0,2007.0,"Comedy, Family, Fantasy",Comedy,Family,Fantasy,David Dobkin,Vince Vaughn,Paul Giamatti,Elizabeth Banks,,Dan Fogelman,Jessie Nelson,"During childhood, Fred Claus suffered his younger brother Nick's saintliness. Jump ahead: Fred is a fast-talking, genial but self-centered guy in Chicago looking for $50,000 to open an off-track-betting shop. When one scam goes awry, he calls Nick at the North Pole for a loan: Nick will give him the money only if Fred comes up to help a few days with the Christmas rush. After his girlfriend dumps him, Fred heads north. Santa's facing an audit from an efficiency expert, and it's not pleasant. Fred's job is to review charts and determine who's naughty and who's nice. Is there any fraternal feeling left, can either learn from the other, and what about Santa getting fired?",PG,72006777.0,50991.0,0,0,0,0,United States,English,"sleigh, sibling relationship, elves, holiday, brother, santa claus, earth, reindeer, snow, north pole",Jessie Nelson Productions,Silver Pictures,4.7782,5.843,931,100000000.0,97800000.0,tt0486583,6.306
Hacksaw Ridge,8.1,84.0,71.0,139.0,2016.0,"Drama, War, History, Biography",Drama,War,History,Mel Gibson,Andrew Garfield,Sam Worthington,Luke Bracey,,Robert Schenkkan,Andrew Knight,"The true story of Desmond T. Doss, the conscientious objector who, after the Battle of Okinawa, was awarded the Medal of Honor for his incredible bravery and regard for his fellow soldiers. Following his upbringing and how this shaped his views (especially his religious view and anti-killing stance), Doss's trials and tribulations after enlisting in the US Army (trying to become a medic) begin, preluding the hell on Earth that was Hacksaw Ridge.",R,67209615.0,679234.0,2,0,57,115,United States,English,"japan, hero, world war ii, abusive father, pacifism, bible, gore, vegetarian, biography, based on true story",Summit Entertainment,Pandemonium,34.5818,8.2,15095,40000000.0,175302354.0,tt2119532,8.504
Kill Bill: Vol. 2,8.0,84.0,83.0,137.0,2004.0,"Thriller, Crime, Action",Thriller,Crime,Action,Quentin Tarantino,Uma Thurman,David Carradine,Michael Madsen,,Quentin Tarantino,Uma Thurman,"Having already crossed two names from her Death List, the Bride resumes her quest for justice, taking aim at Budd and Elle Driver, the only survivors from the squad of assassins who betrayed her four years earlier. It's all leading up to the ultimate confrontation with Bill The Bride's former master and the man who ordered her execution.",R,66208183.0,869309.0,0,0,23,84,United States,English,"daughter, martial arts, kung fu, showdown, right and justice, rage and hate, sibling relationship, swordplay, katana, mother role",Super Cool ManChu,Miramax,15.6155,7.876,15285,30000000.0,152159461.0,tt0378194,8.303
Kill Bill: Vol. 1,8.2,85.0,69.0,111.0,2003.0,"Action, Thriller, Crime",Action,Thriller,Crime,Quentin Tarantino,Uma Thurman,David Carradine,Daryl Hannah,,Quentin Tarantino,Uma Thurman,"Four years after taking a bullet in the head at her own wedding, The Bride emerges from a coma and decides it's time for payback... with a vengeance. Having been gunned down by her former boss Bill and his deadly squad of international assassins, it's a kill-or-be-killed fight she didn't start, but is determined to finish.",R,70099045.0,1305508.0,0,0,30,103,United States,English,"martial arts, japan, kung fu, sword, yakuza, katana, sword fight, revenge, vigilante, female yakuza",Miramax,A Band Apart,23.7776,7.971,19216,30000000.0,180906076.0,tt0266697,8.302
Shooter,7.2,47.0,53.0,124.0,2007.0,"Action, Thriller, Drama",Action,Thriller,Drama,Antoine Fuqua,Mark Wahlberg,Michael Peña,Rhona Mitra,,Stephen Hunter,Jonathan Lemkin,"Bob Lee Swagger, one of the world's great marksmen and the son of a Medal of Honor recipient, is a loner living in the Rockies. He's left the military, having been hung out to dry in a secret Ethiopian mission a few years before, when he's recruited by a colonel to help find a way that the President of the US might be assassinated in one of three cities in the next two weeks. He does his work, but the shot is fired notwithstanding and Bob Lee is quickly the fall guy: wounded and hunted by thousands, he goes to ground and, aided by two unlikely allies, searches for the truth and for those who double-crossed him. All roads lead back to Ethiopia.",R,47003582.0,373788.0,0,0,0,2,United States,English,"philadelphia, pennsylvania, assassination, usa president, based on novel or book, widow, fbi, ethiopia, on the run, conspiracy, dog",Paramount Pictures,di Bonaventura Pictures,13.2626,7.129,5555,61000000.0,95700000.0,tt0822854,7.904
Moneyball,7.6,94.0,87.0,133.0,2011.0,"Drama, Sport, Biography",Drama,Sport,Biography,Bennett Miller,Brad Pitt,Robin Wright,Jonah Hill,,Steven Zaillian,Aaron Sorkin,"Oakland A's GM Billy Beane is handicapped with the lowest salary constraint in baseball. If he ever wants to win the World Series, Billy must find a competitive advantage. Billy is about to turn baseball on its ear when he uses statistical data to analyze and place value on the players he picks for the team.",PG-13,75605492.0,504163.0,0,6,29,82,United States,English,"underdog, california, sports, baseball, based on true story, oakland, california, job transfer, oakland athletics, talent manager, statistics",Scott Rudin Productions,Michael De Luca Productions,8.9504,7.299,5890,50000000.0,110206216.0,tt1210166,9.603
American Sniper,7.3,71.0,73.0,133.0,2014.0,"Action, Biography, War, Drama",Action,Biography,War,Clint Eastwood,Bradley Cooper,Sienna Miller,Kyle Gallner,,Jason Hall,Chris Kyle,"Chris Kyle (Bradley Cooper) was nothing more than a Texas man who dreamt of becoming a cowboy, but in his thirties he found out that maybe his life needed something different, something where he could express his real talent, something that could help America in its fight against terrorism. So he joined the S.E.A.L.s in order to become a sniper. After marrying Taya (Sienna Miller), Kyle and the other members of the team are called for their first tour of Iraq. Kyle's struggle isn't with his missions, but about his relationship with the reality of the war and, once returned at home, how he manages to handle it with his urban life, his wife, and kids.",R,350159020.0,568760.0,1,0,24,43,United States,English,"sniper, based on novel or book, affectation, grave, biography, iraq, based on true story, u.s. navy seal, iraq war, u.s. soldier",Warner Bros. Pictures,Village Roadshow Pictures,16.124,7.411,13781,58800000.0,542300000.0,tt2179136,9.504
Miracle,7.5,80.0,68.0,135.0,2004.0,"Sport, History, Biography, Drama",Sport,History,Biography,Gavin O'Connor,Kurt Russell,Patricia Clarkson,Nathan West,,Eric Guggenheim,,"The inspiring story of the team that transcended its sport and united a nation with a new feeling of hope. Based on the true story of one of the greatest moments in sports history, the tale captures a time and place where differences could be settled by games and a cold war could be put on ice. In 1980, the United States Ice Hockey team's coach, Herb Brooks, took a ragtag squad of college kids up against the legendary juggernaut from the Soviet Union at the Olympic Games. Despite the long odds, Team USA carried the pride of a nation yearning from a distraction from world events. With the world watching the team rose to the occasion, prompting broadcaster Al Michaels' now famous question, to the millions viewing at home: Do you believe in miracles? Yes!",PG,64378093.0,64173.0,0,0,2,4,Canada,English,"sports, olympic games, based on true story, ice hockey, milwaukee wisconsin, saint paul, minnesota, gas rationing, lake placid new york, aftercreditsstinger, duringcreditsstinger",Walt Disney Pictures,,3.675,7.122,684,28000000.0,64400000.0,tt0349825,9.602
Scarface,8.3,77.0,65.0,170.0,1983.0,"Crime, Drama",Crime,Drama,,Brian De Palma,Al Pacino,Michelle Pfeiffer,Steven Bauer,,Oliver Stone,Howard Hawks,"Tony Montana manages to leave Cuba during the Mariel exodus of 1980. He finds himself in a Florida refugee camp but his friend Manny has a way out for them: undertake a contract killing and arrangements will be made to get a green card. He's soon working for drug dealer Frank Lopez and shows his mettle when a deal with Colombian drug dealers goes bad. He also brings a new level of violence to Miami. Tony is protective of his younger sister but his mother knows what he does for a living and disowns him. Tony is impatient and wants it all however, including Frank's empire and his mistress Elvira Hancock. Once at the top however, Tony's outrageous actions make him a target and everything comes crumbling down.",R,45967303.0,1012928.0,0,0,0,8,United States,English,"corruption, sibling relationship, miami, florida, cuba, loss of loved one, gangster, cocaine, rise and fall, remake, tragedy",Universal Pictures,Martin Bregman Productions,20.7068,8.153,13263,25000000.0,66023329.0,tt0086250,9.203
Happy Gilmore,7.0,66.0,31.0,92.0,1996.0,"Sport, Comedy",Sport,Comedy,,Dennis Dugan,Adam Sandler,Christopher McDonald,Julie Bowen,,Tim Herlihy,Adam Sandler,A Hockey player wannabe finds out that he has the most powerful golf drive in history. He joins the P.G.A. tour to make some money to save grandma's house. The downside is that his hockey player mentality doesn't really go on the P.G.A. tour. Especially with the favorite to win the championship.i,PG-13,39041354.0,306390.0,0,0,1,4,United States,English,"sports, loss of loved one, golf, taxes, class differences, prize money, driving range, rich snob, anger issues, old-age home",Universal Pictures,Brillstein-Grey Entertainment,12.1073,6.677,3414,12000000.0,41422354.0,tt0116483,8.406
The Departed,8.5,91.0,85.0,151.0,2006.0,"Crime, Drama, Thriller",Crime,Drama,Thriller,Martin Scorsese,Leonardo DiCaprio,Matt Damon,Jack Nicholson,,William Monahan,Alan Mak,"In this crime-action tour de force, the South Boston state police force is waging war on Irish-American organized crime. Young undercover cop Billy Costigan is assigned to infiltrate the mob syndicate run by gangland chief Frank Costello. While Billy quickly gains Costello's confidence, Colin Sullivan, a hardened young criminal who has infiltrated the state police as an informer for the syndicate, is rising to a position of power in the Special Investigation Unit. Each man becomes deeply consumed by their double lives, gathering information about the plans and counter-plans of the operations they have penetrated. But when it becomes clear to both the mob and the police that there is a mole in their midst, Billy and Colin are suddenly in danger of being caught and exposed to the enemy - and each must race to uncover the identity of the other man in time to save themselves. But is either willing to turn on their friends and comrades they've made during their long stints undercover?",R,132399394.0,1551506.0,4,0,100,141,United States,English,"police, undercover, boston, massachusetts, gangster, irish-american, crime boss, friends, remake, mobster, organized crime",Warner Bros. Pictures,Plan B Entertainment,24.9727,8.159,16459,90000000.0,291465000.0,tt0407887,9.503
Rain Man,8.0,88.0,65.0,133.0,1988.0,Drama,Drama,,,Barry Levinson,Dustin Hoffman,Tom Cruise,Valeria Golino,,Barry Morrow,Ron Bass,"Charles Sanford ""Charlie"" Babbit is a self-centered Los Angeles-based automobile dealer/hustler/bookie who is at war with his own life. Charlie, as a young teenager, used his father's 1949 Buick convertible without permission and as a result, he went to jail for two days on account that his father reported it stolen. It is then that Charlie learns that his estranged father died and left him from his last will and testament a huge bed of roses and the car while the remainder will of $3 Million goes into a trust fund to be distributed to someone. Charlie seemed pretty angry by this and decides to look into this matter. It seems as if that ""someone"" is Raymond, Charlie's unknown brother, an autistic savant who lives in a world of his own, resides at the Walbrook Institute. Charlie then kidnaps Raymond and decides to take him on a lust for life trip to the west coast as a threat to get the $3 Million inheritance. Raymond's acts and nagging, including repeated talks of ""Abbott &amp; Costello"", ""Four minutes till Wapner"" and refusal to fly on an airline except Qantas drives Charlie insane... and out of his selfish world into a cross-country trek of pure love and understanding that these two both have.",R,172825435.0,581331.0,4,0,27,26,United States,English,"mentally disabled, individual, loss of loved one, yuppie, autism, car dealer, egocentrism, convertible, road trip, blackjack",United Artists,Star Partners II,9.4787,7.753,7217,25000000.0,354825435.0,tt0095953,8.202
The Imitation Game,8.0,90.0,71.0,114.0,2014.0,"Drama, Biography, Thriller, War",Drama,Biography,Thriller,Morten Tyldum,Benedict Cumberbatch,Keira Knightley,Matthew Goode,,Graham Moore,Andrew Hodges,"It is based on the real life story of legendary cryptanalyst Alan Turing. The film portrays the nail-biting race against time by Turing and his brilliant team of code-breakers at Britain's top-secret Government Code and Cypher School at Bletchley Park, during the darkest days of World War II.",PG-13,91125683.0,872710.0,1,0,49,167,United States,English,"england, homophobia, world war ii, mathematician, genius, biography, based on true story, male homosexuality, code breaking, lgbt",Bristol Automotive,Black Bear Pictures,21.5763,7.982,18268,14000000.0,233555708.0,tt2084970,9.103
Hustle,7.3,94.0,68.0,117.0,2022.0,"Sport, Comedy, Drama",Sport,Comedy,Drama,Jeremiah Zagar,Adam Sandler,Queen Latifah,Juancho Hernangomez,,Taylor Materne,Will Fetters,"After being fired, pro basketball scout, Stanley Beren, is excited, for the first time in a very long while, when he serendipitously discovers Spanish amateur baller, Bo Cruz, playing in a park outside Madrid. Fueled with new-found purpose, Stanley makes it his mission to groom Bo for the NBA as he believes they both can make it.",R,,160921.0,0,0,1,9,United States,English,"spain, sports, training, basketball, teenage pregnancy, basketball player, opportunity, dramedy, interracial family",Roth-Kirschenbaum Films,Happy Madison Productions,5.2425,7.698,2880,21000000.0,,tt8009428,7.204
Jerry Maguire,7.3,86.0,77.0,139.0,1996.0,"Sport, Romance, Drama, Comedy",Sport,Romance,Drama,Cameron Crowe,Tom Cruise,Cuba Gooding Jr.,Renée Zellweger,,Cameron Crowe,,"Jerry Maguire (Tom Cruise) is a successful sports agent. The biggest clients, the respect, a beautiful fiancée, he has it all. Until one night he questions his purpose. His place in the world, and finally comes to terms with what's wrong with his career and life. Recording all of his thoughts in a mission statement, Jerry feels he has a new lease on life. Unfortunately his opinions aren't met with enthusiasm from his superiors and after dishonorably being stripped of his high earning clients and elite status within the agency, Jerry steps out into the sports business armed with only one volatile client, Rod Tidwell (Cuba Gooding, Jr.), and the only person with belief in his abilities, Dorothy Boyd (Renée Zellweger), with the impossible task of rebuilding what he once had. Along the way, he faces the harsh truth which he'd ignored in the past and a host of hardships that he'd never faced before.",R,153952592.0,308588.0,1,0,26,41,United States,English,"career, sports, stadium, american football, single mother, thoughtful",TriStar Pictures,Gracie Films,12.2164,7.001,3810,50000000.0,273600000.0,tt0116695,7.202
Ford v Ferrari,8.1,92.0,81.0,152.0,2019.0,"Action, Drama, Biography, Sport",Action,Drama,Biography,James Mangold,Matt Damon,Christian Bale,Jon Bernthal,,Jez Butterworth,John-Henry Butterworth,"As Enzo Ferrari's fast Rosso-Corsa racing cars dominate the mid-1960s motorsport world, the American car designer, Carroll Shelby, is forced to retire after winning the demanding 1959 '24 Hours of Le Mans' endurance race. But, before long, an unexpected proposition by the Vice President of Henry Ford's motor company, Lee Iacocca, will offer an opportunity to beat the Italians at their own game. Now, under those pressing circumstances, the British sports car driver and racing engineer, Ken Miles, reluctantly agrees to lend a hand and improve the firm's image, as Ford's race team has less than ninety days to rewrite history. As a result, the non-conformist duo comes up with the mighty Ford GT40 Mk I high-performance racing car. Can Shelby and Miles break Ferrari's streak?",PG-13,117624357.0,553839.0,2,0,26,86,United States,English,"based on novel or book, car race, sports, car mechanic, biography, based on true story, le mans, racing, race car driver, frantic",20th Century Fox,TSG Entertainment,16.5448,8.007,9159,97600000.0,225508210.0,tt1950186,9.101
Talladega Nights: The Ballad of Ricky Bobby,6.6,72.0,66.0,108.0,2006.0,"Comedy, Sport",Comedy,Sport,,Adam McKay,Will Ferrell,John C. Reilly,Sacha Baron Cohen,,Will Ferrell,Adam McKay,"NASCAR stock car racing sensation Ricky Bobby is a national hero because of his ""win at all costs"" approach. He and his loyal racing partner, childhood friend Cal Naughton Jr., are a fearless duo -- ""Shake"" and ""Bake"" by their fans for their ability to finish so many races in the #1 and #2 positions, with Cal always in second place. When flamboyant French Formula One driver Jean Girard challenges ""Shake"" and ""Bake"" for the supremacy of NASCAR, Ricky Bobby must face his own demons and fight Girard for the right to be known as racing's top driver.",PG-13,148213377.0,211339.0,0,0,8,9,United States,English,"car race, prayer, north carolina, family dinner, betrayal, best friend, race car driver, advertising, divorce, estranged father",Apatow Productions,Mosaic Media Group,7.8671,6.4,1947,72500000.0,163000000.0,tt0415306,9.204
The Shawshank Redemption,9.3,89.0,82.0,142.0,1994.0,Drama,Drama,,,Frank Darabont,Tim Robbins,Morgan Freeman,Bob Gunton,,Stephen King,Frank Darabont,"Chronicles the experiences of a formerly successful banker as a prisoner in the gloomy jailhouse of Shawshank after being found guilty of a crime he did not commit. The film portrays the man's unique way of dealing with his new, torturous life; along the way he befriends a number of fellow prisoners, most notably a wise long-term inmate named Red.",R,28767189.0,3221305.0,0,7,21,43,United States,English,"prison, friendship, police brutality, corruption, based on novel or book, freedom, hope, prison cell, delinquent, redemption",Castle Rock Entertainment,,64.6793,8.727,30986,25000000.0,28341469.0,tt0111161,9.801
Good Will Hunting,8.4,97.0,71.0,126.0,1997.0,"Romance, Drama",Romance,Drama,,Gus Van Sant,Robin Williams,Matt Damon,Ben Affleck,,Matt Damon,Ben Affleck,"A touching tale of a wayward young man who struggles to find his identity, living in a world where he can solve any problem, except the one brewing deep within himself, until one day he meets his soul mate who opens his mind and his heart.",R,138433435.0,1213877.0,2,0,25,61,United States,English,"boston, massachusetts, mathematics, genius, male friendship, flashback, psychologist, janitor, dating, courtroom, group of friends",Lawrence Bender Productions,Be Gentlemen Limited Partnership,26.7046,8.163,14110,10000000.0,225933435.0,tt0119217,9.703
Top Gun: Maverick,8.2,96.0,78.0,130.0,2022.0,"Action, Drama",Action,Drama,,Joseph Kosinski,Tom Cruise,Jennifer Connelly,Miles Teller,,Ehren Kruger,Eric Warren Singer,"Set 30 years after its predecessor, it follows Maverick's return to the United States Navy Strike Fighter Tactics Instructor program (also known as U.S. Navy-Fighter Weapons School - ""TOPGUN""), where he must confront his past as he trains a group of younger pilots, among them the son of Maverick's deceased best friend Lieutenant Nick ""Goose"" Bradshaw, USN.",PG-13,721996984.0,892240.0,1,0,114,237,United States,English,"fighter pilot, u.s. navy, sequel, nuclear weapons, military, aircraft carrier, naval aviation, war",Skydance Media,Don Simpson/Jerry Bruckheimer Films,38.7382,8.159,11313,170000000.0,1488732821.0,tt1745960,9.604
"O Brother, Where Art Thou?",7.7,78.0,69.0,107.0,2000.0,"Adventure, Comedy, Crime, Drama, Music",Adventure,Comedy,Crime,Coen Brothers,George Clooney,John Turturro,Tim Blake Nelson,,Homer,Ethan Coen,"Loosely based on Homer's ""Odyssey,"" the movie deals with the picaresque adventures of Ulysses Everett McGill and his companions Delmar and Pete in 1930s Mississipi. Sprung from a chain gang and trying to reach Everett's home to recover the buried loot of a bank heist they are confronted by a series of strange characters--among them sirens, a cyclops, bank robber George ""Baby Face"" Nelson (very annoyed by that nickname), a campaigning governor and his opponent, a KKK lynch mob, and a blind prophet who warns the trio that ""the treasure you seek shall not be the treasure you find.""",PG-13,45512588.0,349722.0,0,2,8,38,United Kingdom,English,"music record, country music, based on novel or book, prophecy, southern usa, mississippi river, seduction, fraud, philosophical, reflective",Touchstone Pictures,Universal Pictures,8.1232,7.325,4685,26000000.0,71877090.0,tt0190590,7.602
