Position,Const,Created,Modified,Description,Title,Original Title,URL,Title Type,IMDb Rating,Runtime (mins),Year,Genres,Num Votes,Release Date,Directors,Your Rating,Date Rated
1,tt0390022,1/4/2024,1/4/2024,,Friday Night Lights,Friday Night Lights,https://www.imdb.com/title/tt0390022/,Movie,7.2,118,2004,"Action, Drama, Sport",70801,10/8/2004,Peter Berg,6,4/27/2026
2,tt5657846,6/9/2022,6/9/2022,,Daddy's Home 2,Daddy's Home 2,https://www.imdb.com/title/tt5657846/,Movie,6.1,100,2017,Comedy,92804,11/10/2017,Sean Anders,,
3,tt0315327,6/9/2022,6/9/2022,,Bruce Almighty,Bruce Almighty,https://www.imdb.com/title/tt0315327/,Movie,6.8,101,2003,"Comedy, Fantasy",470704,5/23/2003,Tom Shadyac,,
4,tt0133093,6/10/2022,6/10/2022,,The Matrix,The Matrix,https://www.imdb.com/title/tt0133093/,Movie,8.7,136,1999,"Action, Sci-Fi",2250494,3/31/1999,"Lana Wachowski, Lilly Wachowski",,
5,tt0332452,6/29/2022,6/29/2022,,Troy,Troy,https://www.imdb.com/title/tt0332452/,Movie,7.3,163,2004,"Action, Adventure",617354,5/14/2004,Wolfgang Petersen,,
6,tt0450259,6/29/2022,6/29/2022,,Blood Diamond,Blood Diamond,https://www.imdb.com/title/tt0450259/,Movie,8,143,2006,"Adventure, Drama, Thriller",626440,12/8/2006,Edward Zwick,,
7,tt0034583,6/29/2022,6/29/2022,,Casablanca,Casablanca,https://www.imdb.com/title/tt0034583/,Movie,8.5,102,1942,"Drama, Romance, War",655721,1/23/1943,Michael Curtiz,,
8,tt0120693,6/29/2022,6/29/2022,,Half Baked,Half Baked,https://www.imdb.com/title/tt0120693/,Movie,6.6,82,1998,"Comedy, Crime",71114,1/16/1998,Tamra Davis,,
9,tt2139881,6/29/2022,6/29/2022,,Long Shot,Long Shot,https://www.imdb.com/title/tt2139881/,Movie,6.8,125,2019,"Comedy, Romance",128714,5/3/2019,Jonathan Levine,,
10,tt0486946,6/29/2022,6/29/2022,,Wild Hogs,Wild Hogs,https://www.imdb.com/title/tt0486946/,Movie,5.9,100,2007,"Action, Adventure, Comedy",127969,3/2/2007,Walt Becker,,
11,tt0120663,6/29/2022,6/29/2022,,Eyes Wide Shut,Eyes Wide Shut,https://www.imdb.com/title/tt0120663/,Movie,7.5,159,1999,"Drama, Mystery, Thriller",430175,7/16/1999,Stanley Kubrick,,
12,tt0094889,6/29/2022,6/29/2022,,Cocktail,Cocktail,https://www.imdb.com/title/tt0094889/,Movie,6,104,1988,"Comedy, Drama, Romance",98412,7/29/1988,Roger Donaldson,,
13,tt0221027,6/29/2022,6/29/2022,,Blow,Blow,https://www.imdb.com/title/tt0221027/,Movie,7.5,124,2001,"Biography, Crime, Drama",287619,4/6/2001,Ted Demme,,
14,tt9620288,6/29/2022,6/29/2022,,King Richard,King Richard,https://www.imdb.com/title/tt9620288/,Movie,7.5,144,2021,"Biography, Drama, Sport",180891,11/19/2021,Reinaldo Marcus Green,,
15,tt11729298,6/29/2022,6/29/2022,,American Underdog,American Underdog,https://www.imdb.com/title/tt11729298/,Movie,7.1,112,2021,"Biography, Drama, Romance, Sport",28345,12/25/2021,"Andrew Erwin, Jon Erwin",,
16,tt0445990,6/29/2022,6/29/2022,,Invincible,Invincible,https://www.imdb.com/title/tt0445990/,Movie,7,105,2006,"Biography, Drama, Sport",79434,8/25/2006,Ericson Core,,
17,tt0091217,6/29/2022,6/29/2022,,Hoosiers,Hoosiers,https://www.imdb.com/title/tt0091217/,Movie,7.4,114,1986,"Drama, Sport",57097,2/27/1987,David Anspaugh,,
18,tt0453562,6/29/2022,6/29/2022,,42,42,https://www.imdb.com/title/tt0453562/,Movie,7.5,128,2013,"Biography, Drama, Sport",108895,4/12/2013,Brian Helgeland,,
19,tt0449059,6/29/2022,6/29/2022,,Little Miss Sunshine,Little Miss Sunshine,https://www.imdb.com/title/tt0449059/,Movie,7.8,101,2006,"Comedy, Drama",559082,8/18/2006,"Jonathan Dayton, Valerie Faris",,
20,tt0349205,6/29/2022,6/29/2022,,Cheaper by the Dozen,Cheaper by the Dozen,https://www.imdb.com/title/tt0349205/,Movie,5.9,98,2003,"Comedy, Family",116166,12/25/2003,Shawn Levy,,
21,tt0481513,6/29/2022,6/29/2022,,Dr. Dolittle 3,Dr. Dolittle 3,https://www.imdb.com/title/tt0481513/,Video,4,93,2006,"Comedy, Family, Fantasy",8089,4/25/2006,Rich Thorne,,
22,tt0118998,6/29/2022,6/29/2022,,Doctor Dolittle,Doctor Dolittle,https://www.imdb.com/title/tt0118998/,Movie,5.4,85,1998,"Comedy, Family, Fantasy",107317,6/26/1998,Betty Thomas,,
23,tt0074174,6/29/2022,6/29/2022,,The Bad News Bears,The Bad News Bears,https://www.imdb.com/title/tt0074174/,Movie,7.3,102,1976,"Comedy, Drama, Family, Sport",27524,4/7/1976,Michael Ritchie,,
24,tt0332280,6/29/2022,6/29/2022,,The Notebook,The Notebook,https://www.imdb.com/title/tt0332280/,Movie,7.8,123,2004,"Drama, Romance",690758,6/25/2004,Nick Cassavetes,,
25,tt0087538,6/29/2022,6/29/2022,,The Karate Kid,The Karate Kid,https://www.imdb.com/title/tt0087538/,Movie,7.3,126,1984,"Action, Drama, Family, Sport",271670,6/22/1984,John G. Avildsen,,
26,tt2097298,6/29/2022,6/29/2022,,"McFarland, USA","McFarland, USA",https://www.imdb.com/title/tt2097298/,Movie,7.4,129,2015,"Biography, Drama, Sport",46521,2/20/2015,Niki Caro,,
27,tt0191397,6/29/2022,6/29/2022,,The Replacements,The Replacements,https://www.imdb.com/title/tt0191397/,Movie,6.6,118,2000,"Comedy, Sport",74529,8/11/2000,Howard Deutch,,
28,tt0078788,7/1/2022,7/1/2022,,Apocalypse Now,Apocalypse Now,https://www.imdb.com/title/tt0078788/,Movie,8.4,147,1979,"Drama, Mystery, War",771052,8/15/1979,Francis Ford Coppola,,
29,tt0087843,7/1/2022,7/1/2022,,Once Upon a Time in America,C'era una volta in America,https://www.imdb.com/title/tt0087843/,Movie,8.3,229,1984,"Crime, Drama",408841,6/1/1984,Sergio Leone,,
30,tt0116282,7/1/2022,7/1/2022,,Fargo,Fargo,https://www.imdb.com/title/tt0116282/,Movie,8.1,98,1996,"Crime, Drama, Thriller",788072,4/5/1996,"Joel Coen, Ethan Coen",,
31,tt0071771,7/3/2022,7/3/2022,,The Longest Yard,The Longest Yard,https://www.imdb.com/title/tt0071771/,Movie,7.1,121,1974,"Comedy, Crime, Drama, Sport",23289,8/30/1974,Robert Aldrich,,
32,tt1570728,7/6/2022,7/6/2022,,"Crazy, Stupid, Love.","Crazy, Stupid, Love.",https://www.imdb.com/title/tt1570728/,Movie,7.4,118,2011,"Comedy, Drama, Romance",620161,7/29/2011,"Glenn Ficarra, John Requa",,
33,tt0770752,7/6/2022,7/6/2022,,Fool's Gold,Fool's Gold,https://www.imdb.com/title/tt0770752/,Movie,5.7,112,2008,"Action, Adventure, Comedy, Romance, Thriller",89730,2/8/2008,Andy Tennant,,
34,tt1155056,7/6/2022,7/6/2022,,"I Love You, Man","I Love You, Man",https://www.imdb.com/title/tt1155056/,Movie,7,105,2009,"Comedy, Romance",225872,3/20/2009,John Hamburg,,
35,tt0251127,7/6/2022,7/6/2022,,How to Lose a Guy in 10 Days,How to Lose a Guy in 10 Days,https://www.imdb.com/title/tt0251127/,Movie,6.5,116,2003,"Comedy, Romance",322975,2/7/2003,Donald Petrie,,
36,tt0427229,7/6/2022,7/6/2022,,Failure to Launch,Failure to Launch,https://www.imdb.com/title/tt0427229/,Movie,5.7,97,2006,"Comedy, Romance",94975,3/10/2006,Tom Dey,,
37,tt0800039,7/6/2022,7/6/2022,,Forgetting Sarah Marshall,Forgetting Sarah Marshall,https://www.imdb.com/title/tt0800039/,Movie,7.1,111,2008,"Comedy, Drama, Romance",320128,4/18/2008,Nicholas Stoller,,
38,tt0120783,7/6/2022,7/6/2022,,The Parent Trap,The Parent Trap,https://www.imdb.com/title/tt0120783/,Movie,6.7,128,1998,"Adventure, Comedy, Drama, Family, Romance",174039,7/29/1998,Nancy Meyers,,
39,tt0490215,7/9/2022,7/9/2022,,Silence,Silence,https://www.imdb.com/title/tt0490215/,Movie,7.2,161,2016,"Drama, History",134359,1/13/2017,Martin Scorsese,,
40,tt1231583,7/10/2022,7/10/2022,,Due Date,Due Date,https://www.imdb.com/title/tt1231583/,Movie,6.5,95,2010,"Comedy, Drama",372233,11/5/2010,Todd Phillips,,
41,tt0142342,7/10/2022,7/10/2022,,Big Daddy,Big Daddy,https://www.imdb.com/title/tt0142342/,Movie,6.5,93,1999,"Comedy, Drama",251970,6/25/1999,Dennis Dugan,,
42,tt0146838,7/10/2022,7/10/2022,,Any Given Sunday,Any Given Sunday,https://www.imdb.com/title/tt0146838/,Movie,6.9,162,1999,"Drama, Sport",131513,12/22/1999,Oliver Stone,,
43,tt0075148,7/23/2022,7/23/2022,,Rocky,Rocky,https://www.imdb.com/title/tt0075148/,Movie,8.1,120,1976,"Drama, Sport",689745,12/3/1976,John G. Avildsen,,
44,tt0113118,7/23/2022,7/23/2022,,Friday,Friday,https://www.imdb.com/title/tt0113118/,Movie,7.2,91,1995,"Comedy, Drama",137263,4/26/1995,F. Gary Gray,,
45,tt0212338,7/23/2022,7/23/2022,,Meet the Parents,Meet the Parents,https://www.imdb.com/title/tt0212338/,Movie,7,108,2000,"Comedy, Romance",378989,10/6/2000,Jay Roach,,
46,tt3076658,7/26/2022,7/26/2022,,Creed,Creed,https://www.imdb.com/title/tt3076658/,Movie,7.6,133,2015,"Action, Drama, Sport",334836,11/25/2015,Ryan Coogler,,
47,tt11145118,7/26/2022,7/26/2022,,Creed III,Creed III,https://www.imdb.com/title/tt11145118/,Movie,6.7,116,2023,"Action, Drama, Sport",107613,3/3/2023,Michael B. Jordan,,
48,tt0098206,8/4/2022,8/4/2022,,Road House,Road House,https://www.imdb.com/title/tt0098206/,Movie,6.7,114,1989,"Action, Thriller",112113,5/19/1989,Rowdy Herrington,,
49,tt1790825,8/17/2022,8/17/2022,,Murph: The Protector,Murph: The Protector,https://www.imdb.com/title/tt1790825/,Movie,6.4,79,2013,Documentary,1489,3/22/2013,Scott Mactavish,,
50,tt1535109,8/17/2022,8/17/2022,,Captain Phillips,Captain Phillips,https://www.imdb.com/title/tt1535109/,Movie,7.8,134,2013,"Action, Biography, Crime, Drama, Thriller",519621,10/11/2013,Paul Greengrass,,
51,tt0110197,8/24/2022,8/24/2022,,Jimmy Hollywood,Jimmy Hollywood,https://www.imdb.com/title/tt0110197/,Movie,5.3,112,1994,"Comedy, Crime, Drama",3831,3/30/1994,Barry Levinson,,
52,tt1320253,10/15/2022,10/15/2022,,The Expendables,The Expendables,https://www.imdb.com/title/tt1320253/,Movie,6.4,103,2010,"Action, Adventure, Thriller",380726,8/13/2010,Sylvester Stallone,,
53,tt0298203,12/31/2022,12/31/2022,,8 Mile,8 Mile,https://www.imdb.com/title/tt0298203/,Movie,7.2,110,2002,"Drama, Music",352049,11/8/2002,Curtis Hanson,,
54,tt0112442,2/23/2023,2/23/2023,,Bad Boys,Bad Boys,https://www.imdb.com/title/tt0112442/,Movie,6.8,119,1995,"Action, Comedy, Crime, Thriller",315926,4/7/1995,Michael Bay,,
55,tt0338751,2/23/2023,2/23/2023,,The Aviator,The Aviator,https://www.imdb.com/title/tt0338751/,Movie,7.5,170,2004,"Biography, Drama",409166,12/25/2004,Martin Scorsese,,
56,tt0454921,2/23/2023,2/23/2023,,The Pursuit of Happyness,The Pursuit of Happyness,https://www.imdb.com/title/tt0454921/,Movie,8,117,2006,"Biography, Drama",622504,12/15/2006,Gabriele Muccino,,
57,tt11286314,2/23/2023,2/23/2023,,Don't Look Up,Don't Look Up,https://www.imdb.com/title/tt11286314/,Movie,7.1,138,2021,"Comedy, Drama, Sci-Fi",672628,12/24/2021,Adam McKay,,
58,tt0496806,4/27/2023,4/27/2023,,Ocean's Thirteen,Ocean's Thirteen,https://www.imdb.com/title/tt0496806/,Movie,6.9,122,2007,"Crime, Thriller",387552,6/8/2007,Steven Soderbergh,,
59,tt0092272,5/3/2023,5/3/2023,,Youngblood,Youngblood,https://www.imdb.com/title/tt0092272/,Movie,6.2,110,1986,"Drama, Romance, Sport",16507,1/31/1986,Peter Markle,,
60,tt0203019,5/11/2023,5/11/2023,,Men of Honor,Men of Honor,https://www.imdb.com/title/tt0203019/,Movie,7.2,129,2000,"Biography, Drama",131145,11/10/2000,George Tillman Jr.,,
61,tt0106489,5/19/2023,5/19/2023,,A Bronx Tale,A Bronx Tale,https://www.imdb.com/title/tt0106489/,Movie,7.8,121,1993,"Crime, Drama",185939,10/1/1993,Robert De Niro,,
62,tt0398165,5/19/2023,5/19/2023,,The Longest Yard,The Longest Yard,https://www.imdb.com/title/tt0398165/,Movie,6.4,113,2005,"Comedy, Crime, Sport",211635,5/27/2005,Peter Segal,,
63,tt1632708,5/19/2023,5/19/2023,,Friends with Benefits,Friends with Benefits,https://www.imdb.com/title/tt1632708/,Movie,6.5,109,2011,"Comedy, Romance",420580,7/22/2011,Will Gluck,,
64,tt0443453,5/19/2023,5/19/2023,,Borat,Borat: Cultural Learnings of America for Make Benefit Glorious Nation of Kazakhstan,https://www.imdb.com/title/tt0443453/,Movie,7.4,84,2006,Comedy,477988,11/3/2006,Larry Charles,,
65,tt0343737,5/19/2023,5/19/2023,,The Good Shepherd,The Good Shepherd,https://www.imdb.com/title/tt0343737/,Movie,6.7,167,2006,"Drama, History, Thriller",112491,12/22/2006,Robert De Niro,,
66,tt0325710,5/19/2023,5/19/2023,,The Last Samurai,The Last Samurai,https://www.imdb.com/title/tt0325710/,Movie,7.8,154,2003,"Action, Drama",505210,12/5/2003,Edward Zwick,,
67,tt8373206,5/19/2023,5/19/2023,,About My Father,About My Father,https://www.imdb.com/title/tt8373206/,Movie,5.8,90,2023,Comedy,19221,5/26/2023,Laura Terruso,,
68,tt2039393,5/20/2023,5/20/2023,,The Gambler,The Gambler,https://www.imdb.com/title/tt2039393/,Movie,6,111,2014,"Crime, Drama, Thriller",77761,12/25/2014,Rupert Wyatt,,
69,tt5537002,5/20/2023,5/20/2023,,Killers of the Flower Moon,Killers of the Flower Moon,https://www.imdb.com/title/tt5537002/,Movie,7.5,206,2023,"Crime, Drama, History, Western",308119,10/20/2023,Martin Scorsese,,
70,tt0086200,5/20/2023,5/20/2023,,Risky Business,Risky Business,https://www.imdb.com/title/tt0086200/,Movie,6.8,99,1983,"Comedy, Crime, Drama, Romance",108352,8/5/1983,Paul Brickman,,
71,tt0085154,5/20/2023,5/20/2023,,All the Right Moves,All the Right Moves,https://www.imdb.com/title/tt0085154/,Movie,6,91,1983,"Drama, Romance, Sport",21506,10/21/1983,Michael Chapman,,
72,tt3393786,5/20/2023,5/20/2023,,Jack Reacher: Never Go Back,Jack Reacher: Never Go Back,https://www.imdb.com/title/tt3393786/,Movie,6.2,118,2016,"Action, Thriller",193532,10/21/2016,Edward Zwick,,
73,tt0096969,5/20/2023,5/20/2023,,Born on the Fourth of July,Born on the Fourth of July,https://www.imdb.com/title/tt0096969/,Movie,7.2,145,1989,"Biography, Drama, War",124528,1/5/1990,Oliver Stone,,
74,tt1483013,5/20/2023,5/20/2023,,Oblivion,Oblivion,https://www.imdb.com/title/tt1483013/,Movie,7,124,2013,"Action, Adventure, Sci-Fi",586754,4/19/2013,Joseph Kosinski,,
75,tt0407304,5/20/2023,5/20/2023,,War of the Worlds,War of the Worlds,https://www.imdb.com/title/tt0407304/,Movie,6.6,117,2005,"Action, Adventure, Sci-Fi",507743,6/29/2005,Steven Spielberg,,
76,tt0259711,5/20/2023,5/20/2023,,Vanilla Sky,Vanilla Sky,https://www.imdb.com/title/tt0259711/,Movie,6.9,136,2001,"Fantasy, Mystery, Romance, Sci-Fi, Thriller",309108,12/14/2001,Cameron Crowe,,
77,tt0266915,5/21/2023,5/21/2023,,Rush Hour 2,Rush Hour 2,https://www.imdb.com/title/tt0266915/,Movie,6.7,90,2001,"Action, Comedy, Crime, Thriller",260944,8/3/2001,Brett Ratner,,
78,tt0293564,5/21/2023,5/21/2023,,Rush Hour 3,Rush Hour 3,https://www.imdb.com/title/tt0293564/,Movie,6.3,91,2007,"Action, Comedy, Crime, Thriller",199934,8/10/2007,Brett Ratner,,
79,tt0119654,5/21/2023,5/21/2023,,Men in Black,Men in Black,https://www.imdb.com/title/tt0119654/,Movie,7.3,98,1997,"Action, Adventure, Comedy, Sci-Fi",664911,7/2/1997,Barry Sonnenfeld,,
80,tt0120912,5/21/2023,5/21/2023,,Men in Black II,Men in Black II,https://www.imdb.com/title/tt0120912/,Movie,6.2,88,2002,"Action, Adventure, Comedy, Mystery, Sci-Fi",432149,7/3/2002,Barry Sonnenfeld,,
81,tt1409024,5/21/2023,5/21/2023,,Men in Black 3,Men in Black³,https://www.imdb.com/title/tt1409024/,Movie,6.8,106,2012,"Action, Adventure, Comedy, Sci-Fi",412380,5/25/2012,Barry Sonnenfeld,,
82,tt2361509,5/22/2023,5/22/2023,,The Intern,The Intern,https://www.imdb.com/title/tt2361509/,Movie,7.1,121,2015,"Comedy, Drama",310214,9/25/2015,Nancy Meyers,,
83,tt0825232,5/23/2023,5/23/2023,,The Bucket List,The Bucket List,https://www.imdb.com/title/tt0825232/,Movie,7.3,97,2007,"Adventure, Comedy, Drama",272731,1/11/2008,Rob Reiner,,
84,tt1057500,5/23/2023,5/23/2023,,Invictus,Invictus,https://www.imdb.com/title/tt1057500/,Movie,7.3,134,2009,"Biography, Drama, History, Sport",174481,12/11/2009,Clint Eastwood,,
85,tt0122690,5/23/2023,5/23/2023,,Ronin,Ronin,https://www.imdb.com/title/tt0122690/,Movie,7.2,122,1998,"Action, Crime, Thriller",208030,9/25/1998,John Frankenheimer,,
86,tt0175880,5/23/2023,5/23/2023,,Magnolia,Magnolia,https://www.imdb.com/title/tt0175880/,Movie,8,188,1999,Drama,350660,1/7/2000,Paul Thomas Anderson,,
87,tt1663202,5/23/2023,5/23/2023,,The Revenant,The Revenant,https://www.imdb.com/title/tt1663202/,Movie,8,156,2015,"Action, Drama, Western",951282,1/8/2016,Alejandro G. Iñárritu,,
88,tt1800241,5/23/2023,5/23/2023,,American Hustle,American Hustle,https://www.imdb.com/title/tt1800241/,Movie,7.2,138,2013,"Crime, Drama",519218,12/20/2013,David O. Russell,,
89,tt0482571,5/24/2023,5/24/2023,,The Prestige,The Prestige,https://www.imdb.com/title/tt0482571/,Movie,8.5,130,2006,"Drama, Mystery, Sci-Fi, Thriller",1590786,10/20/2006,Christopher Nolan,,
90,tt0765429,5/24/2023,5/24/2023,,American Gangster,American Gangster,https://www.imdb.com/title/tt0765429/,Movie,7.8,157,2007,"Biography, Crime, Drama",487660,11/2/2007,Ridley Scott,,
91,tt0119978,5/25/2023,5/25/2023,,The Rainmaker,The Rainmaker,https://www.imdb.com/title/tt0119978/,Movie,7.2,135,1997,"Crime, Drama, Thriller",91630,11/21/1997,Francis Ford Coppola,,
92,tt1068680,5/27/2023,5/27/2023,,Yes Man,Yes Man,https://www.imdb.com/title/tt1068680/,Movie,6.8,104,2008,"Comedy, Romance",405219,12/19/2008,Peyton Reed,,
93,tt0104427,5/29/2023,5/29/2023,,Hoffa,Hoffa,https://www.imdb.com/title/tt0104427/,Movie,6.6,140,1992,"Biography, Crime, Drama",26169,12/25/1992,Danny DeVito,,
94,tt0105327,5/29/2023,5/29/2023,,School Ties,School Ties,https://www.imdb.com/title/tt0105327/,Movie,6.9,106,1992,Drama,29431,9/18/1992,Robert Mandel,,
95,tt4244994,5/29/2023,5/29/2023,,The Last Duel,The Last Duel,https://www.imdb.com/title/tt4244994/,Movie,7.3,152,2021,"Drama, History, Thriller",206971,10/15/2021,Ridley Scott,,
96,tt0118842,5/29/2023,5/29/2023,,Chasing Amy,Chasing Amy,https://www.imdb.com/title/tt0118842/,Movie,7.2,113,1997,"Comedy, Drama, Romance",148480,4/18/1997,Kevin Smith,,
97,tt0120655,5/29/2023,5/29/2023,,Dogma,Dogma,https://www.imdb.com/title/tt0120655/,Movie,7.3,130,1999,"Adventure, Comedy, Drama, Fantasy",240997,11/12/1999,Kevin Smith,,
98,tt0413099,5/29/2023,5/29/2023,,Evan Almighty,Evan Almighty,https://www.imdb.com/title/tt0413099/,Movie,5.4,96,2007,"Comedy, Family, Fantasy",163174,6/22/2007,Tom Shadyac,,
99,tt0099077,5/30/2023,5/30/2023,,Awakenings,Awakenings,https://www.imdb.com/title/tt0099077/,Movie,7.8,121,1990,"Biography, Drama",177135,1/11/1991,Penny Marshall,,
100,tt0109040,5/30/2023,5/30/2023,,Ace Ventura: Pet Detective,Ace Ventura: Pet Detective,https://www.imdb.com/title/tt0109040/,Movie,6.9,86,1994,Comedy,354411,2/4/1994,Tom Shadyac,,
101,tt0183505,5/30/2023,5/30/2023,,"Me, Myself & Irene","Me, Myself & Irene",https://www.imdb.com/title/tt0183505/,Movie,6.6,116,2000,Comedy,264691,6/23/2000,"Bobby Farrelly, Peter Farrelly",,
102,tt0144084,5/30/2023,5/30/2023,,American Psycho,American Psycho,https://www.imdb.com/title/tt0144084/,Movie,7.6,102,2000,"Crime, Drama, Horror",839974,4/14/2000,Mary Harron,,
103,tt0117665,5/30/2023,5/30/2023,,Sleepers,Sleepers,https://www.imdb.com/title/tt0117665/,Movie,7.5,147,1996,"Crime, Drama, Thriller",253344,10/18/1996,Barry Levinson,,
104,tt0425061,5/30/2023,5/30/2023,,Get Smart,Get Smart,https://www.imdb.com/title/tt0425061/,Movie,6.5,110,2008,"Action, Adventure, Comedy",238143,6/20/2008,Peter Segal,,
105,tt0822832,5/30/2023,5/30/2023,,Marley & Me,Marley & Me,https://www.imdb.com/title/tt0822832/,Movie,7,115,2008,"Drama, Family",175784,12/25/2008,David Frankel,,
106,tt0362227,5/30/2023,5/30/2023,,The Terminal,The Terminal,https://www.imdb.com/title/tt0362227/,Movie,7.4,128,2004,"Comedy, Drama, Romance",536065,6/18/2004,Steven Spielberg,,
107,tt1219289,5/30/2023,5/30/2023,,Limitless,Limitless,https://www.imdb.com/title/tt1219289/,Movie,7.4,105,2011,"Sci-Fi, Thriller",648946,3/18/2011,Neil Burger,,
108,tt1130080,6/2/2023,6/2/2023,,The Informant!,The Informant!,https://www.imdb.com/title/tt1130080/,Movie,6.5,108,2009,"Biography, Comedy, Crime, Drama",69926,9/18/2009,Steven Soderbergh,,
109,tt0092675,6/2/2023,6/2/2023,,Bloodsport,Bloodsport,https://www.imdb.com/title/tt0092675/,Movie,6.8,92,1988,"Action, Drama, Sport",103277,4/29/1988,Newt Arnold,,
110,tt0055928,6/12/2023,6/12/2023,,Dr. No,Dr. No,https://www.imdb.com/title/tt0055928/,Movie,7.2,110,1962,"Action, Adventure, Thriller",195854,10/10/1962,Terence Young,,
111,tt0057076,6/12/2023,6/12/2023,,From Russia with Love,From Russia with Love,https://www.imdb.com/title/tt0057076/,Movie,7.3,115,1963,"Action, Adventure, Thriller",159028,5/27/1964,Terence Young,,
112,tt0058150,6/12/2023,6/12/2023,,Goldfinger,Goldfinger,https://www.imdb.com/title/tt0058150/,Movie,7.7,110,1964,"Action, Adventure, Thriller",217960,1/9/1965,Guy Hamilton,,
113,tt0059800,6/12/2023,6/12/2023,,Thunderball,Thunderball,https://www.imdb.com/title/tt0059800/,Movie,6.9,130,1965,"Action, Adventure, Thriller",138000,12/22/1965,Terence Young,,
114,tt0062512,6/12/2023,6/12/2023,,You Only Live Twice,You Only Live Twice,https://www.imdb.com/title/tt0062512/,Movie,6.8,117,1967,"Action, Adventure, Thriller",127605,6/13/1967,Lewis Gilbert,,
115,tt0064757,6/12/2023,6/12/2023,,On Her Majesty's Secret Service,On Her Majesty's Secret Service,https://www.imdb.com/title/tt0064757/,Movie,6.7,142,1969,"Action, Adventure, Thriller",108918,12/19/1969,Peter R. Hunt,,
116,tt0066995,6/12/2023,6/12/2023,,Diamonds Are Forever,Diamonds Are Forever,https://www.imdb.com/title/tt0066995/,Movie,6.5,120,1971,"Action, Adventure, Thriller",123444,12/17/1971,Guy Hamilton,,
117,tt0070328,6/12/2023,6/12/2023,,Live and Let Die,Live and Let Die,https://www.imdb.com/title/tt0070328/,Movie,6.7,121,1973,"Action, Adventure, Thriller",124870,6/27/1973,Guy Hamilton,,
118,tt3296908,6/12/2023,6/12/2023,,The Man with the Iron Heart,HHhH,https://www.imdb.com/title/tt3296908/,Movie,6.4,120,2017,"Action, Biography, Thriller, War",19896,6/7/2017,Cédric Jimenez,,
119,tt0076752,6/12/2023,6/12/2023,,The Spy Who Loved Me,The Spy Who Loved Me,https://www.imdb.com/title/tt0076752/,Movie,7,125,1977,"Action, Adventure, Thriller",125466,8/3/1977,Lewis Gilbert,,
120,tt0079574,6/12/2023,6/12/2023,,Moonraker,Moonraker,https://www.imdb.com/title/tt0079574/,Movie,6.3,126,1979,"Action, Adventure, Sci-Fi, Thriller",117793,6/29/1979,Lewis Gilbert,,
121,tt0082398,6/12/2023,6/12/2023,,For Your Eyes Only,For Your Eyes Only,https://www.imdb.com/title/tt0082398/,Movie,6.7,127,1981,"Action, Adventure, Thriller",116612,6/26/1981,John Glen,,
122,tt0086034,6/12/2023,6/12/2023,,Octopussy,Octopussy,https://www.imdb.com/title/tt0086034/,Movie,6.5,131,1983,"Action, Adventure, Thriller",120733,6/10/1983,John Glen,,
123,tt0090264,6/12/2023,6/12/2023,,A View to a Kill,A View to a Kill,https://www.imdb.com/title/tt0090264/,Movie,6.3,131,1985,"Action, Adventure, Thriller",112993,5/24/1985,John Glen,,
124,tt0093428,6/12/2023,6/12/2023,,The Living Daylights,The Living Daylights,https://www.imdb.com/title/tt0093428/,Movie,6.7,130,1987,"Action, Adventure, Thriller",114847,7/31/1987,John Glen,,
125,tt0097742,6/12/2023,6/12/2023,,Licence to Kill,Licence to Kill,https://www.imdb.com/title/tt0097742/,Movie,6.7,133,1989,"Action, Adventure, Thriller",120706,7/14/1989,John Glen,,
126,tt0113189,6/12/2023,6/12/2023,,GoldenEye,GoldenEye,https://www.imdb.com/title/tt0113189/,Movie,7.2,130,1995,"Action, Adventure, Thriller",286655,11/17/1995,Martin Campbell,,
127,tt0120347,6/12/2023,6/12/2023,,Tomorrow Never Dies,Tomorrow Never Dies,https://www.imdb.com/title/tt0120347/,Movie,6.5,119,1997,"Action, Adventure, Thriller",216272,12/19/1997,Roger Spottiswoode,,
128,tt0143145,6/12/2023,6/12/2023,,The World Is Not Enough,The World Is Not Enough,https://www.imdb.com/title/tt0143145/,Movie,6.4,128,1999,"Action, Adventure, Thriller",220849,11/19/1999,Michael Apted,,
129,tt0246460,6/12/2023,6/12/2023,,Die Another Day,Die Another Day,https://www.imdb.com/title/tt0246460/,Movie,6.1,133,2002,"Action, Adventure, Thriller",240945,11/22/2002,Lee Tamahori,,
130,tt0830515,6/12/2023,6/12/2023,,Quantum of Solace,Quantum of Solace,https://www.imdb.com/title/tt0830515/,Movie,6.5,106,2008,"Action, Adventure, Mystery, Thriller",498193,11/14/2008,Marc Forster,,
131,tt2379713,6/12/2023,6/12/2023,,Spectre,Spectre,https://www.imdb.com/title/tt2379713/,Movie,6.8,148,2015,"Action, Adventure, Thriller",497013,11/6/2015,Sam Mendes,,
132,tt6146586,6/12/2023,6/12/2023,,John Wick: Chapter 3 - Parabellum,John Wick: Chapter 3 - Parabellum,https://www.imdb.com/title/tt6146586/,Movie,7.4,130,2019,"Action, Crime, Drama, Thriller",481277,5/17/2019,Chad Stahelski,,
133,tt10366206,6/12/2023,6/12/2023,,John Wick: Chapter 4,John Wick: Chapter 4,https://www.imdb.com/title/tt10366206/,Movie,7.6,169,2023,"Action, Crime, Thriller",412244,3/24/2023,Chad Stahelski,,
134,tt0328107,6/12/2023,6/12/2023,,Man on Fire,Man on Fire,https://www.imdb.com/title/tt0328107/,Movie,7.7,146,2004,"Action, Crime, Drama, Thriller",421513,4/23/2004,Tony Scott,,
135,tt0368891,6/13/2023,6/13/2023,,National Treasure,National Treasure,https://www.imdb.com/title/tt0368891/,Movie,6.9,131,2004,"Action, Adventure, Mystery, Thriller",377513,11/19/2004,Jon Turteltaub,,
136,tt0290002,6/16/2023,6/16/2023,,Meet the Fockers,Meet the Fockers,https://www.imdb.com/title/tt0290002/,Movie,6.4,115,2004,"Comedy, Romance",302226,12/22/2004,Jay Roach,,
137,tt8367814,6/18/2023,6/18/2023,,The Gentlemen,The Gentlemen,https://www.imdb.com/title/tt8367814/,Movie,7.8,113,2019,"Action, Comedy, Crime",457960,1/24/2020,Guy Ritchie,,
138,tt0116367,6/20/2023,6/20/2023,,From Dusk Till Dawn,From Dusk Till Dawn,https://www.imdb.com/title/tt0116367/,Movie,7.2,108,1996,"Action, Crime, Horror",370723,1/19/1996,Robert Rodriguez,,
139,tt0073486,6/21/2023,6/21/2023,,One Flew Over the Cuckoo's Nest,One Flew Over the Cuckoo's Nest,https://www.imdb.com/title/tt0073486/,Movie,8.6,133,1975,Drama,1157621,11/21/1975,Miloš Forman,,
140,tt1028528,6/23/2023,6/23/2023,,Death Proof,Death Proof,https://www.imdb.com/title/tt1028528/,Movie,7,127,2007,"Drama, Thriller",334334,5/31/2007,Quentin Tarantino,,
141,tt0119396,6/23/2023,6/23/2023,,Jackie Brown,Jackie Brown,https://www.imdb.com/title/tt0119396/,Movie,7.5,154,1997,"Crime, Drama, Thriller",404739,12/25/1997,Quentin Tarantino,,
142,tt0117918,6/23/2023,6/23/2023,,Tin Cup,Tin Cup,https://www.imdb.com/title/tt0117918/,Movie,6.4,135,1996,"Comedy, Drama, Romance, Sport",56207,8/16/1996,Ron Shelton,,
143,tt0790724,6/26/2023,6/26/2023,,Jack Reacher,Jack Reacher,https://www.imdb.com/title/tt0790724/,Movie,7,130,2012,"Action, Thriller",392218,12/21/2012,Christopher McQuarrie,,
144,tt0108002,6/26/2023,6/26/2023,,Rudy,Rudy,https://www.imdb.com/title/tt0108002/,Movie,7.5,114,1993,"Biography, Drama, Sport",74630,10/22/1993,David Anspaugh,,
145,tt0393162,6/26/2023,6/26/2023,,Coach Carter,Coach Carter,https://www.imdb.com/title/tt0393162/,Movie,7.4,136,2005,"Biography, Drama, Sport",192964,1/14/2005,Thomas Carter,,
146,tt0268978,6/27/2023,6/27/2023,,A Beautiful Mind,A Beautiful Mind,https://www.imdb.com/title/tt0268978/,Movie,8.2,135,2001,"Biography, Drama, Mystery",1054500,1/4/2002,Ron Howard,,
147,tt1398426,6/27/2023,6/27/2023,,Straight Outta Compton,Straight Outta Compton,https://www.imdb.com/title/tt1398426/,Movie,7.8,147,2015,"Biography, Drama, History, Music, Musical",234182,8/14/2015,F. Gary Gray,,
148,tt2140373,6/27/2023,6/27/2023,,Saving Mr. Banks,Saving Mr. Banks,https://www.imdb.com/title/tt2140373/,Movie,7.5,125,2013,"Biography, Comedy, Drama",175771,12/20/2013,John Lee Hancock,,
149,tt0112384,6/28/2023,6/28/2023,,Apollo 13,Apollo 13,https://www.imdb.com/title/tt0112384/,Movie,7.7,140,1995,"Adventure, Drama, History",338867,6/30/1995,Ron Howard,,
150,tt0162222,6/28/2023,6/28/2023,,Cast Away,Cast Away,https://www.imdb.com/title/tt0162222/,Movie,7.8,143,2000,"Adventure, Drama, Romance",689825,12/22/2000,Robert Zemeckis,,
151,tt0098627,6/29/2023,6/29/2023,,Weekend at Bernie's,Weekend at Bernie's,https://www.imdb.com/title/tt0098627/,Movie,6.4,97,1989,"Adventure, Comedy, Crime",68317,7/5/1989,Ted Kotcheff,,
152,tt0033467,6/29/2023,6/29/2023,,Citizen Kane,Citizen Kane,https://www.imdb.com/title/tt0033467/,Movie,8.2,119,1941,"Drama, Mystery",493587,9/5/1941,Orson Welles,,
153,tt0062622,6/29/2023,6/29/2023,,2001: A Space Odyssey,2001: A Space Odyssey,https://www.imdb.com/title/tt0062622/,Movie,8.3,149,1968,"Adventure, Sci-Fi",784168,5/12/1968,Stanley Kubrick,,
154,tt0469494,6/29/2023,6/29/2023,,There Will Be Blood,There Will Be Blood,https://www.imdb.com/title/tt0469494/,Movie,8.2,158,2007,Drama,709663,1/25/2008,Paul Thomas Anderson,,
155,tt0082971,6/29/2023,6/29/2023,,Raiders of the Lost Ark,Raiders of the Lost Ark,https://www.imdb.com/title/tt0082971/,Movie,8.4,115,1981,Adventure,1110911,6/12/1981,Steven Spielberg,,
156,tt0060196,6/29/2023,6/29/2023,,"The Good, the Bad and the Ugly","Il buono, il brutto, il cattivo",https://www.imdb.com/title/tt0060196/,Movie,8.8,178,1966,"Adventure, Drama, Western",891651,12/29/1967,Sergio Leone,,
157,tt2096672,6/29/2023,6/29/2023,,Dumb and Dumber To,Dumb and Dumber To,https://www.imdb.com/title/tt2096672/,Movie,5.6,109,2014,Comedy,153866,11/14/2014,"Bobby Farrelly, Peter Farrelly",,
158,tt0077416,7/3/2023,7/3/2023,,The Deer Hunter,The Deer Hunter,https://www.imdb.com/title/tt0077416/,Movie,8.1,183,1978,"Drama, War",386789,2/23/1979,Michael Cimino,,
159,tt0064116,7/4/2023,7/4/2023,,Once Upon a Time in the West,C'era una volta il West,https://www.imdb.com/title/tt0064116/,Movie,8.5,145,1968,"Drama, Western",384512,7/4/1969,Sergio Leone,,
160,tt0057115,7/4/2023,7/4/2023,,The Great Escape,The Great Escape,https://www.imdb.com/title/tt0057115/,Movie,8.2,172,1963,"Adventure, Drama, Thriller, War",277867,7/4/1963,John Sturges,,
161,tt0278504,7/4/2023,7/4/2023,,Insomnia,Insomnia,https://www.imdb.com/title/tt0278504/,Movie,7.2,118,2002,"Drama, Mystery, Thriller",343309,5/24/2002,Christopher Nolan,,
162,tt0070666,7/4/2023,7/4/2023,,Serpico,Serpico,https://www.imdb.com/title/tt0070666/,Movie,7.7,130,1973,"Biography, Crime, Drama, Thriller",146416,12/5/1973,Sidney Lumet,,
163,tt0118971,7/4/2023,7/4/2023,,The Devil's Advocate,The Devil's Advocate,https://www.imdb.com/title/tt0118971/,Movie,7.5,144,1997,"Drama, Fantasy, Mystery, Thriller",445917,10/17/1997,Taylor Hackford,,
164,tt0452623,7/4/2023,7/4/2023,,Gone Baby Gone,Gone Baby Gone,https://www.imdb.com/title/tt0452623/,Movie,7.6,114,2007,"Crime, Drama, Mystery, Thriller",311276,10/19/2007,Ben Affleck,,
165,tt0405159,7/4/2023,7/4/2023,,Million Dollar Baby,Million Dollar Baby,https://www.imdb.com/title/tt0405159/,Movie,8.1,132,2004,"Drama, Sport",766825,1/28/2005,Clint Eastwood,,
166,tt0105695,7/4/2023,7/4/2023,,Unforgiven,Unforgiven,https://www.imdb.com/title/tt0105695/,Movie,8.2,130,1992,"Drama, Western",468859,8/7/1992,Clint Eastwood,,
167,tt0097441,7/4/2023,7/4/2023,,Glory,Glory,https://www.imdb.com/title/tt0097441/,Movie,7.8,122,1989,"Biography, Drama, History, War",153526,2/16/1990,Edward Zwick,,
168,tt0381707,7/6/2023,7/6/2023,,White Chicks,White Chicks,https://www.imdb.com/title/tt0381707/,Movie,5.9,109,2004,"Comedy, Crime",194101,6/23/2004,Keenen Ivory Wayans,,
169,tt0452594,7/6/2023,7/6/2023,,The Break-Up,The Break-Up,https://www.imdb.com/title/tt0452594/,Movie,5.8,106,2006,"Comedy, Drama, Romance",145952,6/2/2006,Peyton Reed,,
170,tt0187393,7/6/2023,7/6/2023,,The Patriot,The Patriot,https://www.imdb.com/title/tt0187393/,Movie,7.2,165,2000,"Action, Drama, War",312836,6/28/2000,Roland Emmerich,,
171,tt0335438,7/7/2023,7/7/2023,,Starsky & Hutch,Starsky & Hutch,https://www.imdb.com/title/tt0335438/,Movie,6.1,101,2004,"Comedy, Crime",161850,3/5/2004,Todd Phillips,,
172,tt0115734,7/7/2023,7/7/2023,,Bottle Rocket,Bottle Rocket,https://www.imdb.com/title/tt0115734/,Movie,6.9,91,1996,"Comedy, Crime, Drama",88456,2/21/1996,Wes Anderson,,
173,tt0124718,7/8/2023,7/8/2023,,He Got Game,He Got Game,https://www.imdb.com/title/tt0124718/,Movie,6.9,136,1998,"Drama, Sport",54886,5/1/1998,Spike Lee,,
174,tt8784956,7/8/2023,7/8/2023,,Ava,Ava,https://www.imdb.com/title/tt8784956/,Movie,5.5,96,2020,"Action, Crime, Drama, Thriller",68272,9/25/2020,Tate Taylor,,
175,tt0071807,7/9/2023,7/9/2023,,The Man with the Golden Gun,The Man with the Golden Gun,https://www.imdb.com/title/tt0071807/,Movie,6.7,125,1974,"Action, Adventure, Thriller",122019,12/20/1974,Guy Hamilton,,
176,tt0086006,7/9/2023,7/9/2023,,Never Say Never Again,Never Say Never Again,https://www.imdb.com/title/tt0086006/,Movie,6.1,134,1983,"Action, Adventure, Thriller",78514,10/7/1983,Irvin Kershner,,
177,tt0093692,7/10/2023,7/10/2023,,Over the Top,Over the Top,https://www.imdb.com/title/tt0093692/,Movie,5.9,93,1987,"Action, Drama, Sport",65352,2/13/1987,Menahem Golan,,
178,tt0049406,7/10/2023,7/10/2023,,The Killing,The Killing,https://www.imdb.com/title/tt0049406/,Movie,7.9,84,1956,"Crime, Drama, Film-Noir, Thriller",105773,6/6/1956,Stanley Kubrick,,
179,tt2692904,7/10/2023,7/10/2023,,Locke,Locke,https://www.imdb.com/title/tt2692904/,Movie,7.1,85,2013,Drama,169334,4/18/2014,Steven Knight,,
180,tt0053125,7/10/2023,7/10/2023,,North by Northwest,North by Northwest,https://www.imdb.com/title/tt0053125/,Movie,8.3,136,1959,"Adventure, Drama, Mystery, Thriller",369424,12/18/1959,Alfred Hitchcock,,
181,tt0080678,7/10/2023,7/10/2023,,The Elephant Man,The Elephant Man,https://www.imdb.com/title/tt0080678/,Movie,8.2,124,1980,"Biography, Drama",282152,10/10/1980,David Lynch,,
182,tt11138512,7/10/2023,7/10/2023,,The Northman,The Northman,https://www.imdb.com/title/tt11138512/,Movie,7,137,2022,"Action, Adventure, Drama, Fantasy, History, Thriller",300188,4/22/2022,Robert Eggers,,
183,tt2872718,7/10/2023,7/10/2023,,Nightcrawler,Nightcrawler,https://www.imdb.com/title/tt2872718/,Movie,7.8,117,2014,"Crime, Drama, Thriller",670777,10/31/2014,Dan Gilroy,,
184,tt1172049,7/10/2023,7/10/2023,,Demolition,Demolition,https://www.imdb.com/title/tt1172049/,Movie,7,101,2015,"Comedy, Drama",134465,4/8/2016,Jean-Marc Vallée,,
185,tt7740496,7/10/2023,7/10/2023,,Nightmare Alley,Nightmare Alley,https://www.imdb.com/title/tt7740496/,Movie,7,150,2021,"Crime, Drama, Thriller",182782,12/17/2021,Guillermo del Toro,,
186,tt0480025,7/10/2023,7/10/2023,,This Is England,This Is England,https://www.imdb.com/title/tt0480025/,Movie,7.7,101,2006,"Crime, Drama",135326,4/27/2007,Shane Meadows,,
187,tt6751668,7/10/2023,7/10/2023,,Parasite,Gisaengchung,https://www.imdb.com/title/tt6751668/,Movie,8.5,132,2019,"Drama, Thriller",1167025,11/8/2019,Bong Joon Ho,,
188,tt2543164,7/10/2023,7/10/2023,,Arrival,Arrival,https://www.imdb.com/title/tt2543164/,Movie,7.9,116,2016,"Drama, Mystery, Sci-Fi",865262,11/11/2016,Denis Villeneuve,,
189,tt0072684,7/10/2023,7/10/2023,,Barry Lyndon,Barry Lyndon,https://www.imdb.com/title/tt0072684/,Movie,8.1,185,1975,"Adventure, Drama, War",205219,12/18/1975,Stanley Kubrick,,
190,tt0338013,7/10/2023,7/10/2023,,Eternal Sunshine of the Spotless Mind,Eternal Sunshine of the Spotless Mind,https://www.imdb.com/title/tt0338013/,Movie,8.3,108,2004,"Drama, Romance, Sci-Fi",1183724,3/19/2004,Michel Gondry,,
191,tt0361862,7/10/2023,7/10/2023,,The Machinist,The Machinist,https://www.imdb.com/title/tt0361862/,Movie,7.6,101,2004,"Drama, Thriller",442294,12/3/2004,Brad Anderson,,
192,tt0085794,7/10/2023,7/10/2023,,The King of Comedy,The King of Comedy,https://www.imdb.com/title/tt0085794/,Movie,7.8,109,1982,"Comedy, Crime, Drama, Thriller",133185,12/18/1982,Martin Scorsese,,
193,tt0071360,7/10/2023,7/10/2023,,The Conversation,The Conversation,https://www.imdb.com/title/tt0071360/,Movie,7.7,113,1974,"Drama, Mystery, Thriller",136654,4/12/1974,Francis Ford Coppola,,
194,tt0071853,7/10/2023,7/10/2023,,Monty Python and the Holy Grail,Monty Python and the Holy Grail,https://www.imdb.com/title/tt0071853/,Movie,8.1,91,1975,"Adventure, Comedy, Fantasy",603826,7/18/1975,"Terry Gilliam, Terry Jones",,
195,tt0079470,7/10/2023,7/10/2023,,Monty Python's Life of Brian,Monty Python's Life of Brian,https://www.imdb.com/title/tt0079470/,Movie,8,94,1979,Comedy,434818,8/17/1979,Terry Jones,,
196,tt0119174,7/10/2023,7/10/2023,,The Game,The Game,https://www.imdb.com/title/tt0119174/,Movie,7.7,129,1997,"Drama, Mystery, Thriller",471737,9/12/1997,David Fincher,,
197,tt2267998,7/10/2023,7/10/2023,,Gone Girl,Gone Girl,https://www.imdb.com/title/tt2267998/,Movie,8.1,149,2014,"Drama, Mystery, Thriller",1170823,10/3/2014,David Fincher,,
198,tt0166924,7/10/2023,7/10/2023,,Mulholland Drive,Mulholland Dr.,https://www.imdb.com/title/tt0166924/,Movie,7.9,147,2001,"Drama, Mystery, Thriller",428843,10/19/2001,David Lynch,,
199,tt0052357,7/10/2023,7/10/2023,,Vertigo,Vertigo,https://www.imdb.com/title/tt0052357/,Movie,8.2,128,1958,"Mystery, Romance, Thriller",459216,5/28/1958,Alfred Hitchcock,,
200,tt1907668,7/11/2023,7/11/2023,,Flight,Flight,https://www.imdb.com/title/tt1907668/,Movie,7.3,138,2012,"Drama, Thriller",397815,11/2/2012,Robert Zemeckis,,
201,tt2034800,7/14/2023,7/14/2023,,The Great Wall,The Great Wall,https://www.imdb.com/title/tt2034800/,Movie,5.9,103,2016,"Action, Adventure, Fantasy, Thriller",159602,2/17/2017,Yimou Zhang,,
202,tt6723592,7/26/2023,7/26/2023,,Tenet,Tenet,https://www.imdb.com/title/tt6723592/,Movie,7.3,150,2020,"Action, Sci-Fi, Thriller",687233,9/3/2020,Christopher Nolan,,
203,tt10640346,8/3/2023,8/3/2023,,Babylon,Babylon,https://www.imdb.com/title/tt10640346/,Movie,7.1,189,2022,"Comedy, Drama",206902,12/23/2022,Damien Chazelle,,
204,tt0104558,8/7/2023,8/7/2023,,Police Story 3: Supercop,Ging chaat goo si III: Chiu kup ging chaat,https://www.imdb.com/title/tt0104558/,Movie,7,91,1992,"Action, Comedy, Crime, Thriller",26777,7/26/1996,Stanley Tong,,
205,tt1488606,8/25/2023,8/25/2023,,Triple Frontier,Triple Frontier,https://www.imdb.com/title/tt1488606/,Movie,6.5,125,2019,"Action, Adventure, Thriller",161755,3/13/2019,J.C. Chandor,,
206,tt1355683,8/26/2023,8/26/2023,,Black Mass,Black Mass,https://www.imdb.com/title/tt1355683/,Movie,6.8,123,2015,"Biography, Crime, Drama",202493,9/18/2015,Scott Cooper,,
207,tt0082085,10/23/2023,10/23/2023,,Blow Out,Blow Out,https://www.imdb.com/title/tt0082085/,Movie,7.4,108,1981,"Crime, Drama, Mystery, Thriller",76432,7/24/1981,Brian De Palma,,
208,tt0039628,12/18/2023,12/18/2023,,Miracle on 34th Street,Miracle on 34th Street,https://www.imdb.com/title/tt0039628/,Movie,7.9,96,1947,"Comedy, Drama, Family, Fantasy",60477,7/4/1947,George Seaton,,
209,tt1856080,12/19/2023,12/19/2023,,The Boys in the Boat,The Boys in the Boat,https://www.imdb.com/title/tt1856080/,Movie,7,123,2023,"Biography, Drama, History, Sport",30307,12/25/2023,George Clooney,,
210,tt0307987,12/22/2023,12/22/2023,,Bad Santa,Bad Santa,https://www.imdb.com/title/tt0307987/,Movie,7,92,2003,"Comedy, Crime, Drama",167825,11/26/2003,Terry Zwigoff,,
211,tt4034228,12/23/2023,12/23/2023,,Manchester by the Sea,Manchester by the Sea,https://www.imdb.com/title/tt4034228/,Movie,7.8,137,2016,Drama,357441,12/16/2016,Kenneth Lonergan,,
212,tt15314262,1/9/2024,1/9/2024,,The Beekeeper,The Beekeeper,https://www.imdb.com/title/tt15314262/,Movie,6.3,105,2024,"Action, Crime, Thriller",180833,1/12/2024,David Ayer,,
213,tt2345759,1/17/2024,1/17/2024,,The Mummy,The Mummy,https://www.imdb.com/title/tt2345759/,Movie,5.4,110,2017,"Action, Adventure, Fantasy, Horror, Thriller",222458,6/9/2017,Alex Kurtzman,,
214,tt0103241,1/24/2024,1/24/2024,,What About Bob?,What About Bob?,https://www.imdb.com/title/tt0103241/,Movie,7,99,1991,Comedy,79044,5/17/1991,Frank Oz,,
215,tt0139654,1/26/2024,1/26/2024,,Training Day,Training Day,https://www.imdb.com/title/tt0139654/,Movie,7.8,122,2001,"Crime, Drama, Thriller",518173,10/5/2001,Antoine Fuqua,,
216,tt1591479,2/3/2024,2/3/2024,,Act of Valor,Act of Valor,https://www.imdb.com/title/tt1591479/,Movie,6.4,110,2012,"Action, Adventure, Thriller, War",74124,2/24/2012,"Mike McCoy, Scott Waugh",,
217,tt0314353,2/3/2024,2/3/2024,,Tears of the Sun,Tears of the Sun,https://www.imdb.com/title/tt0314353/,Movie,6.6,121,2003,"Action, Drama, Thriller, War",137080,3/7/2003,Antoine Fuqua,,
218,tt0119173,2/3/2024,2/3/2024,,G.I. Jane,G.I. Jane,https://www.imdb.com/title/tt0119173/,Movie,6.1,125,1997,"Action, Drama, War",92480,8/22/1997,Ridley Scott,,
219,tt0096754,2/3/2024,2/3/2024,,The Abyss,The Abyss,https://www.imdb.com/title/tt0096754/,Movie,7.5,140,1989,"Adventure, Drama, Mystery, Sci-Fi, Thriller",209237,8/9/1989,James Cameron,,
220,tt0105690,2/3/2024,2/3/2024,,Under Siege,Under Siege,https://www.imdb.com/title/tt0105690/,Movie,6.5,103,1992,"Action, Thriller",102919,10/9/1992,Andrew Davis,,
221,tt0499097,2/3/2024,2/3/2024,,Without Remorse,Without Remorse,https://www.imdb.com/title/tt0499097/,Movie,5.8,109,2021,"Action, Drama, Thriller, War",71276,4/30/2021,Stefano Sollima,,
222,tt0100232,2/3/2024,2/3/2024,,Navy Seals,Navy Seals,https://www.imdb.com/title/tt0100232/,Movie,5.6,113,1990,"Action, Adventure, Thriller",19741,7/20/1990,Lewis Teague,,
223,tt1336608,2/3/2024,2/3/2024,,Rock of Ages,Rock of Ages,https://www.imdb.com/title/tt1336608/,Movie,5.9,123,2012,"Comedy, Drama, Musical, Romance",84606,6/15/2012,Adam Shankman,,
224,tt0891527,2/3/2024,2/3/2024,,Lions for Lambs,Lions for Lambs,https://www.imdb.com/title/tt0891527/,Movie,6.2,92,2007,"Crime, Drama, Mystery, Thriller, War",56782,11/9/2007,Robert Redford,,
225,tt0352248,2/10/2024,2/10/2024,,Cinderella Man,Cinderella Man,https://www.imdb.com/title/tt0352248/,Movie,8,144,2005,"Biography, Drama, Romance, Sport",209244,6/3/2005,Ron Howard,,
226,tt0120586,2/10/2024,2/10/2024,,American History X,American History X,https://www.imdb.com/title/tt0120586/,Movie,8.5,119,1998,"Crime, Drama",1274387,11/20/1998,Tony Kaye,,
227,tt0118715,2/10/2024,2/10/2024,,The Big Lebowski,The Big Lebowski,https://www.imdb.com/title/tt0118715/,Movie,8.1,117,1998,"Comedy, Crime",917289,3/6/1998,"Joel Coen, Ethan Coen",,
228,tt0086066,2/17/2024,2/17/2024,,The Outsiders,The Outsiders,https://www.imdb.com/title/tt0086066/,Movie,7,91,1983,"Crime, Drama",109817,3/25/1983,Francis Ford Coppola,,
229,tt7660850,2/23/2024,2/23/2024,,Succession,Succession,https://www.imdb.com/title/tt7660850/,TV Series,8.8,60,2018,"Comedy, Drama",357310,6/3/2018,,,
230,tt3715152,3/7/2024,3/7/2024,,Shooting Stars,Shooting Stars,https://www.imdb.com/title/tt3715152/,Movie,6.5,116,2023,"Drama, Sport",4342,6/2/2023,Chris Robinson,,
231,tt15239678,3/10/2024,3/10/2024,,Dune: Part Two,Dune: Part Two,https://www.imdb.com/title/tt15239678/,Movie,8.4,166,2024,"Action, Adventure, Drama, Sci-Fi",754062,3/1/2024,Denis Villeneuve,,
232,tt1677720,3/21/2024,3/21/2024,,Ready Player One,Ready Player One,https://www.imdb.com/title/tt1677720/,Movie,7.4,140,2018,"Action, Adventure, Sci-Fi",542581,3/29/2018,Steven Spielberg,,
233,tt14849194,3/21/2024,3/21/2024,,The Holdovers,The Holdovers,https://www.imdb.com/title/tt14849194/,Movie,7.9,133,2023,"Comedy, Drama",258910,11/10/2023,Alexander Payne,,
234,tt9214772,3/21/2024,3/21/2024,,Monkey Man,Monkey Man,https://www.imdb.com/title/tt9214772/,Movie,6.8,121,2024,"Action, Crime, Thriller",100045,4/5/2024,Dev Patel,,
235,tt2356777,3/21/2024,3/21/2024,,True Detective,True Detective,https://www.imdb.com/title/tt2356777/,TV Series,8.8,60,2014,"Crime, Drama, Mystery, Thriller",756879,1/12/2014,,,
236,tt4236770,3/21/2024,3/21/2024,,Yellowstone,Yellowstone,https://www.imdb.com/title/tt4236770/,TV Series,8.6,60,2018,"Drama, Western",312094,6/20/2018,,,
237,tt1632701,4/2/2024,4/2/2024,,Suits,Suits,https://www.imdb.com/title/tt1632701/,TV Series,8.4,45,2011,"Comedy, Drama",540730,6/23/2011,,,
238,tt2369135,5/17/2024,5/17/2024,,Need for Speed,Need for Speed,https://www.imdb.com/title/tt2369135/,Movie,6.4,132,2014,"Action, Crime, Drama, Thriller",187023,3/14/2014,Scott Waugh,,
239,tt1840309,6/5/2024,6/5/2024,,Divergent,Divergent,https://www.imdb.com/title/tt1840309/,Movie,6.6,139,2014,"Action, Adventure, Drama, Mystery, Sci-Fi",518915,3/21/2014,Neil Burger,,
240,tt1392170,6/5/2024,6/5/2024,,The Hunger Games,The Hunger Games,https://www.imdb.com/title/tt1392170/,Movie,7.2,142,2012,"Action, Adventure, Sci-Fi, Thriller",1083252,3/23/2012,Gary Ross,,
241,tt1951264,6/5/2024,6/5/2024,,The Hunger Games: Catching Fire,The Hunger Games: Catching Fire,https://www.imdb.com/title/tt1951264/,Movie,7.5,146,2013,"Action, Adventure, Romance, Sci-Fi, Thriller",774773,11/22/2013,Francis Lawrence,,
242,tt1951265,6/5/2024,6/5/2024,,The Hunger Games: Mockingjay - Part 1,The Hunger Games: Mockingjay - Part 1,https://www.imdb.com/title/tt1951265/,Movie,6.6,123,2014,"Action, Adventure, Sci-Fi, Thriller",547215,11/21/2014,Francis Lawrence,,
243,tt1951266,6/5/2024,6/5/2024,,The Hunger Games: Mockingjay - Part 2,The Hunger Games: Mockingjay - Part 2,https://www.imdb.com/title/tt1951266/,Movie,6.6,137,2015,"Action, Adventure, Sci-Fi, Thriller",415113,11/20/2015,Francis Lawrence,,
244,tt10545296,6/5/2024,6/5/2024,,The Hunger Games: The Ballad of Songbirds & Snakes,The Hunger Games: The Ballad of Songbirds & Snakes,https://www.imdb.com/title/tt10545296/,Movie,6.6,157,2023,"Action, Adventure, Drama, Sci-Fi, Thriller, War",184348,11/17/2023,Francis Lawrence,,
245,tt11280740,6/6/2024,6/6/2024,,Severance,Severance,https://www.imdb.com/title/tt11280740/,TV Series,8.6,50,2022,"Drama, Mystery, Sci-Fi, Thriller",390584,2/18/2022,,,
246,tt0118799,6/16/2024,6/16/2024,,Life Is Beautiful,La vita è bella,https://www.imdb.com/title/tt0118799/,Movie,8.6,116,1997,"Comedy, Drama, Romance, War",813631,12/20/1997,Roberto Benigni,,
247,tt0087277,6/26/2024,6/26/2024,,Footloose,Footloose,https://www.imdb.com/title/tt0087277/,Movie,6.6,107,1984,"Drama, Music, Romance",101946,2/17/1984,Herbert Ross,,
248,tt0110478,6/27/2024,6/27/2024,,Maverick,Maverick,https://www.imdb.com/title/tt0110478/,Movie,7,127,1994,"Action, Adventure, Comedy, Western",125708,5/20/1994,Richard Donner,,
249,tt0059037,6/27/2024,6/27/2024,,The Cincinnati Kid,The Cincinnati Kid,https://www.imdb.com/title/tt0059037/,Movie,7.2,102,1965,Drama,19679,10/30/1965,"Norman Jewison, Sam Peckinpah",,
250,tt0427998,6/27/2024,6/27/2024,,The Grand,The Grand,https://www.imdb.com/title/tt0427998/,Movie,5.9,104,2007,Comedy,6157,6/7/2007,Zak Penn,,
251,tt0323939,6/27/2024,6/27/2024,,Shade,Shade,https://www.imdb.com/title/tt0323939/,Movie,6.3,101,2003,"Crime, Thriller",13879,5/9/2004,Damian Nieman,,
252,tt0446676,6/27/2024,6/27/2024,,Deal,Deal,https://www.imdb.com/title/tt0446676/,Movie,5.3,86,2008,"Comedy, Drama",4774,6/12/2008,Gil Cates Jr.,,
253,tt0338216,6/27/2024,6/27/2024,,Lucky You,Lucky You,https://www.imdb.com/title/tt0338216/,Movie,5.9,124,2007,"Drama, Romance, Sport",21643,5/4/2007,Curtis Hanson,,
254,tt0374463,6/27/2024,6/27/2024,,The Pacific,The Pacific,https://www.imdb.com/title/tt0374463/,TV Mini Series,8.3,60,2010,"Action, Adventure, Drama, History, War",143943,3/14/2010,,,
255,tt3104988,7/2/2024,7/2/2024,,Crazy Rich Asians,Crazy Rich Asians,https://www.imdb.com/title/tt3104988/,Movie,6.9,120,2018,"Comedy, Drama, Romance",209397,8/15/2018,Jon M. Chu,,
256,tt8544498,7/4/2024,7/4/2024,,The Way Back,The Way Back,https://www.imdb.com/title/tt8544498/,Movie,6.7,108,2020,"Drama, Sport",56694,3/6/2020,Gavin O'Connor,,
257,tt1647668,7/4/2024,7/4/2024,,Million Dollar Arm,Million Dollar Arm,https://www.imdb.com/title/tt1647668/,Movie,7,124,2014,"Biography, Drama, Family, Sport",49433,5/16/2014,Craig Gillespie,,
258,tt0092005,7/4/2024,7/4/2024,,Stand by Me,Stand by Me,https://www.imdb.com/title/tt0092005/,Movie,8.1,89,1986,"Adventure, Drama",488236,8/22/1986,Rob Reiner,,
259,tt0091042,7/4/2024,7/4/2024,,Ferris Bueller's Day Off,Ferris Bueller's Day Off,https://www.imdb.com/title/tt0091042/,Movie,7.8,103,1986,Comedy,416621,6/11/1986,John Hughes,,
260,tt0316465,7/23/2024,7/23/2024,,Radio,Radio,https://www.imdb.com/title/tt0316465/,Movie,6.9,109,2003,"Biography, Drama, Sport",47345,10/24/2003,Michael Tollin,,
261,tt0477347,8/19/2024,8/19/2024,,Night at the Museum,Night at the Museum,https://www.imdb.com/title/tt0477347/,Movie,6.5,108,2006,"Adventure, Comedy, Family, Fantasy",410591,12/22/2006,Shawn Levy,,
262,tt2788710,8/19/2024,8/19/2024,,The Interview,The Interview,https://www.imdb.com/title/tt2788710/,Movie,6.5,112,2014,"Action, Adventure, Comedy",377362,12/24/2014,"Evan Goldberg, Seth Rogen",,
263,tt10954652,8/25/2024,8/25/2024,,Old,Old,https://www.imdb.com/title/tt10954652/,Movie,5.8,108,2021,"Drama, Mystery, Thriller",183801,7/23/2021,M. Night Shyamalan,,
264,tt6966692,8/25/2024,8/25/2024,,Green Book,Green Book,https://www.imdb.com/title/tt6966692/,Movie,8.2,130,2018,"Biography, Comedy, Drama, Music",688084,11/16/2018,Peter Farrelly,,
265,tt0277434,11/23/2024,11/23/2024,,We Were Soldiers,We Were Soldiers,https://www.imdb.com/title/tt0277434/,Movie,7.2,138,2002,"Action, Drama, History, War",159849,3/1/2002,Randall Wallace,,
266,tt4364194,11/26/2024,11/26/2024,,The Peanut Butter Falcon,The Peanut Butter Falcon,https://www.imdb.com/title/tt4364194/,Movie,7.6,97,2019,"Adventure, Comedy, Drama",119822,8/23/2019,"Tyler Nilson, Michael Schwartz",,
267,tt0094291,1/1/2025,1/1/2025,,Wall Street,Wall Street,https://www.imdb.com/title/tt0094291/,Movie,7.3,126,1987,"Crime, Drama",174873,12/11/1987,Oliver Stone,,
268,tt1517451,2/10/2025,2/10/2025,,A Star Is Born,A Star Is Born,https://www.imdb.com/title/tt1517451/,Movie,7.6,136,2018,"Drama, Music, Romance",449456,10/5/2018,Bradley Cooper,,
269,tt0243655,2/10/2025,2/10/2025,,Wet Hot American Summer,Wet Hot American Summer,https://www.imdb.com/title/tt0243655/,Movie,6.5,97,2001,"Comedy, Romance",63814,7/27/2001,David Wain,,
270,tt6924650,3/2/2025,3/2/2025,,Midway,Midway,https://www.imdb.com/title/tt6924650/,Movie,6.7,138,2019,"Action, Drama, History, War",105430,11/8/2019,Roland Emmerich,,
271,tt0097351,3/3/2025,3/3/2025,,Field of Dreams,Field of Dreams,https://www.imdb.com/title/tt0097351/,Movie,7.5,107,1989,"Drama, Family, Fantasy, Sport",139412,5/5/1989,Phil Alden Robinson,,
272,tt1924435,3/22/2025,3/22/2025,,Let's Be Cops,Let's Be Cops,https://www.imdb.com/title/tt1924435/,Movie,6.4,104,2014,"Action, Comedy, Crime",144499,8/13/2014,Luke Greenfield,,
273,tt0273923,4/2/2025,4/2/2025,,Orange County,Orange County,https://www.imdb.com/title/tt0273923/,Movie,6.2,82,2002,"Comedy, Drama",54042,1/11/2002,Jake Kasdan,,
274,tt6710474,4/17/2025,4/17/2025,,Everything Everywhere All at Once,Everything Everywhere All at Once,https://www.imdb.com/title/tt6710474/,Movie,7.7,139,2022,"Action, Adventure, Comedy, Drama, Fantasy, Sci-Fi",640731,4/8/2022,"Daniel Kwan, Daniel Scheinert",,
275,tt1291584,5/4/2025,5/4/2025,,Warrior,Warrior,https://www.imdb.com/title/tt1291584/,Movie,8.1,140,2011,"Action, Drama, Sport",529268,9/9/2011,Gavin O'Connor,,
276,tt1392190,5/4/2025,5/4/2025,,Mad Max: Fury Road,Mad Max: Fury Road,https://www.imdb.com/title/tt1392190/,Movie,8.1,120,2015,"Action, Adventure, Sci-Fi",1207717,5/15/2015,George Miller,,
277,tt2024544,5/4/2025,5/4/2025,,12 Years a Slave,12 Years a Slave,https://www.imdb.com/title/tt2024544/,Movie,8.1,134,2013,"Biography, Drama, History",787579,11/8/2013,Steve McQueen,,
278,tt0112471,5/4/2025,5/4/2025,,Before Sunrise,Before Sunrise,https://www.imdb.com/title/tt0112471/,Movie,8.1,101,1995,"Comedy, Drama, Romance",378345,1/27/1995,Richard Linklater,,
279,tt3682448,5/4/2025,5/4/2025,,Bridge of Spies,Bridge of Spies,https://www.imdb.com/title/tt3682448/,Movie,7.6,142,2015,"Drama, History, Thriller, War",344738,10/16/2015,Steven Spielberg,,
280,tt1016150,5/4/2025,5/4/2025,,All Quiet on the Western Front,Im Westen nichts Neues,https://www.imdb.com/title/tt1016150/,Movie,7.8,148,2022,"Drama, History, War",327946,10/28/2022,Edward Berger,,
281,tt0120188,5/4/2025,5/4/2025,,Three Kings,Three Kings,https://www.imdb.com/title/tt0120188/,Movie,7.1,114,1999,"Action, Adventure, Comedy, Drama, War",187078,10/1/1999,David O. Russell,,
282,tt0418689,5/4/2025,5/4/2025,,Flags of Our Fathers,Flags of Our Fathers,https://www.imdb.com/title/tt0418689/,Movie,7.1,135,2006,"Action, Adventure, Drama, History, War",134415,10/20/2006,Clint Eastwood,,
283,tt0159273,5/4/2025,5/4/2025,,Behind Enemy Lines,Behind Enemy Lines,https://www.imdb.com/title/tt0159273/,Movie,6.4,106,2001,"Action, Drama, Thriller, War",119478,11/30/2001,John Moore,,
284,tt4530422,5/4/2025,5/4/2025,,Overlord,Overlord,https://www.imdb.com/title/tt4530422/,Movie,6.6,110,2018,"Action, Horror, Sci-Fi, War",115824,11/9/2018,Julius Avery,,
285,tt1413492,5/4/2025,5/4/2025,,12 Strong,12 Strong,https://www.imdb.com/title/tt1413492/,Movie,6.6,130,2018,"Action, Drama, History, War",100929,1/19/2018,Nicolai Fuglsig,,
286,tt2177771,5/8/2025,5/8/2025,,The Monuments Men,The Monuments Men,https://www.imdb.com/title/tt2177771/,Movie,6.1,118,2014,"Biography, Comedy, Drama, War",148699,2/7/2014,George Clooney,,
287,tt0060472,5/24/2025,5/24/2025,,Grand Prix,Grand Prix,https://www.imdb.com/title/tt0060472/,Movie,7.2,176,1966,"Drama, Sport",12098,12/21/1966,John Frankenheimer,,
288,tt0110442,6/20/2025,6/20/2025,,Major League II,Major League II,https://www.imdb.com/title/tt0110442/,Movie,5.7,105,1994,"Comedy, Sport",29794,3/30/1994,David S. Ward,,
289,tt0974661,6/28/2025,6/28/2025,,17 Again,17 Again,https://www.imdb.com/title/tt0974661/,Movie,6.4,102,2009,"Comedy, Drama, Fantasy, Romance, Sport",232384,4/17/2009,Burr Steers,,
290,tt7738330,7/4/2025,7/4/2025,,The Long Game,The Long Game,https://www.imdb.com/title/tt7738330/,Movie,6.7,112,2023,"Drama, History, Sport",8427,4/12/2024,Julio Quintana,,
291,tt2883512,7/6/2025,7/6/2025,,Chef,Chef,https://www.imdb.com/title/tt2883512/,Movie,7.3,114,2014,"Adventure, Comedy, Drama",251278,5/30/2014,Jon Favreau,,
292,tt5177120,7/16/2025,7/16/2025,,The Ministry of Ungentlemanly Warfare,The Ministry of Ungentlemanly Warfare,https://www.imdb.com/title/tt5177120/,Movie,6.8,122,2024,"Action, Comedy, War",159420,4/19/2024,Guy Ritchie,,
293,tt4555426,7/16/2025,7/16/2025,,Darkest Hour,Darkest Hour,https://www.imdb.com/title/tt4555426/,Movie,7.4,125,2017,"Biography, Drama, History, War",243697,12/22/2017,Joe Wright,,
294,tt0118887,7/18/2025,7/18/2025,,Cop Land,Cop Land,https://www.imdb.com/title/tt0118887/,Movie,7,105,1997,"Crime, Drama, Thriller",115749,8/15/1997,James Mangold,,
295,tt2442560,8/11/2025,8/11/2025,,Peaky Blinders,Peaky Blinders,https://www.imdb.com/title/tt2442560/,TV Series,8.7,60,2013,"Crime, Drama",778150,9/30/2014,,,
296,tt3890160,8/11/2025,8/11/2025,,Baby Driver,Baby Driver,https://www.imdb.com/title/tt3890160/,Movie,7.5,113,2017,"Action, Crime, Drama, Music",685363,6/28/2017,Edgar Wright,,
297,tt1389137,8/24/2025,8/24/2025,,We Bought a Zoo,We Bought a Zoo,https://www.imdb.com/title/tt1389137/,Movie,7,124,2011,"Comedy, Drama, Family",160733,12/23/2011,Cameron Crowe,,
298,tt36413910,8/28/2025,8/28/2025,,The Mosquito Bowl,The Mosquito Bowl,https://www.imdb.com/title/tt36413910/,Movie,,,2026,"Drama, History, War",0,2026,Peter Berg,,
299,tt0478311,10/7/2025,10/7/2025,,Knocked Up,Knocked Up,https://www.imdb.com/title/tt0478311/,Movie,6.9,129,2007,"Comedy, Romance",399926,6/1/2007,Judd Apatow,,
300,tt29567915,12/16/2025,12/16/2025,,Nuremberg,Nuremberg,https://www.imdb.com/title/tt29567915/,Movie,7.4,148,2025,"Biography, Drama, History, Thriller, War",95478,11/7/2025,James Vanderbilt,,
301,tt12789558,12/22/2025,12/22/2025,,Belfast,Belfast,https://www.imdb.com/title/tt12789558/,Movie,7.2,98,2021,"Biography, Drama",127928,11/12/2021,Kenneth Branagh,,
302,tt0146984,12/23/2025,12/23/2025,,The Legend of Bagger Vance,The Legend of Bagger Vance,https://www.imdb.com/title/tt0146984/,Movie,6.7,126,2000,"Drama, Sport",62396,11/3/2000,Robert Redford,,
303,tt0104431,12/24/2025,12/24/2025,,Home Alone 2: Lost in New York,Home Alone 2: Lost in New York,https://www.imdb.com/title/tt0104431/,Movie,6.9,120,1992,"Adventure, Comedy, Crime, Family",456582,11/20/1992,Chris Columbus,,
304,tt0457939,12/24/2025,12/24/2025,,The Holiday,The Holiday,https://www.imdb.com/title/tt0457939/,Movie,7,136,2006,"Comedy, Romance",367855,12/8/2006,Nancy Meyers,,
305,tt1711525,12/24/2025,12/24/2025,,Office Christmas Party,Office Christmas Party,https://www.imdb.com/title/tt1711525/,Movie,5.9,105,2016,Comedy,94372,12/9/2016,"Josh Gordon, Will Speck",,
306,tt0314331,12/26/2025,12/26/2025,,Love Actually,Love Actually,https://www.imdb.com/title/tt0314331/,Movie,7.5,135,2003,"Comedy, Drama, Romance",580938,11/14/2003,Richard Curtis,,
307,tt33764258,12/29/2025,12/29/2025,,The Odyssey,The Odyssey,https://www.imdb.com/title/tt33764258/,Movie,,172,2026,"Adventure, Fantasy",0,7/17/2026,Christopher Nolan,,
308,tt0468569,12/29/2025,12/29/2025,,The Dark Knight,The Dark Knight,https://www.imdb.com/title/tt0468569/,Movie,9.1,152,2008,"Crime, Thriller",3172729,7/18/2008,Christopher Nolan,,
309,tt1345836,12/29/2025,12/29/2025,,The Dark Knight Rises,The Dark Knight Rises,https://www.imdb.com/title/tt1345836/,Movie,8.4,164,2012,"Crime, Thriller",1997145,7/20/2012,Christopher Nolan,,
310,tt4729430,12/30/2025,12/30/2025,,Klaus,Klaus,https://www.imdb.com/title/tt4729430/,Movie,8.2,96,2019,"Animation, Adventure, Comedy, Family, Fantasy",237417,11/15/2019,"Sergio Pablos, Carlos Martínez López",,
311,tt0141109,12/30/2025,12/30/2025,,Jack Frost,Jack Frost,https://www.imdb.com/title/tt0141109/,Movie,5.5,101,1998,"Comedy, Drama, Family, Fantasy",44671,12/11/1998,Troy Miller,,
312,tt0430105,1/4/2026,1/4/2026,,Four Brothers,Four Brothers,https://www.imdb.com/title/tt0430105/,Movie,6.8,109,2005,"Action, Crime, Drama, Mystery, Thriller",169449,7/1/2005,John Singleton,,
313,tt0780511,1/4/2026,1/4/2026,,Everybody's Fine,Everybody's Fine,https://www.imdb.com/title/tt0780511/,Movie,7.1,99,2009,"Adventure, Drama",67617,12/4/2009,Kirk Jones,,
314,tt0116999,1/9/2026,1/9/2026,,Marvin's Room,Marvin's Room,https://www.imdb.com/title/tt0116999/,Movie,6.7,98,1996,Drama,32107,2/28/1997,Jerry Zaks,,
315,tt8946378,1/10/2026,1/10/2026,,Knives Out,Knives Out,https://www.imdb.com/title/tt8946378/,Movie,7.9,130,2019,"Comedy, Crime, Drama, Mystery, Thriller",879066,11/27/2019,Rian Johnson,,
316,tt0374900,1/10/2026,1/10/2026,,Napoleon Dynamite,Napoleon Dynamite,https://www.imdb.com/title/tt0374900/,Movie,7,96,2004,Comedy,256439,8/27/2004,Jared Hess,,
317,tt0163651,1/10/2026,1/10/2026,,American Pie,American Pie,https://www.imdb.com/title/tt0163651/,Movie,7,95,1999,Comedy,468967,7/9/1999,Paul Weitz,,
318,tt0080339,1/13/2026,1/13/2026,,Airplane!,Airplane!,https://www.imdb.com/title/tt0080339/,Movie,7.7,88,1980,Comedy,288633,7/2/1980,"Jim Abrahams, David Zucker, Jerry Zucker",,
319,tt0094012,1/13/2026,1/13/2026,,Spaceballs,Spaceballs,https://www.imdb.com/title/tt0094012/,Movie,7.1,96,1987,"Adventure, Comedy, Sci-Fi",227010,6/24/1987,Mel Brooks,,
320,tt31050594,1/17/2026,1/17/2026,,Mercy,Mercy,https://www.imdb.com/title/tt31050594/,Movie,6.2,99,2026,"Action, Crime, Drama, Mystery, Sci-Fi, Thriller",67983,1/23/2026,Timur Bekmambetov,,
321,tt4357198,1/17/2026,1/17/2026,,How to Make a Killing,How to Make a Killing,https://www.imdb.com/title/tt4357198/,Movie,6.5,105,2026,"Comedy, Drama, Thriller",24851,2/20/2026,John Patton Ford,,
322,tt14257582,1/18/2026,1/18/2026,,Wolfs,Wolfs,https://www.imdb.com/title/tt14257582/,Movie,6.5,108,2024,"Action, Comedy, Crime, Thriller",104607,9/27/2024,Jon Watts,,
323,tt0090863,1/19/2026,1/19/2026,,The Color of Money,The Color of Money,https://www.imdb.com/title/tt0090863/,Movie,7,119,1986,"Drama, Sport",101525,10/17/1986,Martin Scorsese,5,4/19/2026
324,tt5164214,1/19/2026,1/19/2026,,Ocean's Eight,Ocean's Eight,https://www.imdb.com/title/tt5164214/,Movie,6.3,110,2018,"Comedy, Crime, Thriller",261737,6/8/2018,Gary Ross,,
325,tt31495504,1/19/2026,1/19/2026,,The Tank,Der Tiger,https://www.imdb.com/title/tt31495504/,Movie,6.5,116,2025,"Action, Drama, Thriller, War",15478,1/2/2026,Dennis Gansel,,
326,tt0064505,1/21/2026,1/21/2026,,The Italian Job,The Italian Job,https://www.imdb.com/title/tt0064505/,Movie,7.2,99,1969,"Action, Comedy, Crime, Thriller",54384,9/3/1969,Peter Collinson,,
327,tt0056172,1/21/2026,1/21/2026,,Lawrence of Arabia,Lawrence of Arabia,https://www.imdb.com/title/tt0056172/,Movie,8.3,227,1962,"Adventure, Biography, Drama, War",342098,12/16/1962,David Lean,,
328,tt0320661,1/22/2026,1/22/2026,,Kingdom of Heaven,Kingdom of Heaven,https://www.imdb.com/title/tt0320661/,Movie,7.3,144,2005,"Action, Adventure, Drama, History, War",354342,5/6/2005,Ridley Scott,,
329,tt0120863,1/22/2026,1/22/2026,,The Thin Red Line,The Thin Red Line,https://www.imdb.com/title/tt0120863/,Movie,7.6,170,1998,"Drama, History, War",212748,1/15/1999,Terrence Malick,,
330,tt32306991,1/23/2026,1/23/2026,,Solo Mio,Solo Mio,https://www.imdb.com/title/tt32306991/,Movie,6.7,96,2026,"Comedy, Romance",10666,2/6/2026,"Charles Kinnane, Daniel Kinnane",,
331,tt5057054,1/23/2026,1/23/2026,,Jack Ryan,Jack Ryan,https://www.imdb.com/title/tt5057054/,TV Series,8,60,2018,"Action, Crime, Drama, Thriller",193567,8/31/2018,,,
332,tt1663662,1/24/2026,1/24/2026,,Pacific Rim,Pacific Rim,https://www.imdb.com/title/tt1663662/,Movie,6.9,131,2013,"Action, Adventure, Sci-Fi",559468,7/12/2013,Guillermo del Toro,,
333,tt0377092,2/1/2026,2/1/2026,,Mean Girls,Mean Girls,https://www.imdb.com/title/tt0377092/,Movie,7.1,97,2004,Comedy,486908,4/30/2004,Mark Waters,,
334,tt2704998,2/1/2026,2/1/2026,,Game Night,Game Night,https://www.imdb.com/title/tt2704998/,Movie,6.9,100,2018,"Action, Adventure, Comedy, Crime, Mystery, Thriller",279250,2/23/2018,"John Francis Daley, Jonathan Goldstein",,
335,tt1798684,2/1/2026,2/1/2026,,Southpaw,Southpaw,https://www.imdb.com/title/tt1798684/,Movie,7.3,124,2015,"Action, Drama, Sport",279007,7/24/2015,Antoine Fuqua,,
336,tt2194499,2/1/2026,2/1/2026,,About Time,About Time,https://www.imdb.com/title/tt2194499/,Movie,7.8,123,2013,"Comedy, Drama, Fantasy, Romance, Sci-Fi",434935,11/8/2013,Richard Curtis,,
337,tt0988045,2/1/2026,2/1/2026,,Sherlock Holmes,Sherlock Holmes,https://www.imdb.com/title/tt0988045/,Movie,7.5,128,2009,"Action, Adventure, Mystery",707146,12/25/2009,Guy Ritchie,,
338,tt1515091,2/1/2026,2/1/2026,,Sherlock Holmes: A Game of Shadows,Sherlock Holmes: A Game of Shadows,https://www.imdb.com/title/tt1515091/,Movie,7.4,129,2011,"Action, Adventure, Mystery",502616,12/16/2011,Guy Ritchie,,
339,tt0302640,2/1/2026,2/1/2026,,The Hot Chick,The Hot Chick,https://www.imdb.com/title/tt0302640/,Movie,5.6,104,2002,"Comedy, Fantasy",110257,12/13/2002,Tom Brady,,
340,tt5950044,2/1/2026,2/1/2026,,Superman,Superman,https://www.imdb.com/title/tt5950044/,Movie,7,129,2025,"Adventure, Sci-Fi",416024,7/11/2025,James Gunn,,
341,tt0120338,2/1/2026,2/1/2026,,Titanic,Titanic,https://www.imdb.com/title/tt0120338/,Movie,8,194,1997,"Drama, Romance",1394665,12/19/1997,James Cameron,,
342,tt0109830,2/1/2026,2/1/2026,,Forrest Gump,Forrest Gump,https://www.imdb.com/title/tt0109830/,Movie,8.8,142,1994,"Drama, Romance",2499481,7/6/1994,Robert Zemeckis,,
343,tt17279496,2/1/2026,2/1/2026,,Civil War,Civil War,https://www.imdb.com/title/tt17279496/,Movie,7,109,2024,"Action, Thriller, War",269350,4/12/2024,Alex Garland,,
344,tt0088763,2/1/2026,2/1/2026,,Back to the Future,Back to the Future,https://www.imdb.com/title/tt0088763/,Movie,8.5,116,1985,"Adventure, Comedy, Sci-Fi",1454890,7/3/1985,Robert Zemeckis,,
345,tt5727208,2/1/2026,2/1/2026,,Uncut Gems,Uncut Gems,https://www.imdb.com/title/tt5727208/,Movie,7.4,135,2019,"Crime, Drama, Thriller",357044,12/25/2019,"Benny Safdie, Josh Safdie",,
346,tt1877830,2/1/2026,2/1/2026,,The Batman,The Batman,https://www.imdb.com/title/tt1877830/,Movie,7.8,176,2022,"Crime, Mystery",929861,3/4/2022,Matt Reeves,,
347,tt9362722,2/1/2026,2/1/2026,,Spider-Man: Across the Spider-Verse,Spider-Man: Across the Spider-Verse,https://www.imdb.com/title/tt9362722/,Movie,8.5,140,2023,"Animation, Action, Adventure, Family, Fantasy, Sci-Fi",526756,6/2/2023,"Joaquim Dos Santos, Kemp Powers, Justin K. Thompson",,
348,tt0455944,2/1/2026,2/1/2026,,The Equalizer,The Equalizer,https://www.imdb.com/title/tt0455944/,Movie,7.3,132,2014,"Action, Crime, Thriller",466755,9/26/2014,Antoine Fuqua,,
349,tt0372784,2/1/2026,2/1/2026,,Batman Begins,Batman Begins,https://www.imdb.com/title/tt0372784/,Movie,8.2,140,2005,Crime,1716751,6/15/2005,Christopher Nolan,,
350,tt0147800,2/1/2026,2/1/2026,,10 Things I Hate About You,10 Things I Hate About You,https://www.imdb.com/title/tt0147800/,Movie,7.4,97,1999,"Comedy, Drama, Romance",451396,3/31/1999,Gil Junger,,
351,tt0117913,2/1/2026,2/1/2026,,A Time to Kill,A Time to Kill,https://www.imdb.com/title/tt0117913/,Movie,7.5,149,1996,"Crime, Drama, Thriller",207716,7/24/1996,Joel Schumacher,,
352,tt2543472,2/1/2026,2/1/2026,,Wonder,Wonder,https://www.imdb.com/title/tt2543472/,Movie,7.9,113,2017,"Drama, Family",197091,11/17/2017,Stephen Chbosky,,
353,tt0092890,2/1/2026,2/1/2026,,Dirty Dancing,Dirty Dancing,https://www.imdb.com/title/tt0092890/,Movie,7.1,100,1987,"Drama, Music, Romance",280477,8/21/1987,Emile Ardolino,,
354,tt0119643,2/1/2026,2/1/2026,,Meet Joe Black,Meet Joe Black,https://www.imdb.com/title/tt0119643/,Movie,7.2,178,1998,"Drama, Fantasy, Romance",300117,11/13/1998,Martin Brest,,
355,tt5052474,2/1/2026,2/1/2026,,Sicario: Day of the Soldado,Sicario: Day of the Soldado,https://www.imdb.com/title/tt5052474/,Movie,7.1,122,2018,"Action, Crime, Drama, Mystery, Thriller",191955,6/29/2018,Stefano Sollima,,
356,tt0359950,2/1/2026,2/1/2026,,The Secret Life of Walter Mitty,The Secret Life of Walter Mitty,https://www.imdb.com/title/tt0359950/,Movie,7.3,114,2013,"Adventure, Comedy, Drama, Fantasy, Romance",372285,12/25/2013,Ben Stiller,,
357,tt0087332,2/1/2026,2/1/2026,,Ghostbusters,Ghostbusters,https://www.imdb.com/title/tt0087332/,Movie,7.8,105,1984,"Action, Comedy, Fantasy, Sci-Fi",487375,6/8/1984,Ivan Reitman,,
358,tt0119822,2/1/2026,2/1/2026,,As Good as It Gets,As Good as It Gets,https://www.imdb.com/title/tt0119822/,Movie,7.7,139,1997,"Comedy, Drama, Romance",338520,12/25/1997,James L. Brooks,,
359,tt0096874,2/1/2026,2/1/2026,,Back to the Future Part II,Back to the Future Part II,https://www.imdb.com/title/tt0096874/,Movie,7.8,108,1989,"Adventure, Comedy, Sci-Fi",622426,11/22/1989,Robert Zemeckis,,
360,tt0097576,2/1/2026,2/1/2026,,Indiana Jones and the Last Crusade,Indiana Jones and the Last Crusade,https://www.imdb.com/title/tt0097576/,Movie,8.2,127,1989,Adventure,864080,5/24/1989,Steven Spielberg,,
361,tt0102685,2/1/2026,2/1/2026,,Point Break,Point Break,https://www.imdb.com/title/tt0102685/,Movie,7.3,122,1991,"Action, Crime, Thriller",225673,7/12/1991,Kathryn Bigelow,,
362,tt1045658,2/1/2026,2/1/2026,,Silver Linings Playbook,Silver Linings Playbook,https://www.imdb.com/title/tt1045658/,Movie,7.7,122,2012,"Comedy, Drama, Romance",773867,12/25/2012,David O. Russell,,
363,tt0111257,2/1/2026,2/1/2026,,Speed,Speed,https://www.imdb.com/title/tt0111257/,Movie,7.3,116,1994,"Action, Adventure, Thriller",423401,6/10/1994,Jan de Bont,,
364,tt7405458,2/1/2026,2/1/2026,,A Man Called Otto,A Man Called Otto,https://www.imdb.com/title/tt7405458/,Movie,7.5,126,2022,"Comedy, Drama",211471,1/13/2023,Marc Forster,,
365,tt1403865,2/1/2026,2/1/2026,,True Grit,True Grit,https://www.imdb.com/title/tt1403865/,Movie,7.6,110,2010,"Drama, Western",376680,12/22/2010,"Ethan Coen, Joel Coen",,
366,tt1355644,2/1/2026,2/1/2026,,Passengers,Passengers,https://www.imdb.com/title/tt1355644/,Movie,7,116,2016,"Drama, Romance, Sci-Fi, Thriller",497722,12/21/2016,Morten Tyldum,,
367,tt0096895,2/1/2026,2/1/2026,,Batman,Batman,https://www.imdb.com/title/tt0096895/,Movie,7.5,126,1989,Crime,432406,6/23/1989,Tim Burton,,
368,tt0421715,2/1/2026,2/1/2026,,The Curious Case of Benjamin Button,The Curious Case of Benjamin Button,https://www.imdb.com/title/tt0421715/,Movie,7.8,166,2008,"Drama, Fantasy, Romance",746736,12/25/2008,David Fincher,,
369,tt0108399,2/1/2026,2/1/2026,,True Romance,True Romance,https://www.imdb.com/title/tt0108399/,Movie,7.9,119,1993,"Crime, Drama, Romance, Thriller",261120,9/10/1993,Tony Scott,,
370,tt0151804,2/1/2026,2/1/2026,,Office Space,Office Space,https://www.imdb.com/title/tt0151804/,Movie,7.6,89,1999,Comedy,309037,2/19/1999,Mike Judge,,
371,tt6048922,2/1/2026,2/1/2026,,Greyhound,Greyhound,https://www.imdb.com/title/tt6048922/,Movie,7,91,2020,"Action, Drama, History, War",133960,7/10/2020,Aaron Schneider,,
372,tt0104694,2/1/2026,2/1/2026,,A League of Their Own,A League of Their Own,https://www.imdb.com/title/tt0104694/,Movie,7.4,128,1992,"Comedy, Drama, Sport",130594,7/1/1992,Penny Marshall,,
373,tt0117500,2/1/2026,2/1/2026,,The Rock,The Rock,https://www.imdb.com/title/tt0117500/,Movie,7.4,136,1996,"Action, Adventure, Thriller",380697,6/7/1996,Michael Bay,,
374,tt0099088,2/1/2026,2/1/2026,,Back to the Future Part III,Back to the Future Part III,https://www.imdb.com/title/tt0099088/,Movie,7.5,118,1990,"Adventure, Comedy, Sci-Fi, Western",520735,5/25/1990,Robert Zemeckis,,
375,tt0790636,2/1/2026,2/1/2026,,Dallas Buyers Club,Dallas Buyers Club,https://www.imdb.com/title/tt0790636/,Movie,7.9,117,2013,"Biography, Drama",549044,11/22/2013,Jean-Marc Vallée,,
376,tt0087469,2/1/2026,2/1/2026,,Indiana Jones and the Temple of Doom,Indiana Jones and the Temple of Doom,https://www.imdb.com/title/tt0087469/,Movie,7.5,118,1984,"Action, Adventure",568646,5/23/1984,Steven Spielberg,,
377,tt1245526,2/1/2026,2/1/2026,,RED,RED,https://www.imdb.com/title/tt1245526/,Movie,7,111,2010,"Action, Comedy, Crime, Thriller",339039,10/15/2010,Robert Schwentke,,
378,tt0234215,2/1/2026,2/1/2026,,The Matrix Reloaded,The Matrix Reloaded,https://www.imdb.com/title/tt0234215/,Movie,7.2,138,2003,"Action, Sci-Fi",671002,5/15/2003,"Lana Wachowski, Lilly Wachowski",,
379,tt5478478,2/1/2026,2/1/2026,,Hostiles,Hostiles,https://www.imdb.com/title/tt5478478/,Movie,7.2,134,2017,"Drama, Western",107486,1/26/2018,Scott Cooper,,
380,tt0093409,2/1/2026,2/1/2026,,Lethal Weapon,Lethal Weapon,https://www.imdb.com/title/tt0093409/,Movie,7.6,109,1987,"Action, Crime, Thriller",296238,3/6/1987,Richard Donner,,
381,tt0140352,2/1/2026,2/1/2026,,The Insider,The Insider,https://www.imdb.com/title/tt0140352/,Movie,7.8,157,1999,"Biography, Drama, History, Thriller",192234,11/5/1999,Michael Mann,,
382,tt0433035,2/1/2026,2/1/2026,,Real Steel,Real Steel,https://www.imdb.com/title/tt0433035/,Movie,7.1,127,2011,"Action, Drama, Sci-Fi, Sport",381117,10/7/2011,Shawn Levy,,
383,tt5580036,2/1/2026,2/1/2026,,"I, Tonya","I, Tonya",https://www.imdb.com/title/tt5580036/,Movie,7.5,119,2017,"Biography, Comedy, Drama, Sport",261781,1/19/2018,Craig Gillespie,,
384,tt0112461,2/1/2026,2/1/2026,,The Basketball Diaries,The Basketball Diaries,https://www.imdb.com/title/tt0112461/,Movie,7.3,102,1995,"Biography, Crime, Drama, Sport",132799,4/21/1995,Scott Kalvert,,
385,tt0101507,2/1/2026,2/1/2026,,Boyz n the Hood,Boyz n the Hood,https://www.imdb.com/title/tt0101507/,Movie,7.7,112,1991,"Crime, Drama",168907,7/12/1991,John Singleton,,
386,tt0074119,2/1/2026,2/1/2026,,All the President's Men,All the President's Men,https://www.imdb.com/title/tt0074119/,Movie,7.9,138,1976,"Drama, History, Thriller",138487,4/9/1976,Alan J. Pakula,,
387,tt0086567,2/1/2026,2/1/2026,,WarGames,WarGames,https://www.imdb.com/title/tt0086567/,Movie,7.1,114,1983,"Action, Drama, Sci-Fi, Thriller",121775,6/3/1983,John Badham,,
388,tt0093748,2/1/2026,2/1/2026,,"Planes, Trains & Automobiles","Planes, Trains & Automobiles",https://www.imdb.com/title/tt0093748/,Movie,7.6,93,1987,"Comedy, Drama",180768,11/25/1987,John Hughes,,
389,tt1034303,2/1/2026,2/1/2026,,Defiance,Defiance,https://www.imdb.com/title/tt1034303/,Movie,7.1,137,2008,"Action, Drama, History, Thriller, War",161160,1/16/2009,Edward Zwick,,
390,tt0120784,2/1/2026,2/1/2026,,Payback,Payback,https://www.imdb.com/title/tt0120784/,Movie,7,100,1999,"Action, Crime, Drama, Thriller",153843,2/5/1999,Brian Helgeland,,
391,tt0097733,2/1/2026,2/1/2026,,Lethal Weapon 2,Lethal Weapon 2,https://www.imdb.com/title/tt0097733/,Movie,7.3,114,1989,"Action, Crime, Thriller",201564,7/7/1989,Richard Donner,,
392,tt1125849,2/1/2026,2/1/2026,,The Wrestler,The Wrestler,https://www.imdb.com/title/tt1125849/,Movie,7.9,109,2008,"Drama, Sport",331404,1/30/2009,Darren Aronofsky,,
393,tt0119256,2/1/2026,2/1/2026,,Hard Eight,Sydney,https://www.imdb.com/title/tt0119256/,Movie,7.1,101,1996,"Crime, Drama",60371,2/28/1997,Paul Thomas Anderson,,
394,tt0099423,2/1/2026,2/1/2026,,Die Hard 2,Die Hard 2,https://www.imdb.com/title/tt0099423/,Movie,7.2,124,1990,"Action, Thriller",407469,7/3/1990,Renny Harlin,,
395,tt6285944,2/1/2026,2/1/2026,,The Banker,The Banker,https://www.imdb.com/title/tt6285944/,Movie,7.3,120,2020,"Biography, Drama",42939,3/20/2020,George Nolfi,,
396,tt7775622,2/1/2026,2/1/2026,,Free Solo,Free Solo,https://www.imdb.com/title/tt7775622/,Movie,8.1,100,2018,"Documentary, Adventure, Sport",87481,12/13/2018,"Jimmy Chin, Elizabeth Chai Vasarhelyi",,
397,tt0086879,2/1/2026,2/1/2026,,Amadeus,Amadeus,https://www.imdb.com/title/tt0086879/,Movie,8.4,160,1984,"Biography, Drama, Music",468705,9/19/1984,Miloš Forman,,
398,tt1485796,2/1/2026,2/1/2026,,The Greatest Showman,The Greatest Showman,https://www.imdb.com/title/tt1485796/,Movie,7.5,105,2017,"Biography, Drama, Musical",348318,12/20/2017,Michael Gracey,,
399,tt0335266,2/1/2026,2/1/2026,,Lost in Translation,Lost in Translation,https://www.imdb.com/title/tt0335266/,Movie,7.7,102,2003,"Comedy, Drama",530288,10/3/2003,Sofia Coppola,,
400,tt0311113,2/1/2026,2/1/2026,,Master and Commander: The Far Side of the World,Master and Commander: The Far Side of the World,https://www.imdb.com/title/tt0311113/,Movie,7.5,138,2003,"Action, Adventure, Drama, War",256300,11/14/2003,Peter Weir,,
401,tt0110322,2/1/2026,2/1/2026,,Legends of the Fall,Legends of the Fall,https://www.imdb.com/title/tt0110322/,Movie,7.5,133,1994,"Drama, Romance, War, Western",200031,1/13/1995,Edward Zwick,,
402,tt0443272,2/1/2026,2/1/2026,,Lincoln,Lincoln,https://www.imdb.com/title/tt0443272/,Movie,7.3,150,2012,"Biography, Drama, History, War",284915,11/16/2012,Steven Spielberg,,
403,tt1809398,2/1/2026,2/1/2026,,Unbroken,Unbroken,https://www.imdb.com/title/tt1809398/,Movie,7.2,137,2014,"Biography, Drama, Sport, War",199117,12/25/2014,Angelina Jolie,,
404,tt0093105,2/1/2026,2/1/2026,,"Good Morning, Vietnam","Good Morning, Vietnam",https://www.imdb.com/title/tt0093105/,Movie,7.3,121,1987,"Biography, Comedy, Drama, War",165602,1/15/1988,Barry Levinson,,
405,tt0120102,2/1/2026,2/1/2026,,Seven Years in Tibet,Seven Years in Tibet,https://www.imdb.com/title/tt0120102/,Movie,7.1,136,1997,"Adventure, Biography, Drama, History, War",168391,10/10/1997,Jean-Jacques Annaud,,
406,tt0266987,2/1/2026,2/1/2026,,Spy Game,Spy Game,https://www.imdb.com/title/tt0266987/,Movie,7.1,126,2001,"Action, Crime, Thriller",177562,11/21/2001,Tony Scott,,
407,tt0103776,2/1/2026,2/1/2026,,Batman Returns,Batman Returns,https://www.imdb.com/title/tt0103776/,Movie,7.1,126,1992,"Action, Crime, Fantasy",350278,6/19/1992,Tim Burton,,
408,tt0106364,2/1/2026,2/1/2026,,Batman: Mask of the Phantasm,Batman: Mask of the Phantasm,https://www.imdb.com/title/tt0106364/,Movie,7.8,76,1993,"Animation, Action, Adventure, Crime, Family, Mystery, Sci-Fi",63784,12/25/1993,"Kevin Altieri, Boyd Kirkland, Frank Paur, Dan Riba, Eric Radomski, Bruce Timm",,
409,tt0112462,2/1/2026,2/1/2026,,Batman Forever,Batman Forever,https://www.imdb.com/title/tt0112462/,Movie,5.5,121,1995,"Action, Adventure",282402,6/16/1995,Joel Schumacher,,
410,tt0287978,2/1/2026,2/1/2026,,Daredevil,Daredevil,https://www.imdb.com/title/tt0287978/,Movie,5.3,103,2003,"Action, Crime, Drama, Sci-Fi",240669,2/14/2003,Mark Steven Johnson,,
411,tt0286716,2/1/2026,2/1/2026,,Hulk,Hulk,https://www.imdb.com/title/tt0286716/,Movie,5.7,138,2003,"Action, Sci-Fi",292453,6/20/2003,Ang Lee,,
412,tt0348150,2/1/2026,2/1/2026,,Superman Returns,Superman Returns,https://www.imdb.com/title/tt0348150/,Movie,6.1,154,2006,"Action, Adventure, Sci-Fi",303209,6/30/2006,Bryan Singer,,
413,tt1133985,2/1/2026,2/1/2026,,Green Lantern,Green Lantern,https://www.imdb.com/title/tt1133985/,Movie,5.5,114,2011,"Animation, Action, Adventure, Sci-Fi",308813,6/17/2011,Martin Campbell,,
414,tt0770828,2/1/2026,2/1/2026,,Man of Steel,Man of Steel,https://www.imdb.com/title/tt0770828/,Movie,7.1,143,2013,"Action, Adventure, Sci-Fi",867593,6/14/2013,Zack Snyder,,
415,tt1431045,2/1/2026,2/1/2026,,Deadpool,Deadpool,https://www.imdb.com/title/tt1431045/,Movie,8,108,2016,"Action, Comedy, Sci-Fi",1255412,2/12/2016,Tim Miller,,
416,tt0451279,2/1/2026,2/1/2026,,Wonder Woman,Wonder Woman,https://www.imdb.com/title/tt0451279/,Movie,7.3,141,2017,"Action, Adventure, Fantasy, Sci-Fi, War",736011,6/2/2017,Patty Jenkins,,
417,tt3501632,2/1/2026,2/1/2026,,Thor: Ragnarok,Thor: Ragnarok,https://www.imdb.com/title/tt3501632/,Movie,7.9,130,2017,"Action, Adventure, Comedy, Fantasy, Sci-Fi",896313,11/3/2017,Taika Waititi,,
418,tt1825683,2/1/2026,2/1/2026,,Black Panther,Black Panther,https://www.imdb.com/title/tt1825683/,Movie,7.3,134,2018,"Action, Adventure, Sci-Fi",910728,2/16/2018,Ryan Coogler,,
419,tt5463162,2/1/2026,2/1/2026,,Deadpool 2,Deadpool 2,https://www.imdb.com/title/tt5463162/,Movie,7.6,119,2018,"Action, Adventure, Comedy, Sci-Fi",745669,5/18/2018,David Leitch,,
420,tt4154756,2/1/2026,2/1/2026,,Avengers: Infinity War,Avengers: Infinity War,https://www.imdb.com/title/tt4154756/,Movie,8.4,149,2018,"Action, Adventure, Sci-Fi",1374871,4/27/2018,"Anthony Russo, Joe Russo",,
421,tt5095030,2/1/2026,2/1/2026,,Ant-Man and the Wasp,Ant-Man and the Wasp,https://www.imdb.com/title/tt5095030/,Movie,7,118,2018,"Action, Adventure, Comedy, Sci-Fi",496024,7/6/2018,Peyton Reed,,
422,tt4154796,2/1/2026,2/1/2026,,Avengers: Endgame,Avengers: Endgame,https://www.imdb.com/title/tt4154796/,Movie,8.4,181,2019,"Action, Adventure, Sci-Fi",1449888,4/26/2019,"Anthony Russo, Joe Russo",,
423,tt3480822,2/1/2026,2/1/2026,,Black Widow,Black Widow,https://www.imdb.com/title/tt3480822/,Movie,6.6,134,2021,"Action, Adventure, Sci-Fi",478194,7/9/2021,Cate Shortland,,
424,tt3554046,2/1/2026,2/1/2026,,Space Jam: A New Legacy,Space Jam: A New Legacy,https://www.imdb.com/title/tt3554046/,Movie,4.5,115,2021,"Animation, Adventure, Comedy, Family, Fantasy, Sci-Fi, Sport",87171,7/15/2021,Malcolm D. Lee,,
425,tt9419884,2/1/2026,2/1/2026,,Doctor Strange in the Multiverse of Madness,Doctor Strange in the Multiverse of Madness,https://www.imdb.com/title/tt9419884/,Movie,6.9,126,2022,"Action, Adventure, Fantasy, Sci-Fi",546015,5/6/2022,Sam Raimi,,
426,tt6791350,2/1/2026,2/1/2026,,Guardians of the Galaxy Vol. 3,Guardians of the Galaxy Vol. 3,https://www.imdb.com/title/tt6791350/,Movie,7.9,150,2023,"Action, Adventure, Comedy, Fantasy, Sci-Fi",472501,5/5/2023,James Gunn,,
427,tt6263850,2/1/2026,2/1/2026,,Deadpool & Wolverine,Deadpool & Wolverine,https://www.imdb.com/title/tt6263850/,Movie,7.5,128,2024,"Action, Adventure, Comedy, Sci-Fi",570726,7/26/2024,Shawn Levy,,
428,tt0430357,2/1/2026,2/1/2026,,Miami Vice,Miami Vice,https://www.imdb.com/title/tt0430357/,Movie,6.1,132,2006,"Action, Crime, Drama, Thriller",131263,7/28/2006,Michael Mann,,
429,tt0375912,2/2/2026,2/2/2026,,Layer Cake,Layer Cake,https://www.imdb.com/title/tt0375912/,Movie,7.2,105,2004,"Crime, Drama, Thriller",208145,6/3/2005,Matthew Vaughn,,
430,tt29768334,2/2/2026,2/2/2026,,Train Dreams,Train Dreams,https://www.imdb.com/title/tt29768334/,Movie,7.5,102,2025,Drama,106974,11/21/2025,Clint Bentley,,
431,tt32357218,2/7/2026,2/7/2026,,Shelter,Shelter,https://www.imdb.com/title/tt32357218/,Movie,6.1,107,2026,"Action, Thriller",30523,1/30/2026,Ric Roman Waugh,,
432,tt14107334,2/7/2026,2/7/2026,,The Running Man,The Running Man,https://www.imdb.com/title/tt14107334/,Movie,6.4,133,2025,"Action, Adventure, Sci-Fi, Thriller",106430,11/14/2025,Edgar Wright,,
433,tt11214558,2/7/2026,2/7/2026,,The Smashing Machine,The Smashing Machine,https://www.imdb.com/title/tt11214558/,Movie,6.3,123,2025,"Action, Biography, Drama, History, Sport",73119,10/3/2025,Benny Safdie,,
434,tt7737786,2/7/2026,2/7/2026,,Greenland,Greenland,https://www.imdb.com/title/tt7737786/,Movie,6.4,119,2020,"Action, Adventure, Thriller",171118,5/8/2021,Ric Roman Waugh,,
435,tt0120737,2/7/2026,2/7/2026,,The Lord of the Rings: The Fellowship of the Ring,The Lord of the Rings: The Fellowship of the Ring,https://www.imdb.com/title/tt0120737/,Movie,8.9,178,2001,"Adventure, Drama, Fantasy",2209046,12/19/2001,Peter Jackson,,
436,tt0167261,2/7/2026,2/7/2026,,The Lord of the Rings: The Two Towers,The Lord of the Rings: The Two Towers,https://www.imdb.com/title/tt0167261/,Movie,8.8,179,2002,"Adventure, Drama, Fantasy",1959391,12/18/2002,Peter Jackson,,
437,tt0167260,2/7/2026,2/7/2026,,The Lord of the Rings: The Return of the King,The Lord of the Rings: The Return of the King,https://www.imdb.com/title/tt0167260/,Movie,9,201,2003,"Adventure, Drama, Fantasy",2166822,12/17/2003,Peter Jackson,,
438,tt21357150,2/7/2026,2/7/2026,,Avengers: Doomsday,Avengers: Doomsday,https://www.imdb.com/title/tt21357150/,Movie,,,2026,"Action, Adventure, Sci-Fi",0,12/18/2026,"Anthony Russo, Joe Russo",,
439,tt22084616,2/7/2026,2/7/2026,,Spider-Man: Brand New Day,Spider-Man: Brand New Day,https://www.imdb.com/title/tt22084616/,Movie,,,2026,"Adventure, Fantasy, Sci-Fi",0,7/31/2026,Destin Daniel Cretton,,
440,tt7181546,2/7/2026,2/7/2026,,Ballerina,Ballerina,https://www.imdb.com/title/tt7181546/,Movie,6.8,124,2025,"Action, Adventure, Crime, Drama, Thriller",153666,6/6/2025,Len Wiseman,,
441,tt0080684,2/7/2026,2/7/2026,,Star Wars: Episode V - The Empire Strikes Back,Star Wars: Episode V - The Empire Strikes Back,https://www.imdb.com/title/tt0080684/,Movie,8.7,124,1980,"Adventure, Fantasy, Sci-Fi",1506696,6/18/1980,Irvin Kershner,,
442,tt0047478,2/7/2026,2/7/2026,,Seven Samurai,Shichinin no samurai,https://www.imdb.com/title/tt0047478/,Movie,8.6,207,1954,"Action, Drama",402082,11/19/1956,Akira Kurosawa,,
443,tt0047396,2/7/2026,2/7/2026,,Rear Window,Rear Window,https://www.imdb.com/title/tt0047396/,Movie,8.4,112,1954,"Drama, Mystery, Thriller",569302,9/1/1954,Alfred Hitchcock,,
444,tt4633694,2/7/2026,2/7/2026,,Spider-Man: Into the Spider-Verse,Spider-Man: Into the Spider-Verse,https://www.imdb.com/title/tt4633694/,Movie,8.4,117,2018,"Animation, Action, Adventure, Family, Fantasy, Sci-Fi",791300,12/14/2018,"Bob Persichetti, Peter Ramsey, Rodney Rothman",,
445,tt0405094,2/7/2026,2/7/2026,,The Lives of Others,Das Leben der Anderen,https://www.imdb.com/title/tt0405094/,Movie,8.4,137,2006,"Drama, Mystery, Thriller",443597,3/30/2007,Florian Henckel von Donnersmarck,,
446,tt0364569,2/7/2026,2/7/2026,,Oldboy,Oldeuboi,https://www.imdb.com/title/tt0364569/,Movie,8.3,120,2003,"Action, Drama, Mystery, Thriller",720185,11/21/2003,Park Chan-wook,,
447,tt7286456,2/7/2026,2/7/2026,,Joker,Joker,https://www.imdb.com/title/tt7286456/,Movie,8.3,122,2019,Drama,1696749,10/4/2019,Todd Phillips,,
448,tt8267604,2/7/2026,2/7/2026,,Capernaum,Capharnaüm,https://www.imdb.com/title/tt8267604/,Movie,8.4,126,2018,Drama,124563,9/20/2018,Nadine Labaki,,
449,tt0107290,2/7/2026,2/7/2026,,Jurassic Park,Jurassic Park,https://www.imdb.com/title/tt0107290/,Movie,8.2,127,1993,"Adventure, Sci-Fi",1179636,6/11/1993,Steven Spielberg,,
450,tt1205489,2/7/2026,2/7/2026,,Gran Torino,Gran Torino,https://www.imdb.com/title/tt1205489/,Movie,8.1,116,2008,Drama,862846,1/9/2009,Clint Eastwood,,
451,tt0107207,2/7/2026,2/7/2026,,In the Name of the Father,In the Name of the Father,https://www.imdb.com/title/tt0107207/,Movie,8.1,133,1993,"Biography, Crime, Drama",202975,2/25/1994,Jim Sheridan,,
452,tt0325980,2/7/2026,2/7/2026,,Pirates of the Caribbean: The Curse of the Black Pearl,Pirates of the Caribbean: The Curse of the Black Pearl,https://www.imdb.com/title/tt0325980/,Movie,8.1,143,2003,"Action, Adventure, Fantasy",1327146,7/9/2003,Gore Verbinski,,
453,tt0213149,2/7/2026,2/7/2026,,Pearl Harbor,Pearl Harbor,https://www.imdb.com/title/tt0213149/,Movie,6.3,183,2001,"Action, Drama, Romance, War",370039,5/25/2001,Michael Bay,,
454,tt0104691,2/7/2026,2/7/2026,,The Last of the Mohicans,The Last of the Mohicans,https://www.imdb.com/title/tt0104691/,Movie,7.6,112,1992,"Action, Adventure, Drama, Romance, War",207056,9/25/1992,Michael Mann,,
455,tt32323252,2/7/2026,2/7/2026,,Christy,Christy,https://www.imdb.com/title/tt32323252/,Movie,6.5,135,2025,"Biography, Drama, History, Sport",16915,11/7/2025,David Michôd,,
456,tt1674782,2/7/2026,2/7/2026,,Karate Kid: Legends,Karate Kid: Legends,https://www.imdb.com/title/tt1674782/,Movie,6.3,94,2025,"Action, Drama, Family, Sport",48269,5/30/2025,Jonathan Entwistle,,
457,tt21064584,2/7/2026,2/7/2026,,The Iron Claw,The Iron Claw,https://www.imdb.com/title/tt21064584/,Movie,7.5,132,2023,"Biography, Drama, Sport",119429,12/22/2023,Sean Durkin,,
458,tt0106611,2/7/2026,2/7/2026,,Cool Runnings,Cool Runnings,https://www.imdb.com/title/tt0106611/,Movie,7,98,1993,"Adventure, Comedy, Family, History, Sport",123752,10/1/1993,Jon Turteltaub,,
459,tt0084602,2/7/2026,2/7/2026,,Rocky III,Rocky III,https://www.imdb.com/title/tt0084602/,Movie,6.9,99,1982,"Drama, Sport",228597,5/28/1982,Sylvester Stallone,,
460,tt5848272,2/7/2026,2/7/2026,,Ralph Breaks the Internet,Ralph Breaks the Internet,https://www.imdb.com/title/tt5848272/,Movie,7,112,2018,"Animation, Adventure, Comedy, Family, Fantasy, Sci-Fi, Sport",205915,11/21/2018,"Phil Johnston, Rich Moore",,
461,tt3758542,2/7/2026,2/7/2026,,Ferrari,Ferrari,https://www.imdb.com/title/tt3758542/,Movie,6.4,130,2023,"Biography, Drama, History, Sport",67824,12/25/2023,Michael Mann,,
462,tt0089927,2/7/2026,2/7/2026,,Rocky IV,Rocky IV,https://www.imdb.com/title/tt0089927/,Movie,6.9,91,1985,"Drama, Sport",245394,11/27/1985,Sylvester Stallone,,
463,tt6343314,2/7/2026,2/7/2026,,Creed II,Creed II,https://www.imdb.com/title/tt6343314/,Movie,7.1,130,2018,"Action, Drama, Sport",170663,11/21/2018,Steven Caple Jr.,,
464,tt0479143,2/7/2026,2/7/2026,,Rocky Balboa,Rocky Balboa,https://www.imdb.com/title/tt0479143/,Movie,7.1,102,2006,"Drama, Sport",243196,12/20/2006,Sylvester Stallone,,
465,tt0079817,2/7/2026,2/7/2026,,Rocky II,Rocky II,https://www.imdb.com/title/tt0079817/,Movie,7.3,119,1979,"Drama, Sport",249915,6/15/1979,Sylvester Stallone,,
466,tt0100507,2/7/2026,2/7/2026,,Rocky V,Rocky V,https://www.imdb.com/title/tt0100507/,Movie,5.4,104,1990,"Drama, Sport",161592,11/16/1990,John G. Avildsen,,
467,tt0091326,2/7/2026,2/7/2026,,The Karate Kid Part II,The Karate Kid Part II,https://www.imdb.com/title/tt0091326/,Movie,6.2,113,1986,"Action, Family, Sport",109729,6/20/1986,John G. Avildsen,,
468,tt0105812,2/7/2026,2/7/2026,,White Men Can't Jump,White Men Can't Jump,https://www.imdb.com/title/tt0105812/,Movie,6.8,115,1992,"Comedy, Sport",104457,3/27/1992,Ron Shelton,,
469,tt0097647,2/7/2026,2/7/2026,,The Karate Kid Part III,The Karate Kid Part III,https://www.imdb.com/title/tt0097647/,Movie,5.4,112,1989,"Action, Drama, Family, Sport",77671,6/30/1989,John G. Avildsen,,
470,tt0385726,2/7/2026,2/7/2026,,Glory Road,Glory Road,https://www.imdb.com/title/tt0385726/,Movie,7.2,118,2006,"Biography, Drama, Sport",51340,1/13/2006,James Gartner,,
471,tt3322364,2/7/2026,2/7/2026,,Concussion,Concussion,https://www.imdb.com/title/tt3322364/,Movie,7.1,123,2015,"Biography, Drama, Sport",104930,12/25/2015,Peter Landesman,,
472,tt6436620,2/7/2026,2/7/2026,,White Men Can't Jump,White Men Can't Jump,https://www.imdb.com/title/tt6436620/,Movie,5.2,101,2023,"Comedy, Drama, Sport",11849,5/19/2023,Calmatic,,
473,tt30060782,2/7/2026,2/7/2026,,Creed IV,Creed IV,https://www.imdb.com/title/tt30060782/,Movie,,,,"Action, Drama, Sport",0,,Michael B. Jordan,,
474,tt14905854,2/7/2026,2/7/2026,,Hamnet,Hamnet,https://www.imdb.com/title/tt14905854/,Movie,7.8,125,2025,"Biography, Drama, History, Romance",116384,12/5/2025,Chloé Zhao,,
475,tt31193180,2/7/2026,2/7/2026,,Sinners,Sinners,https://www.imdb.com/title/tt31193180/,Movie,7.5,137,2025,Horror,484678,4/18/2025,Ryan Coogler,,
476,tt0132245,2/7/2026,2/7/2026,,Driven,Driven,https://www.imdb.com/title/tt0132245/,Movie,4.6,116,2001,"Action, Drama, Sport",45244,4/27/2001,Renny Harlin,,
477,tt5439796,2/7/2026,2/7/2026,,Logan Lucky,Logan Lucky,https://www.imdb.com/title/tt5439796/,Movie,7,118,2017,"Action, Comedy, Crime, Drama",176873,8/18/2017,Steven Soderbergh,,
478,tt1013752,2/7/2026,2/7/2026,,Fast & Furious,Fast & Furious,https://www.imdb.com/title/tt1013752/,Movie,6.5,107,2009,"Action, Thriller",335995,4/3/2009,Justin Lin,,
479,tt2820852,2/7/2026,2/7/2026,,Furious 7,Fast & Furious 7,https://www.imdb.com/title/tt2820852/,Movie,7.1,137,2015,"Action, Thriller",440065,4/3/2015,James Wan,,
480,tt0232500,2/7/2026,2/7/2026,,The Fast and the Furious,The Fast and the Furious,https://www.imdb.com/title/tt0232500/,Movie,6.8,106,2001,"Action, Crime, Thriller",458014,6/22/2001,Rob Cohen,,
481,tt5433138,2/7/2026,2/7/2026,,F9: The Fast Saga,F9,https://www.imdb.com/title/tt5433138/,Movie,5.2,143,2021,"Action, Crime, Thriller",180479,6/25/2021,Justin Lin,,
482,tt4630562,2/7/2026,2/7/2026,,The Fate of the Furious,The Fate of the Furious,https://www.imdb.com/title/tt4630562/,Movie,6.6,136,2017,"Action, Crime, Thriller",274702,4/14/2017,F. Gary Gray,,
483,tt1596343,2/7/2026,2/7/2026,,Fast Five,Fast Five,https://www.imdb.com/title/tt1596343/,Movie,7.3,130,2011,"Action, Crime, Thriller",433705,4/29/2011,Justin Lin,,
484,tt1905041,2/7/2026,2/7/2026,,Fast & Furious 6,Furious 6,https://www.imdb.com/title/tt1905041/,Movie,7,130,2013,"Action, Adventure, Crime, Thriller",440318,5/24/2013,Justin Lin,,
485,tt0463985,2/7/2026,2/7/2026,,The Fast and the Furious: Tokyo Drift,The Fast and the Furious: Tokyo Drift,https://www.imdb.com/title/tt0463985/,Movie,6.1,104,2006,"Action, Crime, Thriller",332603,6/16/2006,Justin Lin,,
486,tt5433140,2/7/2026,2/7/2026,,Fast X,Fast X,https://www.imdb.com/title/tt5433140/,Movie,5.7,141,2023,"Action, Adventure, Crime, Mystery, Thriller",146502,5/19/2023,Louis Leterrier,,
487,tt6806448,2/7/2026,2/7/2026,,Fast & Furious Presents: Hobbs & Shaw,Fast & Furious Presents: Hobbs & Shaw,https://www.imdb.com/title/tt6806448/,Movie,6.4,137,2019,"Action, Adventure, Thriller",257464,8/2/2019,David Leitch,,
488,tt0322259,2/7/2026,2/7/2026,,2 Fast 2 Furious,2 Fast 2 Furious,https://www.imdb.com/title/tt0322259/,Movie,6,107,2003,"Action, Crime, Thriller",324707,6/6/2003,John Singleton,,
489,tt0070735,2/7/2026,2/7/2026,,The Sting,The Sting,https://www.imdb.com/title/tt0070735/,Movie,8.2,129,1973,"Comedy, Crime, Drama",302071,12/25/1973,George Roy Hill,,
490,tt0071269,2/7/2026,2/7/2026,,California Split,California Split,https://www.imdb.com/title/tt0071269/,Movie,7.1,108,1974,"Comedy, Drama",9358,1974-08,Robert Altman,,
491,tt0253474,2/7/2026,2/7/2026,,The Pianist,The Pianist,https://www.imdb.com/title/tt0253474/,Movie,8.5,150,2002,"Biography, Drama, Music, War",1013206,3/28/2003,Roman Polanski,,
492,tt0100150,2/7/2026,2/7/2026,,Miller's Crossing,Miller's Crossing,https://www.imdb.com/title/tt0100150/,Movie,7.7,115,1990,"Crime, Drama, Thriller",148909,10/5/1990,"Joel Coen, Ethan Coen",,
493,tt0094737,2/7/2026,2/7/2026,,Big,Big,https://www.imdb.com/title/tt0094737/,Movie,7.3,104,1988,"Comedy, Drama, Fantasy, Romance",260782,6/3/1988,Penny Marshall,,
494,tt0070379,2/7/2026,2/7/2026,,Mean Streets,Mean Streets,https://www.imdb.com/title/tt0070379/,Movie,7.2,112,1973,"Crime, Drama, Thriller",128312,10/14/1973,Martin Scorsese,,
495,tt0106519,2/7/2026,2/7/2026,,Carlito's Way,Carlito's Way,https://www.imdb.com/title/tt0106519/,Movie,7.9,144,1993,"Crime, Drama, Thriller",248301,11/12/1993,Brian De Palma,,
496,tt0099939,2/7/2026,2/7/2026,,King of New York,King of New York,https://www.imdb.com/title/tt0099939/,Movie,6.9,103,1990,"Crime, Thriller",48755,8/29/1991,Abel Ferrara,,
497,tt1321870,2/7/2026,2/7/2026,,Gangster Squad,Gangster Squad,https://www.imdb.com/title/tt1321870/,Movie,6.7,113,2013,"Action, Crime, Drama, Thriller",229119,1/11/2013,Ruben Fleischer,,
498,tt1152836,2/7/2026,2/7/2026,,Public Enemies,Public Enemies,https://www.imdb.com/title/tt1152836/,Movie,6.9,140,2009,"Biography, Crime, Drama, History",335143,7/1/2009,Michael Mann,,
499,tt3894190,2/7/2026,2/7/2026,,Black Souls,Anime nere,https://www.imdb.com/title/tt3894190/,Movie,6.8,109,2014,"Crime, Drama",3309,9/18/2014,Francesco Munzi,,
500,tt0101516,2/7/2026,2/7/2026,,Bugsy,Bugsy,https://www.imdb.com/title/tt0101516/,Movie,6.8,136,1991,"Biography, Crime, Drama",33496,12/20/1991,Barry Levinson,,
501,tt0056210,2/7/2026,2/7/2026,,Mafioso,Mafioso,https://www.imdb.com/title/tt0056210/,Movie,7.6,105,1962,"Comedy, Crime, Drama",3318,3/4/1965,Alberto Lattuada,,
502,tt0929425,2/7/2026,2/7/2026,,Gomorrah,Gomorra,https://www.imdb.com/title/tt0929425/,Movie,7,137,2008,"Crime, Drama",53257,4/10/2009,Matteo Garrone,,
503,tt4025514,2/7/2026,2/7/2026,,Suburra,Suburra,https://www.imdb.com/title/tt4025514/,Movie,7.4,130,2015,"Action, Crime, Drama, Thriller",23229,10/14/2015,Stefano Sollima,,
504,tt3079380,2/7/2026,2/7/2026,,Spy,Spy,https://www.imdb.com/title/tt3079380/,Movie,7,120,2015,"Action, Comedy",274507,6/5/2015,Paul Feig,,
505,tt21235248,2/7/2026,2/7/2026,,Ghostbusters: Frozen Empire,Ghostbusters: Frozen Empire,https://www.imdb.com/title/tt21235248/,Movie,6.1,115,2024,"Adventure, Comedy, Fantasy, Sci-Fi",106104,3/22/2024,Gil Kenan,,
506,tt0103074,2/7/2026,2/7/2026,,Thelma & Louise,Thelma & Louise,https://www.imdb.com/title/tt0103074/,Movie,7.6,130,1991,"Adventure, Crime, Drama",193804,5/24/1991,Ridley Scott,,
507,tt0443680,2/7/2026,2/7/2026,,The Assassination of Jesse James by the Coward Robert Ford,The Assassination of Jesse James by the Coward Robert Ford,https://www.imdb.com/title/tt0443680/,Movie,7.5,160,2007,"Biography, Crime, Drama, History, Western",204502,10/19/2007,Andrew Dominik,,
508,tt0449467,2/7/2026,2/7/2026,,Babel,Babel,https://www.imdb.com/title/tt0449467/,Movie,7.4,143,2006,Drama,329314,11/10/2006,Alejandro G. Iñárritu,,
509,tt2935510,2/7/2026,2/7/2026,,Ad Astra,Ad Astra,https://www.imdb.com/title/tt2935510/,Movie,6.5,123,2019,"Adventure, Drama, Mystery, Sci-Fi, Thriller",281562,9/20/2019,James Gray,,
510,tt3640424,2/7/2026,2/7/2026,,Allied,Allied,https://www.imdb.com/title/tt3640424/,Movie,7.1,124,2016,"Action, Drama, Romance, Thriller, War",180234,11/23/2016,Robert Zemeckis,,
511,tt4758646,2/7/2026,2/7/2026,,War Machine,War Machine,https://www.imdb.com/title/tt4758646/,Movie,6,122,2017,"Comedy, Drama, War",53177,5/26/2017,David Michôd,,
512,tt0118972,2/7/2026,2/7/2026,,The Devil's Own,The Devil's Own,https://www.imdb.com/title/tt0118972/,Movie,6.2,111,1997,"Action, Crime, Drama, Thriller",77990,3/26/1997,Alan J. Pakula,,
513,tt1764234,2/7/2026,2/7/2026,,Killing Them Softly,Killing Them Softly,https://www.imdb.com/title/tt1764234/,Movie,6.2,97,2012,"Crime, Drama, Thriller",160516,11/30/2012,Andrew Dominik,,
514,tt13320622,2/7/2026,2/7/2026,,The Lost City,The Lost City,https://www.imdb.com/title/tt13320622/,Movie,6.1,112,2022,"Action, Adventure, Comedy, Romance",177033,3/25/2022,"Aaron Nee, Adam Nee",,
515,tt0365737,2/7/2026,2/7/2026,,Syriana,Syriana,https://www.imdb.com/title/tt0365737/,Movie,6.8,128,2005,"Drama, Thriller",138670,12/9/2005,Stephen Gaghan,,
516,tt2091473,2/7/2026,2/7/2026,,Promised Land,Promised Land,https://www.imdb.com/title/tt2091473/,Movie,6.6,106,2012,Drama,41013,1/4/2013,Gus Van Sant,,
517,tt1535108,2/7/2026,2/7/2026,,Elysium,Elysium,https://www.imdb.com/title/tt1535108/,Movie,6.6,109,2013,"Action, Drama, Sci-Fi, Thriller",491889,8/9/2013,Neill Blomkamp,,
518,tt0110148,2/7/2026,2/7/2026,,Interview with the Vampire: The Vampire Chronicles,Interview with the Vampire: The Vampire Chronicles,https://www.imdb.com/title/tt0110148/,Movie,7.5,123,1994,"Drama, Fantasy, Horror",377181,11/11/1994,Neil Jordan,,
519,tt0369339,2/7/2026,2/7/2026,,Collateral,Collateral,https://www.imdb.com/title/tt0369339/,Movie,7.5,120,2004,"Action, Crime, Drama, Thriller",468120,8/6/2004,Michael Mann,5,4/19/2026
520,tt3513548,2/7/2026,2/7/2026,,Richard Jewell,Richard Jewell,https://www.imdb.com/title/tt3513548/,Movie,7.5,131,2019,"Biography, Crime, Drama",106749,12/13/2019,Clint Eastwood,,
521,tt1616195,2/7/2026,2/7/2026,,J. Edgar,J. Edgar,https://www.imdb.com/title/tt1616195/,Movie,6.5,137,2011,"Biography, Drama, Romance",138357,11/11/2011,Clint Eastwood,,
522,tt0959337,2/7/2026,2/7/2026,,Revolutionary Road,Revolutionary Road,https://www.imdb.com/title/tt0959337/,Movie,7.3,119,2008,"Drama, Romance",236619,1/23/2009,Sam Mendes,,
523,tt0758774,2/7/2026,2/7/2026,,Body of Lies,Body of Lies,https://www.imdb.com/title/tt0758774/,Movie,7,128,2008,"Action, Drama, Thriller",250681,10/10/2008,Ridley Scott,,
524,tt0108550,2/7/2026,2/7/2026,,What's Eating Gilbert Grape,What's Eating Gilbert Grape,https://www.imdb.com/title/tt0108550/,Movie,7.7,118,1993,Drama,269706,3/4/1994,Lasse Hallström,,
525,tt15203646,2/7/2026,2/7/2026,,Bad Monkey,Bad Monkey,https://www.imdb.com/title/tt15203646/,TV Series,7.3,,2024,"Comedy, Drama",29682,8/14/2024,,,
526,tt0117802,2/7/2026,2/7/2026,,Swingers,Swingers,https://www.imdb.com/title/tt0117802/,Movie,7.2,96,1996,"Comedy, Drama",91913,10/1/2025,Doug Liman,,
527,tt0119567,2/7/2026,2/7/2026,,The Lost World: Jurassic Park,The Lost World: Jurassic Park,https://www.imdb.com/title/tt0119567/,Movie,6.6,129,1997,"Action, Adventure, Sci-Fi",478287,5/22/1997,Steven Spielberg,,
528,tt0227005,2/7/2026,2/7/2026,,Made,Made,https://www.imdb.com/title/tt0227005/,Movie,6.3,95,2001,"Comedy, Crime, Drama",20426,8/31/2001,Jon Favreau,,
529,tt0369436,2/7/2026,2/7/2026,,Four Christmases,Four Christmases,https://www.imdb.com/title/tt0369436/,Movie,5.8,88,2008,"Comedy, Drama, Romance",88725,11/26/2008,Seth Gordon,,
530,tt28309594,2/7/2026,2/7/2026,,Nonnas,Nonnas,https://www.imdb.com/title/tt28309594/,Movie,6.8,111,2025,"Comedy, Drama, Family",47665,5/9/2025,Stephen Chbosky,,
531,tt0115907,2/7/2026,2/7/2026,,City Hall,City Hall,https://www.imdb.com/title/tt0115907/,Movie,6.2,111,1996,"Crime, Drama, Mystery, Thriller",24289,2/16/1996,Harold Becker,,
532,tt0104348,2/7/2026,2/7/2026,,Glengarry Glen Ross,Glengarry Glen Ross,https://www.imdb.com/title/tt0104348/,Movie,7.6,100,1992,"Crime, Drama, Mystery",126585,10/2/1992,James Foley,,
533,tt0078718,2/7/2026,2/7/2026,,And Justice for All,...And Justice for All,https://www.imdb.com/title/tt0078718/,Movie,7.4,119,1979,"Crime, Drama, Thriller",45561,10/19/1979,Norman Jewison,,
534,tt0425210,2/7/2026,2/7/2026,,Lucky Number Slevin,Lucky Number Slevin,https://www.imdb.com/title/tt0425210/,Movie,7.7,110,2006,"Crime, Drama, Thriller",339188,4/7/2006,Paul McGuigan,,
535,tt0317740,2/7/2026,2/7/2026,,The Italian Job,The Italian Job,https://www.imdb.com/title/tt0317740/,Movie,7,111,2003,"Action, Crime, Thriller",407559,5/30/2003,F. Gary Gray,,
536,tt1980209,2/7/2026,2/7/2026,,Pain & Gain,Pain & Gain,https://www.imdb.com/title/tt1980209/,Movie,6.4,129,2013,"Action, Biography, Comedy, Crime, Drama, Mystery",241479,4/26/2013,Michael Bay,,
537,tt1235522,2/7/2026,2/7/2026,,Broken City,Broken City,https://www.imdb.com/title/tt1235522/,Movie,6.1,109,2013,"Action, Crime, Drama, Mystery, Thriller",85999,1/18/2013,Allen Hughes,,
538,tt4572514,2/7/2026,2/7/2026,,Patriots Day,Patriots Day,https://www.imdb.com/title/tt4572514/,Movie,7.3,133,2016,"Action, Crime, Drama, History, Thriller",122220,1/13/2017,Peter Berg,,
539,tt0071315,2/7/2026,2/7/2026,,Chinatown,Chinatown,https://www.imdb.com/title/tt0071315/,Movie,8.1,130,1974,"Drama, Mystery, Thriller",377027,6/20/1974,Roman Polanski,,
540,tt0305224,2/7/2026,2/7/2026,,Anger Management,Anger Management,https://www.imdb.com/title/tt0305224/,Movie,6.3,106,2003,Comedy,242392,4/11/2003,Peter Segal,,
541,tt0107473,2/7/2026,2/7/2026,,Mad Dog and Glory,Mad Dog and Glory,https://www.imdb.com/title/tt0107473/,Movie,6.2,97,1993,"Comedy, Crime, Drama, Romance",24095,3/5/1993,John McNaughton,,
542,tt0101540,2/7/2026,2/7/2026,,Cape Fear,Cape Fear,https://www.imdb.com/title/tt0101540/,Movie,7.3,128,1991,"Crime, Drama, Thriller",243546,11/15/1991,Martin Scorsese,,
543,tt0076451,2/7/2026,2/7/2026,,"New York, New York","New York, New York",https://www.imdb.com/title/tt0076451/,Movie,6.6,155,1977,"Drama, Music, Musical",23795,6/21/1977,Martin Scorsese,,
544,tt0107818,2/7/2026,2/7/2026,,Philadelphia,Philadelphia,https://www.imdb.com/title/tt0107818/,Movie,7.7,125,1993,Drama,274289,1/14/1994,Jonathan Demme,,
545,tt0104797,2/7/2026,2/7/2026,,Malcolm X,Malcolm X,https://www.imdb.com/title/tt0104797/,Movie,7.7,202,1992,"Biography, Drama, History",111365,11/18/1992,Spike Lee,,
546,tt0454848,2/7/2026,2/7/2026,,Inside Man,Inside Man,https://www.imdb.com/title/tt0454848/,Movie,7.6,129,2006,"Crime, Drama, Mystery, Thriller",425151,3/24/2006,Spike Lee,,
547,tt0174856,2/7/2026,2/7/2026,,The Hurricane,The Hurricane,https://www.imdb.com/title/tt0174856/,Movie,7.6,146,1999,"Biography, Drama, Sport",107788,1/14/2000,Norman Jewison,,
548,tt0196229,2/7/2026,2/7/2026,,Zoolander,Zoolander,https://www.imdb.com/title/tt0196229/,Movie,6.5,90,2001,Comedy,317357,9/28/2001,Ben Stiller,,
549,tt0076759,2/7/2026,2/7/2026,,Star Wars: Episode IV - A New Hope,Star Wars,https://www.imdb.com/title/tt0076759/,Movie,8.6,121,1977,"Adventure, Fantasy, Sci-Fi",1572118,5/25/1977,George Lucas,,
550,tt0086190,2/7/2026,2/7/2026,,Star Wars: Episode VI - Return of the Jedi,Star Wars: Episode VI - Return of the Jedi,https://www.imdb.com/title/tt0086190/,Movie,8.3,131,1983,"Adventure, Fantasy, Sci-Fi",1211231,5/25/1983,Richard Marquand,,
551,tt2488496,2/7/2026,2/7/2026,,Star Wars: Episode VII - The Force Awakens,Star Wars: Episode VII - The Force Awakens,https://www.imdb.com/title/tt2488496/,Movie,7.7,138,2015,"Action, Adventure, Sci-Fi",1027216,12/18/2015,J.J. Abrams,,
552,tt1211837,2/7/2026,2/7/2026,,Doctor Strange,Doctor Strange,https://www.imdb.com/title/tt1211837/,Movie,7.5,115,2016,"Action, Adventure, Fantasy, Sci-Fi",880924,11/4/2016,Scott Derrickson,,
553,tt0383574,2/7/2026,2/7/2026,,Pirates of the Caribbean: Dead Man's Chest,Pirates of the Caribbean: Dead Man's Chest,https://www.imdb.com/title/tt0383574/,Movie,7.4,151,2006,"Action, Adventure, Fantasy",827261,7/7/2006,Gore Verbinski,,
554,tt0121765,2/7/2026,2/7/2026,,Star Wars: Episode II - Attack of the Clones,Star Wars: Episode II - Attack of the Clones,https://www.imdb.com/title/tt0121765/,Movie,6.6,142,2002,"Action, Adventure, Fantasy, Sci-Fi",822449,5/16/2002,George Lucas,,
555,tt2975590,2/7/2026,2/7/2026,,Batman v Superman: Dawn of Justice,Batman v Superman: Dawn of Justice,https://www.imdb.com/title/tt2975590/,Movie,6.4,151,2016,Sci-Fi,792095,3/25/2016,Zack Snyder,,
556,tt1386697,2/7/2026,2/7/2026,,Suicide Squad,Suicide Squad,https://www.imdb.com/title/tt1386697/,Movie,5.9,123,2016,"Action, Adventure, Fantasy, Sci-Fi",760142,8/5/2016,David Ayer,,
557,tt0449088,2/7/2026,2/7/2026,,Pirates of the Caribbean: At World's End,Pirates of the Caribbean: At World's End,https://www.imdb.com/title/tt0449088/,Movie,7.2,169,2007,"Action, Adventure, Fantasy",745001,5/25/2007,Gore Verbinski,,
558,tt0369610,2/7/2026,2/7/2026,,Jurassic World,Jurassic World,https://www.imdb.com/title/tt0369610/,Movie,6.9,124,2015,"Action, Adventure, Sci-Fi",730260,6/12/2015,Colin Trevorrow,,
559,tt0418279,2/7/2026,2/7/2026,,Transformers,Transformers,https://www.imdb.com/title/tt0418279/,Movie,7.1,144,2007,"Action, Adventure, Sci-Fi",719573,7/3/2007,Michael Bay,,
560,tt2527336,2/7/2026,2/7/2026,,Star Wars: Episode VIII - The Last Jedi,Star Wars: Episode VIII - The Last Jedi,https://www.imdb.com/title/tt2527336/,Movie,6.8,152,2017,"Action, Adventure, Fantasy, Sci-Fi",719836,12/15/2017,Rian Johnson,,
561,tt1727824,2/7/2026,2/7/2026,,Bohemian Rhapsody,Bohemian Rhapsody,https://www.imdb.com/title/tt1727824/,Movie,7.9,134,2018,"Biography, Drama, Music",647501,11/2/2018,Bryan Singer,,
562,tt1477834,2/7/2026,2/7/2026,,Aquaman,Aquaman,https://www.imdb.com/title/tt1477834/,Movie,6.8,143,2018,"Action, Adventure, Fantasy, Sci-Fi",553850,12/21/2018,James Wan,,
563,tt2527338,2/7/2026,2/7/2026,,Star Wars: Episode IX - The Rise of Skywalker,Star Wars: Episode IX - The Rise of Skywalker,https://www.imdb.com/title/tt2527338/,Movie,6.3,141,2019,"Action, Adventure, Fantasy, Sci-Fi",543516,12/20/2019,J.J. Abrams,,
564,tt0458352,2/7/2026,2/7/2026,,The Devil Wears Prada,The Devil Wears Prada,https://www.imdb.com/title/tt0458352/,Movie,7,109,2006,"Comedy, Drama",553676,6/30/2006,David Frankel,,
565,tt2283362,2/7/2026,2/7/2026,,Jumanji: Welcome to the Jungle,Jumanji: Welcome to the Jungle,https://www.imdb.com/title/tt2283362/,Movie,6.9,119,2017,"Action, Adventure, Comedy, Fantasy",504174,12/20/2017,Jake Kasdan,,
566,tt0120591,2/7/2026,2/7/2026,,Armageddon,Armageddon,https://www.imdb.com/title/tt0120591/,Movie,6.7,151,1998,"Action, Adventure, Sci-Fi, Thriller",479899,7/1/1998,Michael Bay,,
567,tt6334354,2/7/2026,2/7/2026,,The Suicide Squad,The Suicide Squad,https://www.imdb.com/title/tt6334354/,Movie,7.2,132,2021,"Action, Adventure, Comedy, Sci-Fi",459168,8/5/2021,James Gunn,,
568,tt0181852,2/7/2026,2/7/2026,,Terminator 3: Rise of the Machines,Terminator 3: Rise of the Machines,https://www.imdb.com/title/tt0181852/,Movie,6.3,109,2003,"Action, Sci-Fi",437552,7/2/2003,Jonathan Mostow,,
569,tt0113497,2/7/2026,2/7/2026,,Jumanji,Jumanji,https://www.imdb.com/title/tt0113497/,Movie,7.1,104,1995,"Adventure, Comedy, Family, Fantasy",413934,12/15/1995,Joe Johnston,,
570,tt0100405,2/7/2026,2/7/2026,,Pretty Woman,Pretty Woman,https://www.imdb.com/title/tt0100405/,Movie,7.1,119,1990,"Comedy, Romance",406253,3/23/1990,Garry Marshall,,
571,tt0429493,2/9/2026,2/9/2026,,The A-Team,The A-Team,https://www.imdb.com/title/tt0429493/,Movie,6.7,117,2010,"Action, Adventure, Crime, Thriller",277504,6/11/2010,Joe Carnahan,,
572,tt2381941,2/9/2026,2/9/2026,,Focus,Focus,https://www.imdb.com/title/tt2381941/,Movie,6.6,105,2015,"Comedy, Crime, Drama, Romance",295339,2/27/2015,"Glenn Ficarra, John Requa",,
573,tt8936646,2/9/2026,2/9/2026,,Extraction,Extraction,https://www.imdb.com/title/tt8936646/,Movie,6.8,116,2020,"Action, Crime, Thriller",290149,4/24/2020,Sam Hargrave,,
574,tt12263384,2/9/2026,2/9/2026,,Extraction II,Extraction 2,https://www.imdb.com/title/tt12263384/,Movie,7,122,2023,"Action, Crime, Thriller",173589,6/16/2023,Sam Hargrave,,
575,tt2312718,2/9/2026,2/9/2026,,Homefront,Homefront,https://www.imdb.com/title/tt2312718/,Movie,6.5,100,2013,"Action, Crime, Thriller",143168,11/27/2013,Gary Fleder,,
576,tt15326988,2/10/2026,2/10/2026,,Ghosted,Ghosted,https://www.imdb.com/title/tt15326988/,Movie,5.8,117,2023,"Action, Adventure, Comedy, Romance",80757,4/21/2023,Dexter Fletcher,,
577,tt7984766,2/12/2026,2/12/2026,,The King,The King,https://www.imdb.com/title/tt7984766/,Movie,7.3,140,2019,"Biography, Drama, History, War",179027,11/1/2019,David Michôd,,
578,tt9032400,2/17/2026,2/17/2026,,Eternals,Eternals,https://www.imdb.com/title/tt9032400/,Movie,6.2,156,2021,"Action, Adventure, Fantasy, Sci-Fi",427807,11/5/2021,Chloé Zhao,,
579,tt10160804,2/17/2026,2/17/2026,,Hawkeye,Hawkeye,https://www.imdb.com/title/tt10160804/,TV Mini Series,7.4,60,2021,"Action, Adventure, Crime, Drama, Mystery, Sci-Fi",243785,11/24/2021,,,
580,tt9114286,2/17/2026,2/17/2026,,Black Panther: Wakanda Forever,Black Panther: Wakanda Forever,https://www.imdb.com/title/tt9114286/,Movie,6.6,161,2022,"Animation, Action, Adventure, Drama, Sci-Fi",380981,11/11/2022,Ryan Coogler,,
581,tt5657856,2/19/2026,2/19/2026,,Brawl in Cell Block 99,Brawl in Cell Block 99,https://www.imdb.com/title/tt5657856/,Movie,7.1,132,2017,"Crime, Drama, Thriller",83334,10/6/2017,S. Craig Zahler,,
582,tt6513120,2/19/2026,2/19/2026,,Fighting with My Family,Fighting with My Family,https://www.imdb.com/title/tt6513120/,Movie,7,108,2019,"Biography, Comedy, Drama, Sport",93278,2/22/2019,Stephen Merchant,,
583,tt6491178,2/19/2026,2/19/2026,,Dragged Across Concrete,Dragged Across Concrete,https://www.imdb.com/title/tt6491178/,Movie,6.9,159,2018,"Action, Crime, Drama, Thriller",62240,3/22/2019,S. Craig Zahler,,
584,tt2387559,2/19/2026,2/19/2026,,Delivery Man,Delivery Man,https://www.imdb.com/title/tt2387559/,Movie,6.3,105,2013,"Comedy, Drama",85891,11/22/2013,Ken Scott,,
585,tt14513804,2/20/2026,2/20/2026,,Captain America: Brave New World,Captain America: Brave New World,https://www.imdb.com/title/tt14513804/,Movie,5.6,118,2025,"Action, Adventure, Sci-Fi",182925,2/14/2025,Julius Onah,,
586,tt0300051,2/20/2026,2/20/2026,,Jersey Girl,Jersey Girl,https://www.imdb.com/title/tt0300051/,Movie,6.2,102,2004,"Comedy, Drama, Romance",74637,3/26/2004,Kevin Smith,,
587,tt0498399,2/22/2026,2/22/2026,,We Own the Night,We Own the Night,https://www.imdb.com/title/tt0498399/,Movie,6.8,117,2007,"Crime, Drama, Thriller",96639,10/12/2007,James Gray,,
588,tt0117381,2/23/2026,2/23/2026,,Primal Fear,Primal Fear,https://www.imdb.com/title/tt0117381/,Movie,7.7,129,1996,"Crime, Drama, Mystery, Thriller",286463,4/3/1996,Gregory Hoblit,,
589,tt0974015,2/26/2026,2/26/2026,,Justice League,Justice League,https://www.imdb.com/title/tt0974015/,Movie,6,120,2017,Sci-Fi,505184,11/17/2017,Zack Snyder,,
590,tt10838180,2/26/2026,2/26/2026,,The Matrix Resurrections,The Matrix Resurrections,https://www.imdb.com/title/tt10838180/,Movie,5.6,148,2021,"Action, Sci-Fi",303477,12/22/2021,Lana Wachowski,,
591,tt0242653,2/26/2026,2/26/2026,,The Matrix Revolutions,The Matrix Revolutions,https://www.imdb.com/title/tt0242653/,Movie,6.7,129,2003,"Action, Sci-Fi",575738,11/5/2003,"Lana Wachowski, Lilly Wachowski",,
592,tt10696784,2/28/2026,2/28/2026,,The Harder They Fall,The Harder They Fall,https://www.imdb.com/title/tt10696784/,Movie,6.6,139,2021,"Action, Drama, Western",77757,11/3/2021,Jeymes Samuel,,
593,tt0250934,3/2/2026,3/2/2026,,61*,61*,https://www.imdb.com/title/tt0250934/,TV Movie,7.7,129,2001,"Biography, Drama, History, Sport",18065,4/28/2001,Billy Crystal,,
594,tt2404435,3/18/2026,3/18/2026,,The Magnificent Seven,The Magnificent Seven,https://www.imdb.com/title/tt2404435/,Movie,6.9,132,2016,"Action, Adventure, Drama, Western",246296,9/23/2016,Antoine Fuqua,,
595,tt31450459,3/19/2026,3/19/2026,,Digger,Digger,https://www.imdb.com/title/tt31450459/,Movie,,,2026,"Comedy, Drama",0,10/2/2026,Alejandro G. Iñárritu,,
596,tt9148786,3/19/2026,3/19/2026,,The Riders,The Riders,https://www.imdb.com/title/tt9148786/,Movie,,,,Drama,0,,Edward Berger,,
597,tt36983905,3/19/2026,3/19/2026,,The Uprising,The Uprising,https://www.imdb.com/title/tt36983905/,Movie,,,2026,"Action, Drama, History, War",0,9/11/2026,Paul Greengrass,,
598,tt12455636,3/19/2026,3/19/2026,,Here Comes the Flood,Here Comes the Flood,https://www.imdb.com/title/tt12455636/,Movie,,,2026,"Crime, Drama, Romance, Thriller",0,2026,Fernando Meirelles,,
599,tt31121364,3/21/2026,3/21/2026,,Death by Lightning,Death by Lightning,https://www.imdb.com/title/tt31121364/,TV Mini Series,7.6,50,2025,"Biography, Drama, History",18386,11/6/2025,,,
600,tt1855199,3/26/2026,3/26/2026,,End of Watch,End of Watch,https://www.imdb.com/title/tt1855199/,Movie,7.6,109,2012,"Action, Crime, Drama, Thriller",292674,9/21/2012,David Ayer,,
601,tt1615147,4/6/2026,4/6/2026,,Margin Call,Margin Call,https://www.imdb.com/title/tt1615147/,Movie,7.1,107,2011,"Drama, Thriller",162372,9/29/2011,J.C. Chandor,,
602,tt3110958,4/11/2026,4/11/2026,,Now You See Me 2,Now You See Me 2,https://www.imdb.com/title/tt3110958/,Movie,6.4,129,2016,"Action, Adventure, Comedy, Crime, Mystery, Thriller",361676,6/10/2016,Jon M. Chu,,
603,tt0418763,4/11/2026,4/11/2026,,Jarhead,Jarhead,https://www.imdb.com/title/tt0418763/,Movie,7,125,2005,"Biography, Drama, War",225145,11/4/2005,Sam Mendes,,
604,tt1078912,4/15/2026,4/15/2026,,Night at the Museum: Battle of the Smithsonian,Night at the Museum: Battle of the Smithsonian,https://www.imdb.com/title/tt1078912/,Movie,6,105,2009,"Adventure, Comedy, Family, Fantasy",229396,5/22/2009,Shawn Levy,,
605,tt0106356,4/27/2026,4/27/2026,,Barbarians at the Gate,Barbarians at the Gate,https://www.imdb.com/title/tt0106356/,TV Movie,7.2,107,1993,"Biography, Comedy, Drama",3689,3/20/1993,Glenn Jordan,,
606,tt5362988,5/6/2026,5/6/2026,,Wind River,Wind River,https://www.imdb.com/title/tt5362988/,Movie,7.7,107,2017,"Crime, Drama, Mystery, Thriller, Western",315732,8/18/2017,Taylor Sheridan,,
607,tt1065073,5/6/2026,5/6/2026,,Boyhood,Boyhood,https://www.imdb.com/title/tt1065073/,Movie,7.9,165,2014,Drama,382016,8/15/2014,Richard Linklater,,
608,tt0381681,5/6/2026,5/6/2026,,Before Sunset,Before Sunset,https://www.imdb.com/title/tt0381681/,Movie,8.1,80,2004,"Drama, Romance",315722,7/30/2004,Richard Linklater,,
609,tt0375063,5/6/2026,5/6/2026,,Sideways,Sideways,https://www.imdb.com/title/tt0375063/,Movie,7.5,127,2004,"Comedy, Drama, Romance",217203,10/22/2004,Alexander Payne,,
610,tt10954984,5/6/2026,5/6/2026,,Nope,Nope,https://www.imdb.com/title/tt10954984/,Movie,6.8,130,2022,"Horror, Mystery, Sci-Fi, Thriller",316841,7/22/2022,Jordan Peele,,
611,tt0780536,5/6/2026,5/6/2026,,In Bruges,In Bruges,https://www.imdb.com/title/tt0780536/,Movie,7.9,107,2008,"Comedy, Crime, Drama, Thriller",494082,2/29/2008,Martin McDonagh,,
612,tt28332337,5/6/2026,5/6/2026,,Eephus,Eephus,https://www.imdb.com/title/tt28332337/,Movie,6.7,99,2024,"Comedy, Drama, Sport",2464,1/1/2025,Carson Lund,,
613,tt4925292,5/6/2026,5/6/2026,,Lady Bird,Lady Bird,https://www.imdb.com/title/tt4925292/,Movie,7.4,94,2017,"Comedy, Drama",364404,12/1/2017,Greta Gerwig,,
614,tt0206634,5/7/2026,5/7/2026,,Children of Men,Children of Men,https://www.imdb.com/title/tt0206634/,Movie,7.9,109,2006,"Drama, Sci-Fi, Thriller",566707,1/5/2007,Alfonso Cuarón,,
615,tt2582782,5/7/2026,5/7/2026,,Hell or High Water,Hell or High Water,https://www.imdb.com/title/tt2582782/,Movie,7.6,102,2016,"Crime, Drama, Thriller, Western",278167,8/26/2016,David Mackenzie,,
616,tt0443706,5/7/2026,5/7/2026,,Zodiac,Zodiac,https://www.imdb.com/title/tt0443706/,Movie,7.7,157,2007,"Crime, Drama, Mystery, Thriller",674771,3/2/2007,David Fincher,,
617,tt0072890,5/7/2026,5/7/2026,,Dog Day Afternoon,Dog Day Afternoon,https://www.imdb.com/title/tt0072890/,Movie,8,125,1975,"Biography, Crime, Drama, Thriller",292328,12/25/1975,Sidney Lumet,,
618,tt11378946,5/7/2026,5/7/2026,,Michael,Michael,https://www.imdb.com/title/tt11378946/,Movie,7.7,127,2026,"Biography, Drama, History, Music",104892,4/24/2026,Antoine Fuqua,,
619,tt33612209,5/7/2026,5/7/2026,,The Devil Wears Prada 2,The Devil Wears Prada 2,https://www.imdb.com/title/tt33612209/,Movie,6.7,119,2026,"Comedy, Drama",51708,5/1/2026,David Frankel,,
620,tt0078748,5/7/2026,5/7/2026,,Alien,Alien,https://www.imdb.com/title/tt0078748/,Movie,8.5,117,1979,"Horror, Sci-Fi",1065256,6/22/1979,Ridley Scott,,
621,tt0021749,5/7/2026,5/7/2026,,City Lights,City Lights,https://www.imdb.com/title/tt0021749/,Movie,8.5,87,1931,"Comedy, Drama, Romance",216594,3/7/1931,Charles Chaplin,,
622,tt0027977,5/7/2026,5/7/2026,,Modern Times,Modern Times,https://www.imdb.com/title/tt0027977/,Movie,8.5,87,1936,"Comedy, Drama, Romance",285465,2/25/1936,Charles Chaplin,,
623,tt0118749,5/7/2026,5/7/2026,,Boogie Nights,Boogie Nights,https://www.imdb.com/title/tt0118749/,Movie,7.9,155,1997,Drama,306280,10/31/1997,Paul Thomas Anderson,,
624,tt27681354,5/7/2026,5/7/2026,,In the Grey,In the Grey,https://www.imdb.com/title/tt27681354/,Movie,6.6,97,2026,"Action, Drama, Thriller",5723,5/15/2026,Guy Ritchie,,
625,tt10794054,5/7/2026,5/7/2026,,The Weight,The Weight,https://www.imdb.com/title/tt10794054/,Movie,7.4,112,2026,"Action, Adventure, Crime, Thriller",168,9/18/2026,Padraic McKinley,,
626,tt0448134,5/7/2026,5/7/2026,,Sunshine,Sunshine,https://www.imdb.com/title/tt0448134/,Movie,7.2,107,2007,"Sci-Fi, Thriller",287736,7/27/2007,Danny Boyle,,
627,tt15799564,5/7/2026,5/7/2026,,Wild Horse Nine,Wild Horse Nine,https://www.imdb.com/title/tt15799564/,Movie,,,2026,"Comedy, Crime, Drama, Thriller",0,11/6/2026,Martin McDonagh,,
628,tt15047880,5/7/2026,5/7/2026,,Disclosure Day,Disclosure Day,https://www.imdb.com/title/tt15047880/,Movie,,145,2026,"Drama, Sci-Fi, Thriller",0,6/12/2026,Steven Spielberg,,
629,tt2503944,5/10/2026,5/10/2026,,Burnt,Burnt,https://www.imdb.com/title/tt2503944/,Movie,6.6,101,2015,"Comedy, Drama",143038,10/30/2015,John Wells,,
630,tt0076740,5/11/2026,5/11/2026,,Sorcerer,Sorcerer,https://www.imdb.com/title/tt0076740/,Movie,7.7,121,1977,"Adventure, Drama, Thriller",36389,6/24/1977,William Friedkin,,
631,tt0465538,5/11/2026,5/11/2026,,Michael Clayton,Michael Clayton,https://www.imdb.com/title/tt0465538/,Movie,7.2,119,2007,"Crime, Drama, Mystery, Thriller",184114,10/12/2007,Tony Gilroy,,
632,tt1010048,5/11/2026,5/11/2026,,Slumdog Millionaire,Slumdog Millionaire,https://www.imdb.com/title/tt1010048/,Movie,8,120,2008,"Crime, Drama, Romance",910836,12/25/2008,"Danny Boyle, Loveleen Tandan",,
633,tt4975722,5/11/2026,5/11/2026,,Moonlight,Moonlight,https://www.imdb.com/title/tt4975722/,Movie,7.4,111,2016,Drama,352668,11/18/2016,Barry Jenkins,,
634,tt0057012,5/11/2026,5/11/2026,,Dr. Strangelove or: How I Learned to Stop Worrying and Love the Bomb,Dr. Strangelove or: How I Learned to Stop Worrying and Love the Bomb,https://www.imdb.com/title/tt0057012/,Movie,8.3,95,1964,"Comedy, War",551320,1/29/1964,Stanley Kubrick,,
635,tt0105151,5/11/2026,5/11/2026,,The Player,The Player,https://www.imdb.com/title/tt0105151/,Movie,7.5,124,1992,"Comedy, Crime, Drama, Thriller",72281,5/8/1992,Robert Altman,,
636,tt0108052,5/11/2026,5/11/2026,,Schindler's List,Schindler's List,https://www.imdb.com/title/tt0108052/,Movie,9,195,1993,"Biography, Drama, History",1586695,2/4/1994,Steven Spielberg,,
637,tt0083190,5/11/2026,5/11/2026,,Thief,Thief,https://www.imdb.com/title/tt0083190/,Movie,7.4,123,1981,"Action, Crime, Drama, Thriller",50033,3/27/1981,Michael Mann,,
638,tt0062136,5/11/2026,5/11/2026,,Playtime,Playtime,https://www.imdb.com/title/tt0062136/,Movie,7.8,155,1967,Comedy,29584,6/27/1973,Jacques Tati,,
639,tt2562232,5/11/2026,5/11/2026,,Birdman or (The Unexpected Virtue of Ignorance),Birdman or (The Unexpected Virtue of Ignorance),https://www.imdb.com/title/tt2562232/,Movie,7.7,119,2014,"Comedy, Drama",699397,11/14/2014,Alejandro G. Iñárritu,,
640,tt0045152,5/11/2026,5/11/2026,,Singin' in the Rain,Singin' in the Rain,https://www.imdb.com/title/tt0045152/,Movie,8.3,103,1952,"Comedy, Musical, Romance",282962,4/10/1952,"Stanley Donen, Gene Kelly",,
641,tt24169886,5/11/2026,5/11/2026,,The Instigators,The Instigators,https://www.imdb.com/title/tt24169886/,Movie,6.2,101,2024,"Action, Comedy, Crime, Drama, Mystery, Thriller",43822,8/9/2024,Doug Liman,,
642,tt10696896,5/11/2026,5/11/2026,,Stillwater,Stillwater,https://www.imdb.com/title/tt10696896/,Movie,6.6,139,2021,"Crime, Drama, Mystery, Thriller",64131,7/30/2021,Tom McCarthy,,
643,tt0491175,5/11/2026,5/11/2026,,Suburbicon,Suburbicon,https://www.imdb.com/title/tt0491175/,Movie,5.8,105,2017,"Comedy, Crime, Drama, Mystery, Thriller",49925,10/27/2017,George Clooney,,
644,tt1385826,5/11/2026,5/11/2026,,The Adjustment Bureau,The Adjustment Bureau,https://www.imdb.com/title/tt1385826/,Movie,7,106,2011,"Crime, Drama, Mystery, Romance, Sci-Fi, Thriller",282983,3/4/2011,George Nolfi,,
645,tt1212419,5/11/2026,5/11/2026,,Hereafter,Hereafter,https://www.imdb.com/title/tt1212419/,Movie,6.5,129,2010,"Drama, Fantasy, Romance",98413,10/22/2010,Clint Eastwood,,
646,tt0338466,5/11/2026,5/11/2026,,Stuck on You,Stuck on You,https://www.imdb.com/title/tt0338466/,Movie,5.8,118,2003,Comedy,56756,12/12/2003,"Bobby Farrelly, Peter Farrelly",,
647,tt0302674,5/11/2026,5/11/2026,,Gerry,Gerry,https://www.imdb.com/title/tt0302674/,Movie,6,103,2002,"Adventure, Drama, Mystery",20710,9/20/2002,Gus Van Sant,,
648,tt20215968,5/11/2026,5/11/2026,,Hit Man,Hit Man,https://www.imdb.com/title/tt20215968/,Movie,6.8,115,2023,"Comedy, Crime, Romance",131384,6/7/2024,Richard Linklater,,
649,tt7693316,5/11/2026,5/11/2026,,Devotion,Devotion,https://www.imdb.com/title/tt7693316/,Movie,6.6,139,2022,"Action, Biography, Drama, War",32797,11/23/2022,J.D. Dillard,,
650,tt17490712,5/11/2026,5/11/2026,,Mortal Kombat II,Mortal Kombat II,https://www.imdb.com/title/tt17490712/,Movie,6.7,116,2026,"Action, Adventure, Fantasy, Sci-Fi",35428,5/8/2026,Simon McQuoid,,
651,tt33071426,5/11/2026,5/11/2026,,The Drama,The Drama,https://www.imdb.com/title/tt33071426/,Movie,7.2,105,2026,"Comedy, Drama, Romance",66204,4/3/2026,Kristoffer Borgli,,
652,tt0293429,5/11/2026,5/11/2026,,Mortal Kombat,Mortal Kombat,https://www.imdb.com/title/tt0293429/,Movie,6.1,110,2021,"Action, Adventure, Fantasy, Sci-Fi, Thriller",213044,4/23/2021,Simon McQuoid,,
653,tt15940132,5/11/2026,5/11/2026,,War Machine,War Machine,https://www.imdb.com/title/tt15940132/,Movie,6.3,106,2026,"Action, Sci-Fi, Thriller",99888,3/6/2026,Patrick Hughes,,
654,tt31514146,5/11/2026,5/11/2026,,I Swear,I Swear,https://www.imdb.com/title/tt31514146/,Movie,8.4,120,2025,"Biography, Drama",46483,4/24/2026,Kirk Jones,,
655,tt0329575,5/13/2026,5/13/2026,,Seabiscuit,Seabiscuit,https://www.imdb.com/title/tt0329575/,Movie,7.3,140,2003,"Drama, History, Sport",79638,7/25/2003,Gary Ross,,
656,tt0185014,5/14/2026,5/14/2026,,Wonder Boys,Wonder Boys,https://www.imdb.com/title/tt0185014/,Movie,7.2,107,2000,"Comedy, Drama",69132,2/25/2000,Curtis Hanson,,
657,tt1255919,5/14/2026,5/14/2026,,Holmes & Watson,Holmes & Watson,https://www.imdb.com/title/tt1255919/,Movie,3.9,90,2018,"Comedy, Crime, Mystery",42276,12/25/2018,Etan Cohen,,
658,tt34385689,5/17/2026,5/17/2026,,Paper Tiger,Paper Tiger,https://www.imdb.com/title/tt34385689/,Movie,7.2,115,2026,"Crime, Drama, Thriller",138,2026,James Gray,,
659,tt0118883,5/17/2026,5/17/2026,,Conspiracy Theory,Conspiracy Theory,https://www.imdb.com/title/tt0118883/,Movie,6.7,135,1997,"Action, Crime, Drama, Mystery, Thriller",114468,8/8/1997,Richard Donner,,
660,tt3083008,5/21/2026,5/21/2026,,The Program,The Program,https://www.imdb.com/title/tt3083008/,Movie,6.5,104,2015,"Biography, Drama, Sport",20536,3/18/2016,Stephen Frears,,
661,tt0190590,5/21/2026,5/21/2026,,"O Brother, Where Art Thou?","O Brother, Where Art Thou?",https://www.imdb.com/title/tt0190590/,Movie,7.7,107,2000,"Adventure, Comedy, Crime, Drama, Music",352015,2/2/2001,"Joel Coen, Ethan Coen",,
662,tt2042568,5/21/2026,5/21/2026,,Inside Llewyn Davis,Inside Llewyn Davis,https://www.imdb.com/title/tt2042568/,Movie,7.4,104,2013,"Drama, Music",172182,1/10/2014,"Ethan Coen, Joel Coen",,
663,tt1024648,5/22/2026,5/22/2026,,Argo,Argo,https://www.imdb.com/title/tt1024648/,Movie,7.7,120,2012,"Biography, Drama, History, Thriller",667545,10/12/2012,Ben Affleck,,
664,tt4595882,5/22/2026,5/22/2026,,Can You Ever Forgive Me?,Can You Ever Forgive Me?,https://www.imdb.com/title/tt4595882/,Movie,7.1,106,2018,"Biography, Comedy, Crime, Drama",58786,11/2/2018,Marielle Heller,,
665,tt4686844,5/22/2026,5/22/2026,,The Death of Stalin,The Death of Stalin,https://www.imdb.com/title/tt4686844/,Movie,7.3,107,2017,"Comedy, Drama, History",126814,3/9/2018,Armando Iannucci,,
666,tt0084855,5/22/2026,5/22/2026,,The Verdict,The Verdict,https://www.imdb.com/title/tt0084855/,Movie,7.7,129,1982,Drama,50741,12/17/1982,Sidney Lumet,,
667,tt0074958,5/22/2026,5/22/2026,,Network,Network,https://www.imdb.com/title/tt0074958/,Movie,8.1,121,1976,Drama,186462,11/27/1976,Sidney Lumet,,
668,tt0061512,5/22/2026,5/22/2026,,Cool Hand Luke,Cool Hand Luke,https://www.imdb.com/title/tt0061512/,Movie,8,127,1967,"Crime, Drama",196975,11/1/1967,Stuart Rosenberg,,
669,tt1245492,5/23/2026,5/23/2026,,This Is the End,This Is the End,https://www.imdb.com/title/tt1245492/,Movie,6.6,107,2013,"Comedy, Fantasy, Sci-Fi",456094,6/12/2013,"Evan Goldberg, Seth Rogen",,
670,tt0910936,5/23/2026,5/23/2026,,Pineapple Express,Pineapple Express,https://www.imdb.com/title/tt0910936/,Movie,6.9,111,2008,"Action, Comedy, Crime",373365,8/6/2008,David Gordon Green,,
671,tt0787475,5/23/2026,5/23/2026,,Hot Rod,Hot Rod,https://www.imdb.com/title/tt0787475/,Movie,6.7,88,2007,"Comedy, Sport",99424,8/3/2007,Akiva Schaffer,,
672,tt32547691,5/30/2026,5/30/2026,,Pressure,Pressure,https://www.imdb.com/title/tt32547691/,Movie,7.7,100,2026,"Drama, History, Thriller, War",543,5/29/2026,Anthony Maras,,
