Movie,Year,Runtime,Director,Actor,Actor 2,Actor 3,Genre1,Genre2,Genre3,IMDb,RT,Metascore,Rated,Oscar_Wins,Total_Wins,Keywords,Predicted Score,Star Percentage,Star,Raw_Predicted,Created
Patriots Day,2016.0,133.0,Peter Berg,Mark Wahlberg,Michelle Monaghan,J.K. Simmons,Action,Crime,Drama,7.3,80.0,69.0,R,0,2,"boston, massachusetts, massachusetts, police chief, based on true story, terrorism, reflective, manhunt, boston marathon",8.9416,79.1,Yes,8.8792,2/7/2026
The Assassination of Jesse James by the Coward Robert Ford,2007.0,160.0,Andrew Dominik,Brad Pitt,Casey Affleck,Sam Shepard,Biography,Crime,Drama,7.5,76.0,68.0,R,0,25,"media, killing, missouri, admiration, hold-up robbery, jesse james, cowardliness, family, coward, revisionist western",8.8963,78.5,Yes,8.7889,2/7/2026
Rocky,1976.0,120.0,John G. Avildsen,Sylvester Stallone,Talia Shire,Burt Young,Drama,Sport,,8.1,93.0,70.0,PG,3,23,"underdog, philadelphia, pennsylvania, transporter, love of one's life, italian american, sports, fight, independence, publicity, boxer",8.896,78.4,Yes,8.7886,7/23/2022
Training Day,2001.0,122.0,Antoine Fuqua,Denzel Washington,Ethan Hawke,Scott Glenn,Crime,Drama,Thriller,7.8,74.0,71.0,R,1,18,"drug dealer, california, police brutality, poker, bratva (russian mafia), war on drugs, drug trafficking, police corruption, los angeles, california, gang member",8.8914,78.4,Yes,8.7796,1/26/2024
Born on the Fourth of July,1989.0,145.0,Oliver Stone,Tom Cruise,Bryan Larkin,Raymond J. Barry,Biography,Drama,War,7.2,84.0,75.0,R,2,15,"vietnam war, vietnam veteran, post-traumatic stress disorder (ptsd), 1970s, wheelchair, biography, based on true story, based on memoir or autobiography, desert, fourth of july",8.8836,78.3,Yes,8.7644,5/20/2023
Gone Baby Gone,2007.0,114.0,Ben Affleck,Morgan Freeman,Ed Harris,Casey Affleck,Crime,Drama,Mystery,7.6,94.0,72.0,R,0,33,"robbery, corruption, based on novel or book, police, kidnapping, boston, massachusetts, blackmail, detective, drug addiction, murder",8.8828,78.3,Yes,8.7632,7/4/2023
The Patriot,2000.0,165.0,Roland Emmerich,Mel Gibson,Heath Ledger,Joely Richardson,Action,Drama,War,7.2,61.0,63.0,R,0,9,"daughter, mission, general, southern usa, loss of loved one, rebel, patriotism, insurgence, gore, south carolina",8.8771,78.2,Yes,8.7519,7/6/2023
Don't Look Up,2021.0,138.0,Adam McKay,Leonardo DiCaprio,Jennifer Lawrence,Meryl Streep,Comedy,Drama,Sci-Fi,7.1,,49.0,R,0,25,"artificial intelligence (a.i.), the white house, asteroid, climate change, satire, global warming, comet, end of the world, social commentary, social satire",8.8726,73.7,Yes,8.7432,2/23/2023
The Last Duel,2021.0,152.0,Ridley Scott,Matt Damon,Adam Driver,Jodie Comer,Drama,History,Thriller,7.3,85.0,67.0,R,0,5,"based on novel or book, castle, male friendship, normandy, france, based on true story, trial, battlefield, knight, duel, battle",8.8671,78.0,Yes,8.7326,5/29/2023
Jackie Brown,1997.0,154.0,Quentin Tarantino,Pam Grier,Samuel L. Jackson,Robert Forster,Crime,Drama,Thriller,7.5,88.0,62.0,R,0,9,"airport, based on novel or book, police, arms deal, stewardess, heist, money, los angeles, california, drugs, ex-con",8.8659,73.6,Yes,8.7304,6/23/2023
Legends of the Fall,1994.0,133.0,Edward Zwick,Brad Pitt,Anthony Hopkins,Aidan Quinn,Drama,Romance,War,7.5,,45.0,R,1,3,"sibling relationship, post-traumatic stress disorder (ptsd), based on novel or book, world war i, journey around the world, montana, loyalty, ranch, affectation, native american",8.8646,78.0,Yes,8.7281,2/1/2026
Revolutionary Road,2008.0,119.0,Sam Mendes,Leonardo DiCaprio,Kate Winslet,Christopher Fitzgerald,Drama,Romance,,7.3,67.0,69.0,R,0,20,"adultery, infidelity, career, jealousy, husband wife relationship, based on novel or book, marriage crisis, american dream, housewife, connecticut",8.8516,77.8,Yes,8.7219,2/7/2026
Ferrari,2023.0,130.0,Michael Mann,Adam Driver,Shailene Woodley,Giuseppe Festinese,Biography,Drama,History,6.4,73.0,73.0,R,0,7,"husband wife relationship, biography, based on true story, racing, 1950s, cars, ferrari",8.8293,77.5,Yes,8.7053,2/7/2026
End of Watch,2012.0,109.0,David Ayer,Jake Gyllenhaal,Michael Peña,Anna Kendrick,Action,Crime,Drama,7.6,85.0,68.0,R,0,3,"friendship, street gang, ambush, human trafficking, arrest, shootout, los angeles, california, brutality, gang member, rookie cop",8.8133,77.3,Yes,8.7011,3/26/2026
The Prestige,2006.0,130.0,Christopher Nolan,Christian Bale,Hugh Jackman,Scarlett Johansson,Drama,Mystery,Sci-Fi,8.5,77.0,66.0,PG-13,0,6,"dying and death, suicide, class society, london, england, magic, competition, obsession, hostility, class, diary",8.8018,77.1,Yes,8.6987,5/24/2023
Swingers,1996.0,96.0,Doug Liman,Vince Vaughn,Heather Graham,Jon Favreau,Comedy,Drama,,7.2,87.0,71.0,R,0,3,"stuffed animal, hollywood, drink, swinger, producer, name calling, aspiring actor",8.7937,72.6,Yes,8.6827,2/7/2026
Greenland,2020.0,119.0,Ric Roman Waugh,Gerard Butler,Morena Baccarin,Roger Dale Floyd,Action,Adventure,Thriller,6.4,77.0,64.0,PG-13,0,1,"husband wife relationship, panic, kidnapping, looting, natural disaster, state of emergency, comet, end of the world, meteorite, disaster",8.7928,75.3,Yes,8.6812,2/7/2026
Carlito's Way,1993.0,144.0,Brian De Palma,Al Pacino,Sean Penn,Penelope Ann Miller,Crime,Drama,Thriller,7.9,84.0,66.0,R,0,2,"new york city, based on novel or book, gangster, go-go dancer, release from prison, 1970s, puerto rico, cocaine, nightclub, criminal past",8.7855,76.9,Yes,8.6669,2/7/2026
Seven Years in Tibet,1997.0,136.0,Jean-Jacques Annaud,Brad Pitt,David Thewlis,BD Wong,Adventure,Biography,Drama,7.1,57.0,55.0,PG-13,0,3,"himalaya mountain range, buddhism, buddhist monk, world war ii, prisoner of war, mountain, monsoon, austria, tibet, mountaineer",8.7836,72.4,Yes,8.6634,2/1/2026
And Justice for All,1979.0,119.0,Norman Jewison,Al Pacino,Jack Warden,John Forsythe,Crime,Drama,Thriller,7.4,78.0,58.0,R,0,1,"lawyer, courtroom, extramarital affair, courtroom drama, legal thriller, bitter",8.7824,76.8,Yes,8.6613,2/7/2026
Unbroken,2014.0,137.0,Angelina Jolie,Jack O'Connell,Miyavi,Domhnall Gleeson,Biography,Drama,Sport,7.2,53.0,59.0,PG-13,0,14,"japan, berlin, germany, based on novel or book, sports, world war ii, prisoner of war, u.s. air force, biography, based on true story, pacific war",8.7802,76.8,Yes,8.6573,2/1/2026
The Gentlemen,2019.0,113.0,Guy Ritchie,Matthew McConaughey,Charlie Hunnam,Michelle Dockery,Action,Comedy,Crime,7.8,76.0,51.0,R,0,1,"london, england, robbery, businessman, gangster, dark comedy, betrayal, marijuana, business, jewish american, gunfight",8.7786,76.8,Yes,8.6544,6/18/2023
Flags of Our Fathers,2006.0,135.0,Clint Eastwood,Ryan Phillippe,Jesse Bradford,Adam Beach,Action,Adventure,Drama,7.1,76.0,79.0,R,0,16,"dying and death, japan, world war ii, based on true story, pacific, pacific war, iwo jima, aftercreditsstinger, duringcreditsstinger, 1940s",8.777,76.7,Yes,8.6515,5/4/2025
Serpico,1973.0,130.0,Sidney Lumet,Al Pacino,John Randolph,Jack Kehoe,Biography,Crime,Drama,7.7,93.0,83.0,R,0,8,"new york city, corruption, hippie, police, biography, idealism, based on true story, idealist, money, undercover cop",8.7737,76.7,Yes,8.6452,7/4/2023
Chinatown,1974.0,130.0,Roman Polanski,Jack Nicholson,Faye Dunaway,John Huston,Drama,Mystery,Thriller,8.1,98.0,92.0,R,1,21,"dying and death, sea, pedophilia, rape, mistake in person, river, chinatown, barrage, femme fatale, conspiracy",8.7704,76.6,Yes,8.6389,2/7/2026
"McFarland, USA",2015.0,129.0,Niki Caro,Kevin Costner,Maria Bello,Ramiro Rodriguez,Biography,Drama,Sport,7.4,80.0,60.0,PG,0,4,"small town, california, coach, championship, woman director, track and field",8.7703,76.6,Yes,8.6389,6/29/2022
Awakenings,1990.0,121.0,Penny Marshall,Robert De Niro,Robin Williams,Julie Kavner,Biography,Drama,,7.8,81.0,74.0,PG-13,0,6,"coma, experiment, based on novel or book, hope, miracle, based on true story, hospital, illness, woman director, comatose",8.77,76.6,Yes,8.6385,5/30/2023
Thief,1981.0,123.0,Michael Mann,James Caan,Tuesday Weld,Willie Nelson,Action,Crime,Drama,7.4,80.0,78.0,R,0,2,"chicago, illinois, based on novel or book, shadowing, loss of loved one, burglar, gangster, car dealer, rain, idealist, safe",8.7694,76.6,Yes,8.6377,5/11/2026
Dog Day Afternoon,1975.0,125.0,Sidney Lumet,Al Pacino,John Cazale,Penelope Allen,Biography,Crime,Drama,8.0,96.0,86.0,R,1,14,"new york city, airport, police, hostage, bank, fbi, heist, psychological thriller, bank robbery, brooklyn, new york city",8.7598,76.5,Yes,8.6339,5/7/2026
Coach Carter,2005.0,136.0,Thomas Carter,Samuel L. Jackson,Rick Gonzalez,Robert Ri'chard,Biography,Drama,Sport,7.4,63.0,57.0,PG-13,0,3,"high school, scholarship, sports, violence in schools, authoritarian education, based on true story, basketball, teacher, teachers and students",8.7455,76.3,Yes,8.6335,6/26/2023
Cop Land,1997.0,105.0,James Mangold,Sylvester Stallone,Harvey Keitel,Ray Liotta,Crime,Drama,Thriller,7.0,75.0,64.0,R,0,1,"new york city, corruption, new jersey, police, handcuffs, fbi, bridge, car crash, murder, arson",8.7291,76.0,Yes,8.629,7/18/2025
Jarhead,2005.0,125.0,Sam Mendes,Jake Gyllenhaal,Jamie Foxx,Lucas Black,Biography,Drama,War,7.0,60.0,58.0,R,0,6,"california, gulf war, saudi arabia, petrol, marine corps, kuwait, based on memoir or autobiography, u.s. marine, anti war, desert storm",8.7162,75.9,Yes,8.6285,4/11/2026
Delivery Man,2013.0,105.0,Ken Scott,Vince Vaughn,Chris Pratt,Cobie Smulders,Comedy,Drama,,6.3,40.0,44.0,PG-13,0,0,"remake, sperm donor, artificial insemination",8.7127,71.4,Yes,8.6218,2/19/2026
Saving Mr. Banks,2013.0,125.0,John Lee Hancock,Emma Thompson,Tom Hanks,Annie Rose Buckley,Biography,Comedy,Drama,7.5,79.0,65.0,PG-13,0,13,"biography, based on true story, alcoholism, author, writer, disneyland, 1960s, film production, queensland, australia, death of a father",8.7103,75.8,Yes,8.6171,6/27/2023
The Hurricane,1999.0,146.0,Norman Jewison,Denzel Washington,Vicellous Shannon,Deborah Kara Unger,Biography,Drama,Sport,7.6,82.0,74.0,R,0,7,"prison, new jersey, 1970s, boxer, affectation, melancholy, boxing school, biography, based on true story, based on memoir or autobiography",8.7098,75.8,Yes,8.6165,2/7/2026
Captain Phillips,2013.0,134.0,Paul Greengrass,Tom Hanks,Barkhad Abdi,Barkhad Abdirahman,Action,Biography,Crime,7.8,93.0,82.0,PG-13,0,17,"ship, africa, fisherman, hijacking, somalia, based on true story, poverty, pirate, terrorism, commando",8.7077,71.3,Yes,8.6126,8/17/2022
Stillwater,2021.0,139.0,Tom McCarthy,Matt Damon,Camille Cottin,Abigail Breslin,Crime,Drama,Mystery,6.6,75.0,60.0,R,0,0,"marseille, france, fish out of water, father daughter relationship",8.7022,71.2,Yes,8.6019,5/11/2026
Before Sunrise,1995.0,101.0,Richard Linklater,Ethan Hawke,Julie Delpy,Andrea Eckert,Comedy,Drama,Romance,8.1,100.0,79.0,R,0,2,"talking, soulmates, walking, austria, vienna, austria, semi autobiographical, playful, cliché",8.7015,75.6,Yes,8.6007,5/4/2025
The Ministry of Ungentlemanly Warfare,2024.0,122.0,Guy Ritchie,Henry Cavill,Alan Ritchson,Alex Pettyfer,Action,Comedy,War,6.8,68.0,55.0,R,0,1,"casino, based on novel or book, nazi, world war ii, based on true story, historical figure, military prison, harbor, british spy, british prime minister",8.6999,75.6,Yes,8.5978,7/16/2025
Babel,2006.0,143.0,Alejandro G. Iñárritu,Brad Pitt,Cate Blanchett,Gael García Bernal,Drama,,,7.4,68.0,69.0,R,1,45,"daughter, first time, loss of loved one, gun, deaf-mute, san diego, california, ecstasy, nanny, illegal immigration, morocco",8.6975,75.6,Yes,8.5934,2/7/2026
Concussion,2015.0,123.0,Peter Landesman,Will Smith,Alec Baldwin,Albert Brooks,Biography,Drama,Sport,7.1,58.0,55.0,PG-13,0,4,"american football, concussion, biography, based on true story, doctor, social justice, professional sports, brain damage, sports injury, nfl (national football league)",8.6972,75.6,Yes,8.593,2/7/2026
Everybody's Fine,2009.0,99.0,Kirk Jones,Robert De Niro,Drew Barrymore,Kate Beckinsale,Adventure,Drama,,7.1,47.0,47.0,PG-13,0,1,"family relationships, doctor, retired, visit, widower, duringcreditsstinger, heart trouble",8.692,71.1,Yes,8.583,1/4/2026
Dogma,1999.0,130.0,Kevin Smith,Ben Affleck,Matt Damon,Linda Fiorentino,Adventure,Comedy,Drama,7.3,72.0,62.0,R,0,0,"angel, wisconsin, dark comedy, satire, church service, religion, church, aftercreditsstinger, duringcreditsstinger",8.6805,70.9,Yes,8.5828,5/29/2023
The Conversation,1974.0,113.0,Francis Ford Coppola,Gene Hackman,John Cazale,Allen Garfield,Drama,Mystery,Thriller,7.7,94.0,88.0,PG,0,14,"shadowing, san francisco, california, technology, spy, audio tape, paranoia, wiretap, saxophone, conspiracy, tragic event",8.6665,75.1,Yes,8.5826,7/10/2023
Invincible,2006.0,105.0,Ericson Core,Mark Wahlberg,Greg Kinnear,Elizabeth Banks,Biography,Drama,Sport,7.0,71.0,63.0,PG,0,0,"philadelphia, pennsylvania, advancement, sports, american football, bad luck, based on true story",8.6502,74.9,Yes,8.578,6/29/2022
The Gambler,2014.0,111.0,Rupert Wyatt,Mark Wahlberg,Jessica Lange,John Goodman,Crime,Drama,Thriller,6.0,43.0,55.0,R,0,1,"gambling, gun, professor, beating, gambler, loan shark, reflective",8.6412,74.8,Yes,8.5775,5/20/2023
Body of Lies,2008.0,128.0,Ridley Scott,Leonardo DiCaprio,Russell Crowe,Mark Strong,Action,Drama,Thriller,7.0,55.0,57.0,R,0,0,"dying and death, journalist, based on novel or book, spy, falsely accused, jordan, dubai, intelligence agency, beating, terrorism",8.641,74.8,Yes,8.5773,2/7/2026
In the Name of the Father,1993.0,133.0,Jim Sheridan,Daniel Day-Lewis,Pete Postlethwaite,Anthony Brophy,Biography,Crime,Drama,8.1,94.0,84.0,R,0,7,"prison, rebellion, based on novel or book, parent child relationship, faith, 1970s, biography, northern ireland, trial, thief",8.6368,74.7,Yes,8.5692,2/7/2026
Glory Road,2006.0,118.0,James Gartner,Josh Lucas,Derek Luke,Austin Nichols,Biography,Drama,Sport,7.2,,58.0,PG,0,2,"racial segregation, based on true story, basketball, teachers and students",8.636,74.7,Yes,8.5681,2/7/2026
City Hall,1996.0,111.0,Harold Becker,Al Pacino,John Cusack,Bridget Fonda,Crime,Drama,Mystery,6.2,60.0,62.0,R,0,0,"drug dealer, new york city, corruption, undercover agent, police, undercover, presidential election, war on drugs, mayor, investigation",8.6347,74.7,Yes,8.5657,2/7/2026
The Thin Red Line,1998.0,170.0,Terrence Malick,Jim Caviezel,Sean Penn,Nick Nolte,Drama,History,War,7.6,80.0,78.0,R,0,23,"based on novel or book, steel helmet, world war ii, battle assignment, invasion, infantry, marine corps, us army, commander, rifle",8.6328,74.7,Yes,8.5622,1/22/2026
Fighting with My Family,2019.0,108.0,Stephen Merchant,Dwayne Johnson,Lena Headey,Vince Vaughn,Biography,Comedy,Drama,7.0,93.0,68.0,PG-13,0,10,"england, sports, wrestling, biography, based on true story, family drama, family, norfolk",8.6318,74.6,Yes,8.5605,2/19/2026
Invictus,2009.0,134.0,Clint Eastwood,Morgan Freeman,Matt Damon,Tony Kgoroge,Biography,Drama,History,7.3,76.0,74.0,PG-13,0,12,"sports, stadium, south africa, apartheid, idealism, nelson mandela, based on true story, idealist, rugby, president",8.6307,74.6,Yes,8.5584,5/23/2023
The Good Shepherd,2006.0,167.0,Robert De Niro,Matt Damon,Angelina Jolie,Robert De Niro,Drama,History,Thriller,6.7,56.0,61.0,R,0,2,"berlin, germany, london, england, central intelligence agency (cia), husband wife relationship, cuba, wife, spy, cold war, return, mentor",8.6301,74.6,Yes,8.5571,5/19/2023
The Elephant Man,1980.0,124.0,David Lynch,Anthony Hopkins,John Hurt,Anne Bancroft,Biography,Drama,,8.2,91.0,78.0,PG,0,11,"friendship, london, england, escape, nurse, exploitation, biography, based on true story, tragedy, hospital, black and white",8.6291,74.6,Yes,8.5552,7/10/2023
Layer Cake,2004.0,105.0,Matthew Vaughn,Daniel Craig,Sienna Miller,Michael Gambon,Crime,Drama,Thriller,7.2,81.0,73.0,R,0,2,"london, england, based on novel or book, drug smuggling, hitman, kidnapping, gangster, drug trafficking, ecstasy, cocaine, drug mule",8.6282,74.6,Yes,8.5533,2/2/2026
Grand Prix,1966.0,176.0,John Frankenheimer,James Garner,Eva Marie Saint,Yves Montand,Drama,Sport,,7.2,92.0,72.0,Approved,3,3,"car race, racing, race car driver, race car crash, 1960s, formula one (f1), motorsport, dramatic, excited",8.6262,74.6,Yes,8.5496,5/24/2025
Jersey Girl,2004.0,102.0,Kevin Smith,Ben Affleck,Liv Tyler,Raquel Castro,Comedy,Drama,Romance,6.2,42.0,43.0,PG-13,0,2,"daughter, loss of loved one, yuppie",8.6259,74.6,Yes,8.5493,2/20/2026
Radio,2003.0,109.0,Michael Tollin,Cuba Gooding Jr.,Ed Harris,Debra Winger,Biography,Drama,Sport,6.9,34.0,38.0,PG,0,3,"mentally disabled, high school, friendship, sports, american football, 1970s, american football coach, biography, based on true story, inspiration",8.6245,74.5,Yes,8.5469,7/23/2024
Any Given Sunday,1999.0,162.0,Oliver Stone,Al Pacino,Dennis Quaid,Cameron Diaz,Drama,Sport,,6.9,51.0,52.0,R,0,3,"sports, american football, american football coach, trainer, training, american football stadium",8.6231,74.5,Yes,8.5445,7/10/2022
The King of Comedy,1982.0,109.0,Martin Scorsese,Robert De Niro,Jerry Lewis,Diahnne Abbott,Comedy,Crime,Drama,7.8,89.0,73.0,PG,0,3,"prison, new york city, blackmail, show business, entertainer, fbi, studio, receptionist, zealous, cautionary",8.623,74.5,Yes,8.5444,7/10/2023
Nightmare Alley,2021.0,150.0,Guillermo del Toro,Bradley Cooper,Cate Blanchett,Toni Collette,Crime,Drama,Thriller,7.0,80.0,70.0,R,0,29,"infidelity, based on novel or book, love triangle, tarot cards, mentor, hustler, lie, supernatural, carnival, con artist",8.6216,74.5,Yes,8.542,7/10/2023
The Informant!,2009.0,108.0,Steven Soderbergh,Matt Damon,Tony Hale,Patton Oswalt,Biography,Comedy,Crime,6.5,80.0,66.0,R,0,1,"fbi, lie, agriculture, based on true story, informant, witness to murder, surveillance, corn, price-fixing",8.6184,74.4,Yes,8.542,6/2/2023
Malcolm X,1992.0,202.0,Spike Lee,Denzel Washington,Angela Bassett,Delroy Lindo,Biography,Drama,History,7.7,89.0,73.0,PG-13,0,19,"prison, new york city, police brutality, beach, assassination, muslim, police, ku klux klan, prison cell, koran",8.604,74.2,Yes,8.541,2/7/2026
All Quiet on the Western Front,2022.0,148.0,Edward Berger,Felix Kammerer,Albrecht Schuch,Aaron Hilmer,Drama,History,War,7.8,90.0,76.0,R,4,59,"based on novel or book, world war i, tank, battle, period drama, german soldier, 1910s, aircraft, trench warfare, approving",8.5888,74.0,Yes,8.5387,5/4/2025
The Basketball Diaries,1995.0,102.0,Scott Kalvert,Leonardo DiCaprio,Lorraine Bracco,Marilyn Sokol,Biography,Crime,Drama,7.3,46.0,46.0,R,0,1,"new york city, sports, heroin, addiction, basketball, friends, based on memoir or autobiography, drugs, 1960s, school suspension",8.5741,73.8,Yes,8.5372,2/1/2026
Seabiscuit,2003.0,140.0,Gary Ross,Tobey Maguire,Jeff Bridges,Elizabeth Banks,Drama,History,Sport,7.3,77.0,72.0,PG-13,0,6,"based on novel or book, horse race, american dream, horse, racehorse, great depression, based on true story, jockey, horse trainer, seabiscuit",8.5709,73.8,Yes,8.537,5/13/2026
Promised Land,2012.0,106.0,Gus Van Sant,Matt Damon,Frances McDormand,John Krasinski,Drama,,,6.6,53.0,55.0,R,0,4,"small town, campaign, salesman, farmland, natural gas, fracking",8.5705,73.8,Yes,8.5365,2/7/2026
Men of Honor,2000.0,129.0,George Tillman Jr.,Cuba Gooding Jr.,Robert De Niro,Charlize Theron,Biography,Drama,,7.2,42.0,56.0,R,0,0,"diving, u.s. navy",8.5696,73.7,Yes,8.5349,5/11/2023
Richard Jewell,2019.0,131.0,Clint Eastwood,Paul Walter Hauser,Sam Rockwell,Brandon Stanley,Biography,Crime,Drama,7.5,77.0,68.0,R,0,6,"biography, based on true story, cautionary tale",8.5692,73.7,Yes,8.5345,2/7/2026
Amadeus,1984.0,160.0,Miloš Forman,F. Murray Abraham,Tom Hulce,Elizabeth Berridge,Biography,Drama,Music,8.4,90.0,87.0,PG,8,43,"opera, composer, musician, marriage crisis, italy, talent, emperor, austria, based on true story, based on play or musical",8.569,73.7,Yes,8.5344,2/1/2026
Need for Speed,2014.0,132.0,Scott Waugh,Aaron Paul,Dominic Cooper,Imogen Poots,Action,Crime,Drama,6.4,23.0,39.0,PG-13,0,1,"competition, street race, money, super speed, based on video game, driver, duringcreditsstinger, grand",8.568,69.8,Yes,8.5326,5/17/2024
I Swear,2025.0,120.0,Kirk Jones,Robert Aramayo,Maxine Peake,Somerled Campbell,Biography,Drama,,8.4,97.0,73.0,R,0,6,"scotland, dark comedy, biography, based on true story, alienation, outcast, tourette syndrome, docudrama, 1980s, 1990s",8.5667,73.7,Yes,8.5305,5/11/2026
Thelma & Louise,1991.0,130.0,Ridley Scott,Susan Sarandon,Geena Davis,Harvey Keitel,Adventure,Crime,Drama,7.6,87.0,89.0,R,1,24,"robbery, waitress, southern usa, self-defense, highway, housewife, female friendship, arkansas, grand canyon, road trip",8.566,69.3,Yes,8.5292,2/7/2026
Primal Fear,1996.0,129.0,Gregory Hoblit,Richard Gere,Laura Linney,Edward Norton,Crime,Drama,Mystery,7.7,77.0,47.0,R,0,10,"chicago, illinois, death penalty, child abuse, corruption, based on novel or book, court case, court, psychopath, bishop, manipulation",8.5647,73.7,Yes,8.527,2/23/2026
Cinderella Man,2005.0,144.0,Ron Howard,Russell Crowe,Renée Zellweger,Craig Bierko,Biography,Drama,Romance,8.0,80.0,69.0,PG-13,0,16,"daughter, transporter, sports, world cup, irish-american, socially deprived family, boxer, family's daily life, netherlands, comeback",8.5644,73.7,Yes,8.5266,2/10/2024
"I, Tonya",2017.0,119.0,Craig Gillespie,Margot Robbie,Sebastian Stan,Allison Janney,Biography,Comedy,Drama,7.5,90.0,77.0,R,1,46,"sports, competition, olympic games, portland, oregon, biography, based on true story, rivalry, figure skating, domestic violence, poverty",8.5633,73.7,Yes,8.5248,2/1/2026
The Holdovers,2023.0,133.0,Alexander Payne,Paul Giamatti,Da'Vine Joy Randolph,Dominic Sessa,Comedy,Drama,,7.9,97.0,82.0,R,1,137,"vietnam war, winter, boarding school, holiday, boston, massachusetts, 1970s, alcoholism, grief, misfit, mental illness",8.5628,69.2,Yes,8.524,3/21/2024
The King,2019.0,140.0,David Michôd,Tom Glynn-Carney,Gábor Czap,Tom Fisher,Biography,Drama,History,7.3,71.0,62.0,R,0,13,"biography, based on true story, hundred years' war, historical fiction, british history, mentor protégé relationship, king of england, costume drama, 15th century, british monarchy",8.5623,73.6,Yes,8.5233,2/12/2026
The Player,1992.0,124.0,Robert Altman,Tim Robbins,Greta Scacchi,Fred Ward,Comedy,Crime,Drama,7.5,97.0,86.0,R,0,24,"based on novel or book, homicide, movie business, blackmail, screenwriter, hollywood, death threat, movie mogul, movie studio, studio executive",8.5599,73.6,Yes,8.5203,5/11/2026
Black Mass,2015.0,123.0,Scott Cooper,Johnny Depp,Joel Edgerton,Benedict Cumberbatch,Biography,Crime,Drama,6.8,74.0,68.0,R,0,6,"prostitute, corruption, boston, massachusetts, gangster, fbi, senator, based on true story, irish mob, beaten to death, pay phone",8.5458,73.4,Yes,8.5202,8/26/2023
A Bronx Tale,1993.0,121.0,Robert De Niro,Robert De Niro,Chazz Palminteri,Lillo Brancato,Crime,Drama,,7.8,97.0,80.0,R,0,1,"italian american, gambling, funeral, italian, parent child relationship, gangster, loyalty, molotow cocktail, gang leader, nostalgia",8.5315,73.2,Yes,8.5196,5/19/2023
Ghosted,2023.0,117.0,Dexter Fletcher,Chris Evans,Ana de Armas,Adrien Brody,Action,Adventure,Comedy,5.8,,34.0,PG-13,0,1,"central intelligence agency (cia), secret mission, secret agent, female spy, enigmatic, farmer's market, save the world",8.5169,68.6,Yes,8.5184,2/10/2026
A League of Their Own,1992.0,128.0,Penny Marshall,Tom Hanks,Geena Davis,Lori Petty,Comedy,Drama,Sport,7.4,82.0,69.0,PG,0,7,"sports, baseball, world war ii, baseball player, female athlete, home front, woman director, 1940s",8.5107,72.9,Yes,8.5166,2/1/2026
Here Comes the Flood,2026.0,122.0,Fernando Meirelles,Denzel Washington,Justin Kirk,Robert Pattinson,Crime,Drama,Romance,,,,,0,0,bank heist,8.5103,68.5,Yes,8.5161,3/19/2026
Devotion,2022.0,139.0,J.D. Dillard,Jonathan Majors,Glen Powell,Christina Jackson,Action,Biography,Drama,6.6,81.0,66.0,PG-13,0,2,"korean war (1950-53), based on true story, aftercreditsstinger, duringcreditsstinger, war",8.5095,72.9,Yes,8.5147,5/11/2026
King Richard,2021.0,144.0,Reinaldo Marcus Green,Will Smith,Aunjanue Ellis-Taylor,Jon Bernthal,Biography,Drama,Sport,7.5,90.0,76.0,PG-13,1,49,"sports, tennis, tennis player, father, based on true story, wimbledon, family, tennis pro, father daughter relationship, coaching",8.5093,72.9,Yes,8.5146,6/29/2022
Brawl in Cell Block 99,2017.0,132.0,S. Craig Zahler,Vince Vaughn,Jennifer Carpenter,Don Johnson,Crime,Drama,Thriller,7.1,90.0,79.0,Not Rated,0,0,"prison, fight, kidnapping, pregnancy, boxer, gore, prison warden, revenge, murder, doctor",8.5089,72.9,Yes,8.5141,2/19/2026
Straight Outta Compton,2015.0,147.0,F. Gary Gray,O'Shea Jackson Jr.,Corey Hawkins,Jason Mitchell,Biography,Drama,History,7.8,89.0,72.0,R,0,28,"drug dealer, police brutality, husband wife relationship, rap music, hip-hop, sibling relationship, aids, parent child relationship, gangster, rapper",8.5081,72.9,Yes,8.5127,6/27/2023
G.I. Jane,1997.0,125.0,Ridley Scott,Demi Moore,Viggo Mortensen,Anne Bancroft,Action,Drama,War,6.1,55.0,62.0,R,0,2,"gulf war, helicopter, middle east, libya, u.s. navy, sexism, naval officer, sexual harassment, feminist, u.s. navy seal",8.5075,72.8,Yes,8.5119,2/3/2024
Cool Hand Luke,1967.0,127.0,Stuart Rosenberg,Paul Newman,George Kennedy,Strother Martin,Crime,Drama,,8.0,100.0,92.0,Approved,1,5,"prison, dying and death, florida, based on novel or book, escape, loss of loved one, rebel, harassment, imprisonment, barbed wire",8.5066,72.8,Yes,8.5103,5/22/2026
Dallas Buyers Club,2013.0,117.0,Jean-Marc Vallée,Matthew McConaughey,Jennifer Garner,Jared Leto,Biography,Drama,,7.9,92.0,77.0,R,3,85,"aids, homophobia, rodeo, texas, biography, dallas, texas, based on true story, hiv, drugs, lgbt",8.5061,72.8,Yes,8.5096,2/1/2026
Risky Business,1983.0,99.0,Paul Brickman,Tom Cruise,Rebecca De Mornay,Joe Pantoliano,Comedy,Crime,Drama,6.8,93.0,75.0,R,0,0,"chicago, illinois, high school, brothel, coming of age, prostitution, playful",8.5059,68.4,Yes,8.5096,5/20/2023
The Lives of Others,2006.0,137.0,Florian Henckel von Donnersmarck,Ulrich Mühe,Martina Gedeck,Sebastian Koch,Drama,Mystery,Thriller,8.4,92.0,89.0,R,1,80,"berlin, germany, government, corruption, espionage, germany, berlin wall, german democratic republic, cold war, blackmail, stasi",8.505,72.8,Yes,8.508,2/7/2026
Apocalypse Now,1979.0,147.0,Francis Ford Coppola,Martin Sheen,Marlon Brando,Robert Duvall,Drama,Mystery,War,8.4,91.0,94.0,R,2,21,"guerrilla warfare, vietnam war, journalist, mission, vietnam, vietcong, central intelligence agency (cia), cambodia, army, drug abuse",8.5041,68.4,Yes,8.5065,7/1/2022
Margin Call,2011.0,107.0,J.C. Chandor,Zachary Quinto,Stanley Tucci,Kevin Spacey,Drama,Thriller,,7.1,87.0,76.0,R,0,8,"capitalism, brokerage, wall street, based on true story, morality, economics, downsizing, financial crisis, stock market, stock market crash",8.5038,72.8,Yes,8.5062,4/6/2026
War Machine,2017.0,122.0,David Michôd,Brad Pitt,Daniel Betts,John Magaro,Comedy,Drama,War,6.0,48.0,56.0,TV-MA,0,0,"journalist, based on novel or book, afghanistan, us army, historical fiction, exposé, satirical, u.s. general, born leader, charismatic",8.5033,68.4,Yes,8.5056,2/7/2026
"Crazy, Stupid, Love.",2011.0,118.0,Glenn Ficarra,Steve Carell,Ryan Gosling,Julianne Moore,Comedy,Drama,Romance,7.4,79.0,68.0,PG-13,0,5,"friendship, soulmates, marriage crisis, midlife crisis, babysitter, womanizer, law school, los angeles, california, middle school, relationship",8.4894,72.6,Yes,8.5029,7/6/2022
A Beautiful Mind,2001.0,135.0,Ron Howard,Russell Crowe,Ed Harris,Jennifer Connelly,Biography,Drama,Mystery,8.2,74.0,72.0,PG-13,4,37,"schizophrenia, based on novel or book, love of one's life, self-discovery, professor, paranoia, mathematics, massachusetts, mathematician, economic theory",8.4746,72.4,Yes,8.5012,6/27/2023
Chasing Amy,1997.0,113.0,Kevin Smith,Ben Affleck,Joey Lauren Adams,Ethan Suplee,Comedy,Drama,Romance,7.2,86.0,71.0,R,0,5,"coming out, new jersey, love of one's life, bisexuality, menage a trois, comic book, comic-strip artist, best friend, lgbt, lesbian",8.459,72.1,Yes,8.498,5/29/2023
Miller's Crossing,1990.0,115.0,Joel Coen,Gabriel Byrne,Albert Finney,John Turturro,Crime,Drama,Thriller,7.7,93.0,66.0,R,0,4,"street gang, corruption, prohibition era, gun, gambling debt, gangster, loyalty, irish-american, irish mob, betrayal",8.4507,72.0,Yes,8.4966,2/7/2026
Mean Streets,1973.0,112.0,Martin Scorsese,Robert De Niro,Harvey Keitel,David Proval,Crime,Drama,Thriller,7.2,92.0,96.0,R,0,5,"secret love, italian american, gangster, protection money, epilepsy, redemption, money, little italy, catholicism, manhattan, new york city",8.4504,72.0,Yes,8.4962,2/7/2026
Suburra,2015.0,130.0,Stefano Sollima,Pierfrancesco Favino,Elio Germano,Claudio Amendola,Action,Crime,Drama,7.4,90.0,,,0,5,"corruption, italy, mafia, church",8.4489,72.0,Yes,8.4935,2/7/2026
Killing Them Softly,2012.0,97.0,Andrew Dominik,Brad Pitt,Ray Liotta,Richard Jenkins,Crime,Drama,Thriller,6.2,74.0,64.0,R,0,3,"hotel, robbery, based on novel or book, poker, hitman, gambling, gangster, junkie, cynicism, alcoholism",8.4471,72.0,Yes,8.4902,2/7/2026
The Deer Hunter,1978.0,183.0,Michael Cimino,Robert De Niro,Christopher Walken,John Cazale,Drama,War,,8.1,86.0,90.0,R,5,24,"vietnam war, vietnam veteran, small town, suicide, vietnam, post-traumatic stress disorder (ptsd), escape, pennsylvania, usa, saigon, friends",8.4469,72.0,Yes,8.49,7/3/2023
Lincoln,2012.0,150.0,Steven Spielberg,Daniel Day-Lewis,Sally Field,David Strathairn,Biography,Drama,History,7.3,89.0,87.0,PG-13,2,107,"mutiny, usa president, based on true story, speech, battlefield, historical fiction, family conflict, american civil war, cultural conflict, battle of gettysburg",8.4462,66.1,Yes,8.489,2/1/2026
Lawrence of Arabia,1962.0,227.0,David Lean,Peter O'Toole,Alec Guinness,Anthony Quinn,Adventure,Biography,Drama,8.3,93.0,100.0,PG,7,31,"cairo, world war i, arabian, horse, jerusalem, british army, british empire, damascus, camel, based on true story",8.4454,67.5,Yes,8.4876,1/21/2026
Million Dollar Arm,2014.0,124.0,Craig Gillespie,Jon Hamm,Aasif Mandvi,Alan Arkin,Biography,Drama,Family,7.0,65.0,56.0,PG,0,1,"sports, baseball, cricket, based on true story, india, duringcreditsstinger",8.443,71.9,Yes,8.4832,7/4/2024
The Longest Yard,1974.0,121.0,Robert Aldrich,Burt Reynolds,Eddie Albert,Ed Lauter,Comedy,Crime,Drama,7.1,76.0,61.0,R,0,2,"prison, sports, american football, georgia, quarterback, palm beach, florida",8.4406,71.9,Yes,8.4786,7/3/2022
Nonnas,2025.0,111.0,Stephen Chbosky,Theodore Helm,Jimmy Smagula,Jamie Eddy,Comedy,Drama,Family,6.8,82.0,57.0,PG,0,1,"restaurant, revitalization, based on true story, italian restaurant, second chance, brooklyn, new york city, death of mother, staten island, new york city, italian cuisine, celebratory",8.4396,71.9,Yes,8.477,2/7/2026
Allied,2016.0,124.0,Robert Zemeckis,Brad Pitt,Marion Cotillard,Jared Harris,Action,Drama,Romance,7.1,60.0,60.0,R,0,1,"nazi, resistance, spy, world war ii, past, love, couple, north africa, 1940s, french woman",8.4381,67.4,Yes,8.4742,2/7/2026
The Banker,2020.0,120.0,George Nolfi,Anthony Mackie,Samuel L. Jackson,Nicholas Hoult,Biography,Drama,,7.3,78.0,59.0,PG-13,0,3,"banker, affectation, banking, based on true story, racism, los angeles, california, aggressive, 1950s, 1960s, african american history",8.4372,71.8,Yes,8.4723,2/1/2026
Once Upon a Time in America,1984.0,229.0,Sergio Leone,Robert De Niro,James Woods,Elizabeth McGovern,Crime,Drama,,8.3,86.0,75.0,R,0,11,"new york city, regret, lovesickness, rape, life and death, sexual abuse, street gang, corruption, based on novel or book, prohibition era",8.4366,71.8,Yes,8.4712,7/1/2022
Darkest Hour,2017.0,125.0,Joe Wright,Gary Oldman,Lily James,Kristin Scott Thomas,Biography,Drama,History,7.4,84.0,75.0,PG-13,2,54,"world war ii, biography, based on true story, london underground, british politics, british prime minister, british history, autobiographical, dunkirk, 1940s",8.4362,71.8,Yes,8.4704,7/16/2025
The Beekeeper,2024.0,105.0,David Ayer,Jason Statham,Emmy Raver-Lampman,Bobby Naderi,Action,Crime,Thriller,6.3,71.0,53.0,R,0,1,"massachusetts, secret government organization, vengeance, fbi agent, beekeepers, scammer, scam call center, retired assassin",8.4355,71.8,Yes,8.4689,1/9/2024
The Program,2015.0,104.0,Stephen Frears,Ben Foster,Chris O'Dowd,Guillaume Canet,Biography,Drama,Sport,6.5,62.0,53.0,R,0,0,"sports, biography, tour de france, cycling",8.4351,67.4,Yes,8.4682,5/21/2026
Death Proof,2007.0,127.0,Quentin Tarantino,Kurt Russell,Zoë Bell,Rosario Dawson,Drama,Thriller,,7.0,67.0,,R,0,0,"sports car, sadism, psychopath, disc jockey, ladykiller, exploitation, gore, stunt, female friendship, women's prison",8.4335,67.4,Yes,8.465,6/23/2023
Flight,2012.0,138.0,Robert Zemeckis,Denzel Washington,Kelly Reilly,Don Cheadle,Drama,Thriller,,7.3,77.0,76.0,R,0,15,"airplane, confession, investigation, pilot, emergency landing, flight, alcoholism, f word, hangover, airplane accident",8.4325,71.8,Yes,8.4632,7/11/2023
The Great Escape,1963.0,172.0,John Sturges,Steve McQueen,James Garner,Richard Attenborough,Adventure,Drama,Thriller,8.2,94.0,86.0,Approved,0,3,"prison, uniform, swastika, prisoner, based on novel or book, nazi, escape, optimism, freedom, machinegun",8.432,71.8,Yes,8.4624,7/4/2023
Mafioso,1962.0,105.0,Alberto Lattuada,Alberto Sordi,Norma Bengell,Gabriella Conti,Comedy,Crime,Drama,7.6,96.0,88.0,Not Rated,0,1,"factory, gangster, sicilian mafia",8.4316,71.8,Yes,8.4619,2/7/2026
The Way Back,2020.0,108.0,Gavin O'Connor,Ben Affleck,Al Madrigal,Janina Gavankar,Drama,Sport,,6.7,85.0,66.0,R,0,0,"change, alcoholism, widower, basketball team, basketball coach, addiction recovery, dramatic, admiring",8.4308,71.7,Yes,8.4606,7/4/2024
One Flew Over the Cuckoo's Nest,1975.0,133.0,Miloš Forman,Jack Nicholson,Louise Fletcher,Michael Berryman,Drama,,,8.6,93.0,84.0,R,5,38,"mentally disabled, friendship, based on novel or book, nurse, lunatic asylum, affectation, insane asylum, oregon, usa, hospital, medication",8.4183,71.6,Yes,8.4598,6/21/2023
Capernaum,2018.0,126.0,Nadine Labaki,Zain Al Rafeea,Yordanos Shifera,Boluwatife Treasure Bankole,Drama,,,8.4,90.0,75.0,R,0,37,"child abuse, slum, refugee, neglect, child bride, lawsuit, undocumented immigrant, poverty, life in the slums, slum dwellers",8.4044,71.4,Yes,8.4596,2/7/2026
Defiance,2008.0,137.0,Edward Zwick,Daniel Craig,Liev Schreiber,Jamie Bell,Action,Drama,History,7.1,58.0,58.0,R,0,2,"sibling relationship, fight, brother, world war ii, forest, camp, partisan",8.3901,71.2,Yes,8.4585,2/1/2026
The Parent Trap,1998.0,128.0,Nancy Meyers,Lindsay Lohan,Dennis Quaid,Natasha Richardson,Adventure,Comedy,Drama,6.7,87.0,63.0,PG,0,2,"california, summer camp, twin sister, remake, matchmaking, family reunion, wedding dress, gold digger, twins separated at birth, identity swap",8.382,71.0,Yes,8.4581,7/6/2022
Casablanca,1942.0,102.0,Michael Curtiz,Humphrey Bogart,Ingrid Bergman,Paul Henreid,Drama,Romance,War,8.5,99.0,100.0,PG,3,18,"corruption, nazi, escape, love triangle, resistance, spy, patriotism, casablanca, morocco, vichy regime, visa",8.3814,71.0,Yes,8.4572,6/29/2022
Four Brothers,2005.0,109.0,John Singleton,Mark Wahlberg,Tyrese Gibson,André 3000,Action,Crime,Drama,6.8,,49.0,R,0,5,"robbery, sibling relationship, arbitrary law, adoptive mother, revenge, murder, detroit, michigan, duringcreditsstinger, interracial adoption",8.3806,71.0,Yes,8.4559,1/4/2026
Syriana,2005.0,128.0,Stephen Gaghan,George Clooney,Matt Damon,Amanda Peet,Drama,Thriller,,6.8,73.0,76.0,R,1,13,"petrol, central intelligence agency (cia), middle east, capitalism, globalization, persia, war on terror, conspiracy, false flag, geopolitics",8.38,71.0,Yes,8.4551,2/7/2026
12 Strong,2018.0,130.0,Nicolai Fuglsig,Chris Hemsworth,Michael Shannon,Michael Peña,Action,Drama,History,6.6,50.0,54.0,R,0,0,"central intelligence agency (cia), based on novel or book, afghanistan, based on true story, taliban, post 9/11, intense, melodramatic",8.3786,71.0,Yes,8.4524,5/4/2025
Footloose,1984.0,107.0,Herbert Ross,Kevin Bacon,Lori Singer,John Lithgow,Drama,Music,Romance,6.6,55.0,42.0,PG,0,2,"dancing, dance, dancer, dance teacher, father daughter relationship, amused",8.378,71.0,Yes,8.4515,6/26/2024
WarGames,1983.0,114.0,John Badham,Matthew Broderick,Ally Sheedy,John Wood,Action,Drama,Sci-Fi,7.1,93.0,77.0,PG,0,4,"artificial intelligence (a.i.), computer, government, hacker, video game, cold war, fbi, prosecution, norad, nuclear threat",8.3774,71.0,Yes,8.4506,2/1/2026
Sleepers,1996.0,147.0,Barry Levinson,Robert De Niro,Kevin Bacon,Brad Pitt,Crime,Drama,Thriller,7.5,73.0,49.0,R,0,1,"child abuse, sexual abuse, court case, court, repayment, sadistic, pastor, juvenile prison, juvenile delinquent, kids",8.3766,71.0,Yes,8.4495,5/30/2023
The Pianist,2002.0,150.0,Roman Polanski,Adrien Brody,Thomas Kretschmann,Frank Finlay,Biography,Drama,Music,8.5,95.0,85.0,R,3,57,"concert, nazi, resistance, warsaw ghetto, polish resistance, homeland, holocaust (shoah), hunger, world war ii, prisoner of war",8.3765,66.5,Yes,8.4494,2/7/2026
Public Enemies,2009.0,140.0,Michael Mann,Christian Bale,Johnny Depp,Christian Stolte,Biography,Crime,Drama,6.9,68.0,70.0,R,0,1,"escape, gun, gangster, machinegun, horse race, biography, prison guard, prison escape, bank robbery, surveillance",8.3759,71.0,Yes,8.4486,2/7/2026
All the President's Men,1976.0,138.0,Alan J. Pakula,Dustin Hoffman,Robert Redford,Jack Warden,Drama,History,Thriller,7.9,94.0,84.0,PG,4,17,"newspaper, journalist, plan, washington dc, usa, shadowing, politics, burglar, fbi, wiretap, watergate scandal",8.3753,70.9,Yes,8.4476,2/1/2026
The Boys in the Boat,2023.0,123.0,George Clooney,Joel Edgerton,Callum Turner,Peter Guinness,Biography,Drama,History,7.0,57.0,54.0,PG-13,0,3,"sports, olympic games, based on true story, rowing, 1930s, dignified, hopeful",8.3748,70.9,Yes,8.447,12/19/2023
Gomorrah,2008.0,137.0,Matteo Garrone,Gianfelice Imparato,Salvatore Abbruzzese,Toni Servillo,Crime,Drama,,7.0,90.0,87.0,Not Rated,0,34,"street gang, money delivery, gangster, gang war, ghetto, mafia boss, camorra, gang, drugs, criminal",8.3743,70.9,Yes,8.4462,2/7/2026
Greyhound,2020.0,91.0,Aaron Schneider,Tom Hanks,Elisabeth Shue,Stephen Graham,Action,Drama,History,7.0,78.0,64.0,PG-13,0,1,"submarine, allies, atlantic ocean, world war ii, based on true story, biting, convoy, battleship, naval warfare, naval battleship",8.3734,66.5,Yes,8.4448,2/1/2026
Boyz n the Hood,1991.0,112.0,John Singleton,Cuba Gooding Jr.,Laurence Fishburne,Hudhail Al-Amir,Crime,Drama,,7.7,96.0,76.0,R,0,12,"street gang, gangster, rapper, ghetto, street war, violence in schools, coming of age, social commentary, vexed, social awareness",8.3725,70.9,Yes,8.4432,2/1/2026
We Own the Night,2007.0,117.0,James Gray,Joaquin Phoenix,Mark Wahlberg,Eva Mendes,Crime,Drama,Thriller,6.8,57.0,59.0,R,0,1,"new york city, parent child relationship, bratva (russian mafia), gangster, cocaine, nightclub, investigation, police chief, arrest, murder",8.3722,70.9,Yes,8.4429,2/22/2026
The Italian Job,1969.0,99.0,Peter Collinson,Michael Caine,Noël Coward,Benny Hill,Action,Comedy,Crime,7.2,82.0,70.0,G,0,0,"prison, gold, robbery, prisoner, england, chase, bus, master thief, traffic jam, thief",8.3712,70.9,Yes,8.4412,1/21/2026
Once Upon a Time in the West,1968.0,145.0,Sergio Leone,Henry Fonda,Charles Bronson,Claudia Cardinale,Drama,Western,,8.5,96.0,82.0,PG-13,0,6,"small town, loss of loved one, harmonica, wedding party, spaghetti western, arizona territory, intercontintental railroad, outlaw gang, water pump, mysterious character",8.3672,70.8,Yes,8.441,7/4/2023
He Got Game,1998.0,136.0,Spike Lee,Denzel Washington,Milla Jovovich,Ray Allen,Drama,Sport,,6.9,82.0,64.0,R,0,0,"prison, parent child relationship, forgiveness, homicide, release from prison, begnadigung, affectation, college, basketball, angry",8.3533,70.6,Yes,8.441,7/8/2023
Suburbicon,2017.0,105.0,George Clooney,Matt Damon,Julianne Moore,Oscar Isaac,Comedy,Crime,Drama,5.8,,42.0,R,0,4,dark comedy,8.3393,70.4,Yes,8.4406,5/11/2026
Back to the Future,1985.0,116.0,Robert Zemeckis,Michael J. Fox,Christopher Lloyd,Lea Thompson,Adventure,Comedy,Sci-Fi,8.5,93.0,88.0,PG,1,27,"flying car, race against time, clock tower, car race, lightning, guitar, inventor, journey in the past, invention, time travel",8.3251,70.2,Yes,8.4398,2/1/2026
Paper Tiger,2026.0,115.0,James Gray,,,,Crime,Drama,Thriller,7.0,,,,0,0,,8.3225,65.8,Yes,8.4392,5/17/2026
The Harder They Fall,2021.0,139.0,Jeymes Samuel,Jonathan Majors,Zazie Beetz,RJ Cyler,Action,Drama,Western,6.6,88.0,68.0,R,0,30,"prison, release from prison, revenge, bank robbery, cowboy, wild west, quick draw, outlaw gang, 19th century, amused",8.3215,70.2,Yes,8.4375,2/28/2026
Vertigo,1958.0,128.0,Alfred Hitchcock,James Stewart,Kim Novak,Barbara Bel Geddes,Mystery,Romance,Thriller,8.2,93.0,100.0,PG,0,9,"plan, love of one's life, sense of guilt, san francisco, california, suicide attempt, obsession, bachelor, detective, necklace, vertigo",8.3213,70.2,Yes,8.4375,7/10/2023
Over the Top,1987.0,93.0,Menahem Golan,Sylvester Stallone,Robert Loggia,Susan Blakely,Action,Drama,Sport,5.9,32.0,40.0,PG,0,4,"underdog, sports, bad father-in-law, father-in-law, road trip, truck, on the road, truck driver, arm wrestling, eighteen wheeler",8.3209,70.2,Yes,8.4368,7/10/2023
Cool Runnings,1993.0,98.0,Jon Turteltaub,John Candy,Leon,Doug E. Doug,Adventure,Comedy,Family,7.0,75.0,60.0,PG,0,2,"underdog, sports, winter, olympic games, jamaica, trainer, training camp, reggae, bobsleighing, based on true story",8.3206,70.2,Yes,8.4366,2/7/2026
The Long Game,2023.0,112.0,Julio Quintana,Jay Hernandez,Dennis Quaid,Cheech Marin,Drama,History,Sport,6.7,82.0,65.0,PG,0,4,"texas, golf, based on true story, mexican american, 1950s, latino, inspirational",8.32,70.1,Yes,8.4357,7/4/2025
Argo,2012.0,120.0,Ben Affleck,Ben Affleck,Bryan Cranston,John Goodman,Biography,Drama,History,7.7,96.0,86.0,R,3,96,"central intelligence agency (cia), husband wife relationship, revolution, press conference, biography, american abroad, extraction, iran hostage crisis, intelligence agent, langley virginia",8.3174,65.7,Yes,8.4309,5/22/2026
Hoosiers,1986.0,114.0,David Anspaugh,Gene Hackman,Barbara Hershey,Dennis Hopper,Drama,Sport,,7.4,90.0,77.0,PG,0,3,"high school, indiana, usa, sports, parent child relationship, son, based on true story, basketball, coach, high school sports, hoosier",8.3172,70.1,Yes,8.4307,6/29/2022
A Man Called Otto,2022.0,126.0,Marc Forster,Tom Hanks,Mariana Treviño,Rachel Keller,Comedy,Drama,,7.5,70.0,51.0,PG-13,0,1,"friendship, based on novel or book, suicide attempt, melancholy, flashback, remake, miscarriage, new neighbor, social media, forced retirement",8.317,70.1,Yes,8.4305,2/1/2026
Playtime,1967.0,155.0,Jacques Tati,Jacques Tati,Barbara Dennek,Rita Maiden,Comedy,,,7.8,98.0,99.0,Not Rated,0,2,"paris, france, modernity, restaurant, modern society, glass, american tourist, steel, satirical, hilarious",8.3161,65.7,Yes,8.4291,5/11/2026
Stand by Me,1986.0,89.0,Rob Reiner,Wil Wheaton,River Phoenix,Corey Feldman,Adventure,Drama,,8.1,92.0,75.0,R,0,6,"friendship, based on novel or book, leech, bullying, road trip, oregon, usa, coming of age, railroad track, story within the story, flipping coin",8.3151,70.0,Yes,8.4274,7/4/2024
Christy,2025.0,135.0,David Michôd,Sydney Sweeney,Coleman Pedigo,Merritt Wever,Biography,Drama,History,6.5,100.0,58.0,R,0,2,"attempted murder, based on true story, west virginia, domestic violence, female boxing, boxing, 1990s, sports drama, assertive, empathetic",8.3145,70.1,Yes,8.4266,2/7/2026
Interview with the Vampire: The Vampire Chronicles,1994.0,123.0,Neil Jordan,Brad Pitt,Tom Cruise,Antonio Banderas,Drama,Fantasy,Horror,7.5,66.0,62.0,R,0,24,"paris, france, based on novel or book, san francisco, california, vampire, bite, new orleans, louisiana, plantation, louisiana, pity, child vampire",8.3134,70.1,Yes,8.4246,2/7/2026
Rear Window,1954.0,112.0,Alfred Hitchcock,James Stewart,Grace Kelly,Wendell Corey,Drama,Mystery,Thriller,8.4,99.0,100.0,PG,0,7,"nurse, isolation, photographer, suspicion of murder, wheelchair, girlfriend, salesman, neighbor, whodunit, biting",8.3123,70.0,Yes,8.4226,2/7/2026
RED,2010.0,111.0,Robert Schwentke,Bruce Willis,Helen Mirren,Morgan Freeman,Action,Comedy,Crime,7.0,72.0,60.0,PG-13,0,4,"assassin, central intelligence agency (cia), undercover agent, kidnapping, assault rifle, affectation, based on comic, shootout, sniper rifle, explosion",8.312,70.0,Yes,8.4222,2/1/2026
Hit Man,2023.0,115.0,Richard Linklater,Glen Powell,Adria Arjona,Austin Amelio,Comedy,Crime,Romance,6.8,95.0,82.0,R,0,6,"hitman, identity, professor, new orleans, louisiana, romcom, disguise, screwball comedy, undercover operation, sting operation, based on magazine, newspaper or article",8.3116,70.0,Yes,8.4219,5/11/2026
Black Souls,2014.0,109.0,Francesco Munzi,Marco Leonardi,Peppino Mazzotta,Fabrizio Ferracane,Crime,Drama,,6.8,89.0,76.0,Not Rated,0,23,"drug smuggling, mafia, calabria, italy",8.3112,70.0,Yes,8.4214,2/7/2026
North by Northwest,1959.0,136.0,Alfred Hitchcock,Cary Grant,Eva Marie Saint,James Mason,Adventure,Drama,Mystery,8.3,97.0,98.0,Approved,0,9,"new york city, assassination, undercover agent, espionage, spy, cold war, mistaken identity, deception, romance, fugitive",8.3016,69.9,Yes,8.4213,7/10/2023
Jack Reacher: Never Go Back,2016.0,118.0,Edward Zwick,Tom Cruise,Cobie Smulders,Aldis Hodge,Action,Thriller,,6.2,37.0,47.0,PG-13,0,1,"based on novel or book, espionage, military officer, homicide, falsely accused, new orleans, louisiana, investigation, afghanistan, sequel, on the run",8.287,69.7,Yes,8.42,5/20/2023
Daddy's Home 2,2017.0,100.0,Sean Anders,Will Ferrell,Mark Wahlberg,Mel Gibson,Comedy,,,6.1,21.0,30.0,PG-13,0,1,"holiday, sequel, christmas, father son relationship, amused, cheerful, holiday get-together, step parents",8.2722,65.0,Yes,8.4184,6/9/2022
Dragged Across Concrete,2018.0,159.0,S. Craig Zahler,Mel Gibson,Vince Vaughn,Tory Kittles,Action,Crime,Drama,6.9,76.0,60.0,R,0,0,"gold, husband wife relationship, corruption, sibling relationship, hostage, heist, murder, shootout, brutality, criminal",8.2606,69.3,Yes,8.4163,2/19/2026
We Were Soldiers,2002.0,138.0,Randall Wallace,Mel Gibson,Madeleine Stowe,Greg Kinnear,Action,Drama,History,7.2,63.0,65.0,R,0,3,"vietnam war, vietnam veteran, hero, army, based on novel or book, steel helmet, missile, based on true story, major, battlefield",8.2601,69.3,Yes,8.4156,11/23/2024
Ad Astra,2019.0,123.0,James Gray,Brad Pitt,Tommy Lee Jones,Ruth Negga,Adventure,Drama,Mystery,6.5,83.0,80.0,PG-13,0,11,"moon, planet mars, loss of loved one, astronaut, moon colony, solar system, solitude, spacewalk, father son relationship, near future",8.2594,69.3,Yes,8.4145,2/7/2026
Hostiles,2017.0,134.0,Scott Cooper,Scott Shepherd,Rosamund Pike,Ava Cooper,Drama,Western,,7.2,71.0,65.0,R,0,4,"widow, montana, new mexico, chief, native american, assignment, grief, murder, gunfight, massacre",8.259,69.3,Yes,8.414,2/1/2026
Burnt,2015.0,101.0,John Wells,Bradley Cooper,Sienna Miller,Daniel Brühl,Comedy,Drama,,6.6,29.0,42.0,R,0,6,"career, london, england, drug addiction, diva, restaurant, redemption, drugs, chef, french cuisine, come back",8.258,69.3,Yes,8.4123,5/10/2026
The Outsiders,1983.0,91.0,Francis Ford Coppola,C. Thomas Howell,Matt Dillon,Ralph Macchio,Crime,Drama,,7.0,71.0,45.0,PG,0,1,"street gang, based on novel or book, children's home, coming of age, gang, juvenile delinquent, tulsa, oklahoma, based on young adult novel, teenager",8.2576,64.8,Yes,8.4118,2/17/2024
In Bruges,2008.0,107.0,Martin McDonagh,Colin Farrell,Brendan Gleeson,Ciarán Hinds,Comedy,Crime,Drama,7.9,84.0,67.0,R,0,25,"drug dealer, hitman, tourist, dark comedy, bruges, belgium, church, guilt, death, town square, vietnamese",8.2572,69.2,Yes,8.4112,5/6/2026
Lucky Number Slevin,2006.0,110.0,Paul McGuigan,Josh Hartnett,Ben Kingsley,Morgan Freeman,Crime,Drama,Thriller,7.7,,53.0,R,0,5,"sniper, assassin, assassination, gambling debt, identity, boss, gangster, mistake in person, fbi, murder",8.2552,69.2,Yes,8.4076,2/7/2026
Airplane!,1980.0,88.0,Jim Abrahams,Robert Hays,Julie Hagerty,Leslie Nielsen,Comedy,,,7.7,97.0,78.0,PG,0,3,"chicago, illinois, post-traumatic stress disorder (ptsd), airplane, cataclysm, nun, guitar, alcohol, stewardess, taxi driver, passenger",8.255,66.0,Yes,8.4074,1/13/2026
Citizen Kane,1941.0,119.0,Orson Welles,Orson Welles,Joseph Cotten,Dorothy Comingore,Drama,Mystery,,8.2,99.0,100.0,PG,1,16,"media tycoon, florida, art collector, newspaper, capitalist, journalist, sleigh, banker, american dream, failure",8.2548,69.2,Yes,8.4072,6/29/2023
Seven Samurai,1954.0,207.0,Akira Kurosawa,Toshirô Mifune,Takashi Shimura,Keiko Tsushima,Action,Drama,,8.6,100.0,98.0,Not Rated,0,5,"martial arts, japan, samurai, sword, peasant, village, looting, rice, fencing, moral ambiguity",8.2542,69.2,Yes,8.4064,2/7/2026
The Game,1997.0,129.0,David Fincher,Michael Douglas,Deborah Kara Unger,Sean Penn,Drama,Mystery,Thriller,7.7,77.0,63.0,R,0,0,"san francisco, california, manipulation, danger of life, puzzle, birthday present, conspiracy thriller",8.2537,64.8,Yes,8.4057,7/10/2023
Oldboy,2003.0,120.0,Park Chan-wook,Choi Min-sik,Yoo Ji-tae,Kang Hye-jeong,Action,Drama,Mystery,8.3,82.0,78.0,R,0,46,"daughter, rage and hate, hostility, transformation, imprisonment, dark comedy, hypnosis, sushi restaurant, notebook, time",8.2531,69.2,Yes,8.4048,2/7/2026
Sorcerer,1977.0,121.0,William Friedkin,Roy Scheider,Bruno Cremer,Francisco Rabal,Adventure,Drama,Thriller,7.7,84.0,68.0,PG,0,0,"life and death, new jersey, paris, france, based on novel or book, central and south america, explosive, dynamite, car journey, jerusalem, cynicism",8.2528,64.8,Yes,8.4044,5/11/2026
The Aviator,2004.0,170.0,Martin Scorsese,Leonardo DiCaprio,Cate Blanchett,Kate Beckinsale,Biography,Drama,,7.5,86.0,77.0,PG-13,5,89,"ladykiller, pilot, biography, based on true story, womanizer, phobia, aviation, period drama, u.s. congress, flying boat",8.2451,69.1,Yes,8.4037,2/23/2023
Bloodsport,1988.0,92.0,Newt Arnold,Jean-Claude Van Damme,Donald Gibb,Leah Ayres,Action,Drama,Sport,6.8,50.0,29.0,R,0,0,"martial arts, sports, biography, fistfight, sensei, mixed martial arts (mma), hong kong, tournament, underground fighting, walled city",8.2308,64.4,Yes,8.4032,6/2/2023
Real Steel,2011.0,127.0,Shawn Levy,Hugh Jackman,Evangeline Lilly,Dakota Goyo,Action,Drama,Sci-Fi,7.1,60.0,56.0,PG-13,0,2,"future, sports, parent child relationship, fight, robot, prizefight, father son reunion, robot fighting, vibrant, 2020s",8.2158,64.2,Yes,8.4011,2/1/2026
Marvin's Room,1996.0,98.0,Jerry Zaks,Meryl Streep,Leonardo DiCaprio,Diane Keaton,Drama,,,6.7,83.0,67.0,PG-13,0,4,"florida, sibling relationship, based on play or musical, sister, leukemia, reunion, cancer, bone marrow transplant, estranged sister",8.2027,68.5,Yes,8.4004,1/9/2026
Fargo,1996.0,98.0,Joel Coen,William H. Macy,Frances McDormand,Steve Buscemi,Crime,Drama,Thriller,8.1,94.0,88.0,R,2,84,"salesclerk, unsociability, police, cheating, ransom, winter, kidnapping, minnesota, dark comedy, north dakota",8.2015,64.0,Yes,8.398,7/1/2022
Monty Python's Life of Brian,1979.0,94.0,Terry Jones,Graham Chapman,John Cleese,Michael Palin,Comedy,,,8.0,96.0,77.0,R,0,0,"roman empire, jewry, three kings, crucifixion, bethlehem, independence movement, satire, parody, religion, sermon on the mount",8.2012,64.0,Yes,8.3975,7/10/2023
Midway,2019.0,138.0,Roland Emmerich,Ed Skrein,Patrick Wilson,Woody Harrelson,Action,Drama,History,6.7,42.0,47.0,PG-13,0,0,"world war ii, u.s. navy, based on true story, battle of midway, pacific war, historical fiction, pacific theater, naval warfare, 1940s",8.2009,64.0,Yes,8.3969,3/2/2025
Weekend at Bernie's,1989.0,97.0,Ted Kotcheff,Andrew McCarthy,Jonathan Silverman,Catherine Mary Stewart,Adventure,Comedy,Crime,6.4,52.0,32.0,PG-13,0,0,"beach, boss, bad boss, mission of murder, house, male corpse, mischievous, hilarious, bewildered",8.2003,64.0,Yes,8.3963,6/29/2023
Spy,2015.0,120.0,Paul Feig,Jude Law,Raad Rawi,Melissa McCarthy,Action,Comedy,,7.0,94.0,75.0,R,0,6,"central intelligence agency (cia), budapest, hungary, paris, france, undercover agent, rome, italy, spy, arms dealer, bulgaria, nuclear bomb, female spy",8.1997,68.4,Yes,8.3958,2/7/2026
The Bad News Bears,1976.0,102.0,Michael Ritchie,Walter Matthau,Tatum O'Neal,Vic Morrow,Comedy,Drama,Family,7.3,97.0,84.0,PG,0,1,"underdog, california, sports, baseball, coach, alcoholic, baseball player, alcoholic father, little league, father daughter reunion",8.1992,68.4,Yes,8.3957,6/29/2022
We Bought a Zoo,2011.0,124.0,Cameron Crowe,Matt Damon,Scarlett Johansson,Thomas Haden Church,Comedy,Drama,Family,7.0,64.0,58.0,PG,0,1,"countryside, rain, zoo, based on true story, love, based on memoir or autobiography, animals, hard work, blocked road, zoo animals",8.1986,68.4,Yes,8.3953,8/24/2025
Meet Joe Black,1998.0,178.0,Martin Brest,Brad Pitt,Anthony Hopkins,Claire Forlani,Drama,Fantasy,Romance,7.2,48.0,43.0,PG-13,0,3,"life and death, broken engagement, love at first sight, fireworks, religion and supernatural, based on play or musical, fate, teenage crush, grim reaper, doctor",8.1983,68.4,Yes,8.3946,2/1/2026
Knives Out,2019.0,130.0,Rian Johnson,Daniel Craig,Chris Evans,Ana de Armas,Comedy,Crime,Drama,7.9,97.0,82.0,PG-13,0,52,"immigrant, detective, massachusetts, investigation, big family, mansion, whodunit, family home, murder mystery, neo-noir",8.1978,68.4,Yes,8.3937,1/10/2026
The Instigators,2024.0,101.0,Doug Liman,Matt Damon,Casey Affleck,Hong Chau,Action,Comedy,Crime,6.2,41.0,48.0,R,0,0,"therapist, boston, massachusetts, sarcasm, crime boss, father, on the run, ex-marine, corrupt politician, ex-con, city hall",8.1976,68.4,Yes,8.3932,5/11/2026
King of New York,1990.0,103.0,Abel Ferrara,Christopher Walken,David Caruso,Laurence Fishburne,Crime,Thriller,,6.9,74.0,66.0,R,0,1,"new york city, gangster, release from prison, hope, cocaine, murder, dirty cop, drug lord, religious statue, aspirin",8.1968,68.4,Yes,8.3918,2/7/2026
The Last Samurai,2003.0,154.0,Edward Zwick,Tom Cruise,Ken Watanabe,Billy Connolly,Action,Drama,,7.8,65.0,55.0,R,0,20,"japan, samurai, swordplay, general, sense of guilt, war veteran, sword, war crimes, loss of loved one, self-discovery",8.196,68.4,Yes,8.3906,5/19/2023
The Wrestler,2008.0,109.0,Darren Aronofsky,Mickey Rourke,Marisa Tomei,Evan Rachel Wood,Drama,Sport,,7.9,99.0,80.0,R,0,58,"daughter, new jersey, supermarket, heart attack, redemption, ambition, barbed wire, stripper, steroids, fame",8.1958,68.4,Yes,8.3905,2/1/2026
Field of Dreams,1989.0,107.0,Phil Alden Robinson,Kevin Costner,James Earl Jones,Ray Liotta,Drama,Family,Fantasy,7.5,88.0,57.0,PG,0,9,"farm, regret, based on novel or book, sports, baseball, iowa, miracle, road trip, author, doctor",8.1904,68.3,Yes,8.39,3/3/2025
How to Make a Killing,2026.0,105.0,John Patton Ford,Glen Powell,Margaret Qualley,Jessica Henwick,Comedy,Drama,Thriller,6.5,,49.0,R,0,0,"manipulation, dark comedy, deception, family secrets, remake, killing spree, family power struggle, disowned, revenge thriller, family fortune",8.1758,63.7,Yes,8.389,1/17/2026
Let's Be Cops,2014.0,104.0,Luke Greenfield,Jake Johnson,Damon Wayans Jr.,Rob Riggle,Action,Comedy,Crime,6.4,18.0,30.0,R,0,0,"robbery, corruption, police, kidnapping, nightclub, investigation, affectation, male friendship, flashback, murder",8.1611,67.9,Yes,8.3878,3/22/2025
Forgetting Sarah Marshall,2008.0,111.0,Nicholas Stoller,Kristen Bell,Jason Segel,Paul Rudd,Comedy,Drama,Romance,7.1,84.0,67.0,R,0,4,"rock star, ex-girlfriend, hawaii, beauty, vacation, one-night stand, celebrity, break-up, dumped",8.1469,67.7,Yes,8.3877,7/6/2022
Can You Ever Forgive Me?,2018.0,106.0,Marielle Heller,Melissa McCarthy,Richard E. Grant,Dolly Wells,Biography,Comedy,Crime,7.1,98.0,87.0,R,0,54,"new york city, based on novel or book, cat, biography, based on true story, author, alcoholic, woman director, curious, forgery",8.1455,67.6,Yes,8.3872,5/22/2026
The Devil's Advocate,1997.0,144.0,Taylor Hackford,Keanu Reeves,Al Pacino,Charlize Theron,Drama,Fantasy,Mystery,7.5,65.0,60.0,R,0,2,"child abuse, southern usa, marriage crisis, obsession, bible, seduction, hallucination, devil's son, ambition, pact with the devil",8.1453,67.6,Yes,8.3872,7/4/2023
City Lights,1931.0,87.0,Charles Chaplin,Charles Chaplin,Virginia Cherrill,Florence Lee,Comedy,Drama,Romance,8.5,95.0,99.0,G,0,6,"blindness and impaired vision, eye operation, operation, love of one's life, suicide attempt, flower shop, flower girl, tramp, love, black and white",8.1451,63.2,Yes,8.387,5/7/2026
True Romance,1993.0,119.0,Tony Scott,Christian Slater,Patricia Arquette,Dennis Hopper,Crime,Drama,Romance,7.9,93.0,59.0,R,0,1,"hotel, parent child relationship, movie business, detective, mexican standoff, pimp, cocaine, ex-cop, love, murder",8.1445,63.2,Yes,8.3862,2/1/2026
The Curious Case of Benjamin Button,2008.0,166.0,David Fincher,Brad Pitt,Cate Blanchett,Tilda Swinton,Drama,Fantasy,Romance,7.8,72.0,70.0,PG-13,3,85,"new york city, navy, funeral, boat, diary, tea, great depression, travel, hospital, historical fiction",8.1443,67.6,Yes,8.3861,2/1/2026
Demolition,2015.0,101.0,Jean-Marc Vallée,Jake Gyllenhaal,Naomi Watts,Chris Cooper,Comedy,Drama,,7.0,53.0,49.0,R,0,1,"infidelity, new york city, loss of loved one, pregnancy, dark comedy, carousel , father-in-law, car crash, pot smoking, grieving widower",8.1439,67.6,Yes,8.3854,7/10/2023
8 Mile,2002.0,110.0,Curtis Hanson,Eminem,Brittany Murphy,Kim Basinger,Drama,Music,,7.2,76.0,77.0,R,1,17,"individual, adolescence, rap music, hip-hop, rhyme battle, trailer park, street gang, ethnic stereotype, rapper, ghetto",8.1436,67.6,Yes,8.3852,12/31/2022
Eephus,2024.0,99.0,Carson Lund,Keith William Richards,Bill Lee,Wayne Diamond,Comedy,Drama,Sport,6.7,100.0,84.0,Unrated,0,4,"sports, baseball, massachusetts, male friendship, new england, baseball field, amateur sports, 1990s, baseball game, afternoon",8.1434,63.2,Yes,8.3847,5/6/2026
The Cincinnati Kid,1965.0,102.0,Norman Jewison,Steve McQueen,Ann-Margret,Edward G. Robinson,Drama,,,7.2,86.0,67.0,TV-14,0,1,"poker, gambling, new orleans, louisiana, metrocolor",8.1431,67.6,Yes,8.3842,6/27/2024
Children of Men,2006.0,109.0,Alfonso Cuarón,Juan Gabriel Yacuzzi,Mishal Husain,Rob Curling,Drama,Sci-Fi,Thriller,7.9,92.0,84.0,R,0,49,"future, government, police state, based on novel or book, hippie, england, faith, chaos, refugee camp, rebel",8.1428,67.6,Yes,8.3836,5/7/2026
Modern Times,1936.0,87.0,Charles Chaplin,Charles Chaplin,Paulette Goddard,Henry Bergman,Comedy,Drama,Romance,8.5,98.0,96.0,G,0,6,"factory, ambulance, invention, mental breakdown, tramp, great depression, industrial revolution, slapstick comedy, automation, jail",8.1425,67.6,Yes,8.3832,5/7/2026
Love Actually,2003.0,135.0,Richard Curtis,Hugh Grant,Martine McCutcheon,Liam Neeson,Comedy,Drama,Romance,7.5,65.0,55.0,R,0,11,"london, england, usa president, rock star, school performance, love at first sight, holiday, war on terror, marseille, france, office, christmas party",8.1423,67.6,Yes,8.3831,12/26/2025
California Split,1974.0,108.0,Robert Altman,George Segal,Elliott Gould,Ann Prentiss,Comedy,Drama,,7.1,87.0,85.0,R,0,0,"friendship, casino, poker, gambling, fight, gambling debt, roulette, broken nose, stripper, racetrack",8.1416,63.2,Yes,8.3819,2/7/2026
This Is England,2006.0,101.0,Shane Meadows,Thomas Turgoose,Stephen Graham,Jo Hartley,Crime,Drama,,7.7,93.0,86.0,Not Rated,0,14,"skinhead, england, vandalism, drugs, falklands war, xenophobia, 1980s",8.1373,67.5,Yes,8.3791,7/10/2023
The Machinist,2004.0,101.0,Brad Anderson,Christian Bale,Jennifer Jason Leigh,Aitana Sánchez-Gijón,Drama,Thriller,,7.6,77.0,61.0,R,0,7,"factory, insomnia, post it, machinist, osha, taunting, manhole, one armed man, torment, mother's day",8.1231,67.3,Yes,8.3787,7/10/2023
Life Is Beautiful,1997.0,116.0,Roberto Benigni,Roberto Benigni,Nicoletta Braschi,Giorgio Cantarini,Comedy,Drama,Romance,8.6,80.0,58.0,PG-13,3,72,"dying and death, bookshop, love of one's life, nazi, self sacrifice, loss of loved one, italy, riddle, mass murder, concentration camp",8.1088,67.1,Yes,8.3781,6/16/2024
Chef,2014.0,114.0,Jon Favreau,Jon Favreau,Robert Downey Jr.,Scarlett Johansson,Adventure,Comedy,Drama,7.3,87.0,68.0,R,0,2,"parent child relationship, affectation, restaurant owner, road trip, food, chef, ex-husband ex-wife relationship, semi autobiographical, twitter, social media",8.0946,66.9,Yes,8.3777,7/6/2025
Long Shot,2019.0,125.0,Jonathan Levine,Charlize Theron,Seth Rogen,June Diane Raphael,Comedy,Romance,,6.8,82.0,67.0,R,0,5,"journalist, usa president, strong woman, tattoo, politics, babysitter, ejaculation, class differences, drugs, political campaign",8.0913,66.8,Yes,8.3777,6/29/2022
What's Eating Gilbert Grape,1993.0,118.0,Lasse Hallström,Johnny Depp,Leonardo DiCaprio,Juliette Lewis,Drama,,,7.7,90.0,73.0,PG-13,0,8,"mentally disabled, sibling relationship, based on novel or book, widow, iowa, dysfunctional family, obesity, single mother, grocery store, mentally handicapped child",8.0909,66.8,Yes,8.3773,2/7/2026
The Riders,2009.0,122.0,Edward Berger,Brad Pitt,,,Drama,,,,,,,0,0,"australian man, missing wife, traveling europe",8.0907,62.4,Yes,8.3772,3/19/2026
Hot Rod,2007.0,88.0,Akiva Schaffer,Andy Samberg,Jorma Taccone,Bill Hader,Comedy,Sport,,6.7,39.0,43.0,PG-13,0,1,"stunt, stuntman, stepfather, stepbrother, slacker, moped, man child, group of friends, fundraising, aftercreditsstinger",8.0901,62.4,Yes,8.3763,5/23/2026
Mulholland Drive,2001.0,147.0,David Lynch,Naomi Watts,Laura Harring,Justin Theroux,Drama,Mystery,Thriller,7.9,84.0,87.0,R,0,50,"amnesia, loss of sense of reality, schizophrenia, nightmare, hitman, suppressed past, identity, key, detective, job interview",8.089,66.8,Yes,8.3744,7/10/2023
The Dark Knight,2008.0,152.0,Christopher Nolan,Christian Bale,Heath Ledger,Aaron Eckhart,Crime,Thriller,,9.1,94.0,85.0,PG-13,2,163,"sadism, chaos, secret identity, crime fighter, superhero, anti hero, scarecrow, based on comic, vigilante, organized crime",8.0887,62.4,Yes,8.3741,12/29/2025
Logan Lucky,2017.0,118.0,Steven Soderbergh,Channing Tatum,Adam Driver,Daniel Craig,Action,Comedy,Crime,7.0,92.0,78.0,PG-13,0,2,"sibling relationship, north carolina, cockroach, heist, race car driver, nascar, prison break",8.0883,62.4,Yes,8.3736,2/7/2026
Creed,2015.0,133.0,Ryan Coogler,Michael B. Jordan,Sylvester Stallone,Tessa Thompson,Action,Drama,Sport,7.6,95.0,82.0,PG-13,0,45,"underdog, mexico, philadelphia, pennsylvania, sports, mentor, trainer, cancer, spin off, underground fighting, boxing trainer",8.0878,62.4,Yes,8.3729,7/26/2022
Spaceballs,1987.0,96.0,Mel Brooks,Mel Brooks,John Candy,Rick Moranis,Adventure,Comedy,Sci-Fi,7.1,52.0,46.0,PG,0,1,"galaxy, android, space marine, laser gun, temple, swordplay, space battle, space travel, space mission, satire",8.0875,62.4,Yes,8.3725,1/13/2026
Bad Boys,1995.0,119.0,Michael Bay,Will Smith,Martin Lawrence,Lisa Boyle,Action,Comedy,Crime,6.8,46.0,41.0,R,0,1,"miami, florida, mexican standoff, male friendship, witness protection, stripper, car crash, strip club, internal affairs, police corruption, gunfight",8.0871,66.8,Yes,8.372,2/23/2023
Shooting Stars,2023.0,116.0,Chris Robinson,Marquis Mookie Cook,Wood Harris,Caleb McLaughlin,Drama,Sport,,6.5,54.0,62.0,PG-13,0,4,"sports, basketball, high school sports, basketball player, 1990s, star",8.0862,66.8,Yes,8.3706,3/7/2024
The Bucket List,2007.0,97.0,Rob Reiner,Jack Nicholson,Morgan Freeman,Sean Hayes,Adventure,Comedy,Drama,7.3,40.0,42.0,PG-13,0,3,"dying and death, friendship, husband wife relationship, himalaya mountain range, parent child relationship, brain tumor, africa, journey around the world, sense of life, safari",8.086,66.8,Yes,8.3704,5/23/2023
The Peanut Butter Falcon,2019.0,97.0,Tyler Nilson,Zack Gottsagen,Ann Pierce,Dakota Johnson,Adventure,Comedy,Drama,7.6,95.0,70.0,PG-13,0,21,"escape, runaway, wrestling, down syndrome, on the run, wrestling coach, raft, nursing home, disability, dream come true",8.0854,62.4,Yes,8.3694,11/26/2024
School Ties,1992.0,106.0,Robert Mandel,Brendan Fraser,Matt Damon,Chris O'Donnell,Drama,,,6.9,60.0,65.0,PG-13,0,0,"scholarship, sports, massachusetts, coming of age, judaism, antisemitism, preparatory school, 1950s",8.0842,66.7,Yes,8.3684,5/29/2023
Gran Torino,2008.0,116.0,Clint Eastwood,Clint Eastwood,Bee Vang,Christopher Carley,Drama,,,8.1,81.0,73.0,R,0,21,"rape, war veteran, gangster, immigration, racist, old man, priest, gang, detroit, michigan, widower",8.0693,66.5,Yes,8.3665,2/7/2026
Alien,1979.0,117.0,Ridley Scott,Sigourney Weaver,Tom Skerritt,John Hurt,Horror,Sci-Fi,,8.5,93.0,89.0,R,1,19,"android, spacecraft, space marine, biology, dystopia, countdown, space suit, beheading, space travel, cowardice",8.0552,66.3,Yes,8.3664,5/7/2026
Rocky Balboa,2006.0,102.0,Sylvester Stallone,Sylvester Stallone,Antonio Tarver,Milo Ventimiglia,Drama,Sport,,7.1,78.0,63.0,PG,0,0,"philadelphia, pennsylvania, transporter, love of one's life, fight, tombstone, publicity, boxer, comeback, defeat, training",8.0406,66.1,Yes,8.3651,2/7/2026
Network,1976.0,121.0,Sidney Lumet,Faye Dunaway,William Holden,Peter Finch,Drama,,,8.1,91.0,83.0,R,4,20,"adultery, new york city, corruption, profit, satire, tv ratings, murder, corporate, reporter, co-workers relationship",8.0346,66.0,Yes,8.3644,5/22/2026
Friends with Benefits,2011.0,109.0,Will Gluck,Mila Kunis,Justin Timberlake,Patricia Clarkson,Comedy,Romance,,6.5,69.0,63.0,R,0,1,"new york city, friendship, job interview, dementia, alzheimer's disease, love, friends, break-up, lust, beach house",8.033,61.6,Yes,8.3615,5/19/2023
Monty Python and the Holy Grail,1975.0,91.0,Terry Gilliam,Graham Chapman,John Cleese,Eric Idle,Adventure,Comedy,Fantasy,8.1,92.0,91.0,PG,0,2,"holy grail, swordplay, england, monk, wedding reception, scotland yard, animal attack, camelot, round table, chapter",8.0319,61.6,Yes,8.3596,7/10/2023
Wolfs,2024.0,108.0,Jon Watts,George Clooney,Brad Pitt,Amy Ryan,Action,Comedy,Crime,6.5,66.0,60.0,R,0,1,"hotel room, dark comedy, lone wolf, drugs, buddy comedy, duringcreditsstinger, fixer, drug kingpin",8.0312,66.0,Yes,8.3584,1/18/2026
Klaus,2019.0,96.0,Sergio Pablos,Jason Schwartzman,J.K. Simmons,Rashida Jones,Animation,Adventure,Comedy,8.2,95.0,65.0,PG,0,11,"friendship, small town, island, holiday, santa claus, cartoon, letter, postman, reindeer, toy maker",8.0307,61.6,Yes,8.3578,12/30/2025
Blow Out,1981.0,108.0,Brian De Palma,John Travolta,Nancy Allen,John Lithgow,Crime,Drama,Mystery,7.4,88.0,86.0,R,0,0,"philadelphia, pennsylvania, hitman, presidential election, politics, audio tape, paranoia, faithlessness, yell, conspiracy, tape recorder",8.0304,64.0,Yes,8.3574,10/23/2023
The Man with the Iron Heart,2017.0,120.0,Cédric Jimenez,Jason Clarke,Rosamund Pike,Jack O'Connell,Action,Biography,Thriller,6.4,67.0,,R,0,0,"assassination, based on novel or book, nazi, world war ii, operation anthropoid, czech history, assassination of reinhard heydrich (1942)",8.03,61.6,Yes,8.3569,6/12/2023
Man on Fire,2004.0,146.0,Tony Scott,Denzel Washington,Christopher Walken,Dakota Fanning,Action,Crime,Drama,7.7,39.0,47.0,R,0,1,"mexico, mexico city, mexico, based on novel or book, kidnapping, bodyguard, diary, bible, remake, stuffed animal, revenge",8.0295,66.0,Yes,8.3561,6/12/2023
The Karate Kid Part II,1986.0,113.0,John G. Avildsen,Pat Morita,Ralph Macchio,Pat E. Johnson,Action,Family,Sport,6.2,49.0,55.0,PG,0,4,"underdog, martial arts, japan, sports, death of father, okinawa, sequel, feud, revenge, teen movie",8.0293,66.0,Yes,8.356,2/7/2026
Free Solo,2018.0,100.0,Jimmy Chin,Alex Honnold,Tommy Caldwell,Jimmy Chin,Documentary,Adventure,Sport,8.1,97.0,83.0,PG-13,1,31,"california, extreme sports, mountain, yosemite, mountain climbing, woman director, free climbing, rock climbing, el capitan, solo climbing",8.0288,61.5,Yes,8.3553,2/1/2026
Big,1988.0,104.0,Penny Marshall,Tom Hanks,Elizabeth Perkins,Robert Loggia,Comedy,Drama,Fantasy,7.3,98.0,73.0,PG,0,11,"baseball, coming of age, best friend, co-workers relationship, body-swap, magic realism, bronx, new york city, nostalgic, pinball machine, toy maker",8.0285,65.9,Yes,8.355,2/7/2026
Payback,1999.0,100.0,Brian Helgeland,Mel Gibson,Gregg Henry,Maria Bello,Action,Crime,Drama,7.0,56.0,46.0,R,0,2,"hotel, new york city, prostitute, robbery, based on novel or book, heroin, anti hero, greed, money, revenge",8.028,65.9,Yes,8.3544,2/1/2026
The Holiday,2006.0,136.0,Nancy Meyers,Kate Winslet,Cameron Diaz,Jude Law,Comedy,Romance,,7.0,51.0,52.0,PG-13,0,2,"london, england, holiday, movie business, christmas party, country house, vacation, surrey, romance, los angeles, california, multiple storylines",8.0274,65.9,Yes,8.3534,12/24/2025
Police Story 3: Supercop,1992.0,91.0,Stanley Tong,Jackie Chan,Michelle Yeoh,Maggie Cheung,Action,Comedy,Crime,7.0,93.0,,R,0,2,"martial arts, china, police, thailand, prison escape, malaysia, hong kong, female martial artist, illegal drugs, stunt master",8.0264,65.9,Yes,8.3518,8/7/2023
Stuck on You,2003.0,118.0,Bobby Farrelly,Matt Damon,Greg Kinnear,Eva Mendes,Comedy,,,5.8,,62.0,PG-13,0,0,"martial arts, dancer, stripper, celebrity, flashback, bully, crude humor, hollywood, los angeles, california, twins",8.0124,61.3,Yes,8.3484,5/11/2026
Back to the Future Part III,1990.0,118.0,Robert Zemeckis,Michael J. Fox,Christopher Lloyd,Mary Steenburgen,Adventure,Comedy,Sci-Fi,7.5,79.0,55.0,PG,0,5,"california, saloon, sports car, inventor, horseback riding, indian territory, locomotive, time travel, native american, mad scientist",7.9982,65.5,No,8.3479,2/1/2026
Jack Reacher,2012.0,130.0,Christopher McQuarrie,Tom Cruise,Rosamund Pike,Richard Jenkins,Action,Thriller,,7.0,64.0,50.0,PG-13,0,1,"sniper, coma, based on novel or book, detective, investigation, police chase, investigator, district attorney, defense attorney, military police",7.9836,60.9,No,8.3465,6/26/2023
The Legend of Bagger Vance,2000.0,126.0,Robert Redford,Will Smith,Matt Damon,Charlize Theron,Drama,Sport,,6.7,43.0,47.0,PG-13,0,2,"based on novel or book, sports, heart attack, world war i, competition, golf, great depression, alcoholism, caddy, 1930s",7.9745,65.2,No,8.3441,12/23/2025
Singin' in the Rain,1952.0,103.0,Stanley Donen,Gene Kelly,Donald O&apos;Connor,Debbie Reynolds,Comedy,Musical,Romance,8.3,100.0,99.0,G,0,11,"fan, musical, partner, film in film, hollywood, broadway, dancing in the street, audience, chorus girl, diction coach",7.974,60.7,No,8.3433,5/11/2026
Batman Begins,2005.0,140.0,Christopher Nolan,Christian Bale,Michael Caine,Ken Watanabe,Crime,Thriller,,8.2,85.0,70.0,PG-13,0,15,"martial arts, undercover, loss of loved one, secret identity, crime fighter, superhero, based on comic, rivalry, ninja, vigilante",7.9733,65.1,No,8.3424,2/1/2026
Broken City,2013.0,109.0,Allen Hughes,Mark Wahlberg,Russell Crowe,Catherine Zeta-Jones,Action,Crime,Drama,6.1,26.0,49.0,R,0,1,"politics, mayor, investigation, ex-cop, revenge, double crossed, private detective",7.973,65.1,No,8.3421,2/7/2026
The Karate Kid,1984.0,126.0,John G. Avildsen,Ralph Macchio,Pat Morita,Elisabeth Shue,Action,Drama,Family,7.3,81.0,61.0,PG,0,6,"high school, friendship, martial arts, fight, painting, karate, bullying, sensei, bully, teen movie",7.9721,65.1,No,8.3405,6/29/2022
The Matrix,1999.0,136.0,Lana Wachowski,Keanu Reeves,Laurence Fishburne,Carrie-Anne Moss,Action,Sci-Fi,,8.7,83.0,73.0,R,4,42,"man vs machine, martial arts, kung fu, dreams, fortune teller, artificial intelligence (a.i.), saving the world, hacker, self sacrifice, virtual reality",7.9713,60.7,No,8.3392,6/10/2022
The Monuments Men,2014.0,118.0,George Clooney,George Clooney,Matt Damon,Bill Murray,Biography,Comedy,Drama,6.1,30.0,52.0,PG-13,0,3,"nazi, world war ii, based on true story, art theft, post world war ii",7.971,65.1,No,8.339,5/8/2025
The Secret Life of Walter Mitty,2013.0,114.0,Ben Stiller,Ben Stiller,Kristen Wiig,Jon Daly,Adventure,Comedy,Drama,7.3,52.0,54.0,PG,0,5,"himalaya mountain range, photographer, iceland, daydream, magazine, photograph, shark, fired from the job, dreamer, online dating",7.9706,65.1,No,8.3384,2/1/2026
American Gangster,2007.0,157.0,Ridley Scott,Denzel Washington,Russell Crowe,Chiwetel Ejiofor,Biography,Crime,Drama,7.8,81.0,76.0,R,0,12,"new york city, vietnam, drug smuggling, society, gangster, drug trafficking, heroin, junkie, ghetto, nightclub",7.9702,65.1,No,8.3378,5/24/2023
Dirty Dancing,1987.0,100.0,Emile Ardolino,Patrick Swayze,Jennifer Grey,Jerry Orbach,Drama,Music,Romance,7.1,72.0,65.0,PG-13,1,15,"hotel, daughter, dancing, secret love, robbery, sibling relationship, summer camp, dancing master, mambo, dance performance",7.9697,65.1,No,8.3371,2/1/2026
Sunshine,2007.0,107.0,Danny Boyle,Cillian Murphy,Rose Byrne,Chris Evans,Sci-Fi,Thriller,,7.2,77.0,64.0,R,0,1,"space marine, saving the world, bomb, sun, space suit, sunlight, space travel, space mission, earth, solar energy",7.9682,60.7,No,8.3345,5/7/2026
Before Sunset,2004.0,80.0,Richard Linklater,Ethan Hawke,Julie Delpy,Vernon Dobtcheff,Drama,Romance,,8.1,94.0,91.0,R,0,10,"journalist, talking, soulmates, walking, paris, france, bookshop, love of one's life, author, semi autobiographical, romantic",7.9679,65.1,No,8.3341,5/6/2026
The Italian Job,2003.0,111.0,F. Gary Gray,Donald Sutherland,Mark Wahlberg,Edward Norton,Action,Crime,Thriller,7.0,72.0,68.0,PG-13,0,7,"gold, california, helicopter, hacker, venice, italy, chase, subway, master thief, safe, heist",7.9666,65.1,No,8.3319,2/7/2026
About Time,2013.0,123.0,Richard Curtis,Domhnall Gleeson,Rachel McAdams,Bill Nighy,Comedy,Drama,Fantasy,7.8,71.0,55.0,R,0,3,"london, england, soulmates, parent child relationship, time travel, family secrets, cornwall, england, family, second chance, thoughtful, time-manipulation",7.9635,65.0,No,8.3259,2/1/2026
Old,2021.0,108.0,M. Night Shyamalan,Gael García Bernal,Vicky Krieps,Rufus Sewell,Drama,Mystery,Thriller,5.8,50.0,55.0,PG-13,0,1,"beach, husband wife relationship, schizophrenia, escape, time warp, rapper, coral reef, deception, time, aging",7.9533,60.4,No,8.3256,8/25/2024
Overlord,2018.0,110.0,Julius Avery,Jovan Adepo,Wyatt Russell,Mathilde Ollivier,Action,Horror,Sci-Fi,6.6,82.0,60.0,R,0,2,"france, nazi, village, world war ii, normandy, france, d-day, laboratory, explosion, behind enemy lines, paratrooper",7.9389,60.2,No,8.3247,5/4/2025
Wet Hot American Summer,2001.0,97.0,David Wain,Janeane Garofalo,David Hyde Pierce,Michael Showalter,Comedy,Romance,,6.5,39.0,42.0,R,0,0,"adolescence, summer camp",7.9233,60.0,No,8.3215,2/10/2025
The Longest Yard,2005.0,113.0,Peter Segal,Adam Sandler,Burt Reynolds,Chris Rock,Comedy,Crime,Sport,6.4,31.0,48.0,PG-13,0,3,"prison, corruption, prisoner, smuggling (contraband), sports, american football, blackmail, american football coach, texas, san diego, california",7.9131,64.3,No,8.3214,5/19/2023
Batman,1989.0,126.0,Tim Burton,Michael Keaton,Jack Nicholson,Kim Basinger,Crime,,,7.5,77.0,69.0,PG-13,1,13,"dual identity, double life, chemical, crime fighter, superhero, villain, based on comic, vigilante, mobster, organized crime",7.913,64.3,No,8.3214,2/1/2026
All the Right Moves,1983.0,91.0,Michael Chapman,Tom Cruise,Lea Thompson,Craig T. Nelson,Drama,Romance,Sport,6.0,61.0,62.0,R,0,0,"high school, friendship, sports, american football, classroom, cheerleader, college, saxophone, ambition, affection",7.9127,59.9,No,8.321,5/20/2023
Cocktail,1988.0,104.0,Roger Donaldson,Tom Cruise,Bryan Brown,Elisabeth Shue,Comedy,Drama,Romance,6.0,9.0,12.0,R,0,5,"new york city, jamaica, night life, bartender, ambition, rags to riches, cocktail",7.9124,64.3,No,8.3207,6/29/2022
Unforgiven,1992.0,130.0,Clint Eastwood,Clint Eastwood,Gene Hackman,Morgan Freeman,Drama,Western,,8.2,96.0,85.0,R,4,52,"prostitute, sheriff, right and justice, regret, wyoming, usa, kansas, usa, revenge, mutilation, one last job, reputation",7.9122,64.3,No,8.3206,7/4/2023
Lions for Lambs,2007.0,92.0,Robert Redford,Tom Cruise,Meryl Streep,Robert Redford,Crime,Drama,Mystery,6.2,28.0,47.0,R,0,0,"future, journalist, propaganda, war on terror, externally controlled action, manipulation, manipulation of the media, afghanistan, political negotiations, past",7.9115,59.8,No,8.3196,2/3/2024
Back to the Future Part II,1989.0,108.0,Robert Zemeckis,Michael J. Fox,Christopher Lloyd,Lea Thompson,Adventure,Comedy,Sci-Fi,7.8,63.0,57.0,PG,0,9,"flying car, skateboarding, car race, lightning, guitar, inventor, time travel, diner, car crash, sequel",7.9113,64.3,No,8.3194,2/1/2026
The Devil Wears Prada,2006.0,109.0,David Frankel,Anne Hathaway,Meryl Streep,Adrian Grenier,Comedy,Drama,,7.0,75.0,62.0,PG-13,0,21,"new york city, journalist, paris, france, based on novel or book, journalism, fashion journal, assistant, job entrant, job interview, editor-in-chief",7.911,59.8,No,8.319,2/7/2026
10 Things I Hate About You,1999.0,97.0,Gil Junger,Heath Ledger,Julia Stiles,Joseph Gordon-Levitt,Comedy,Drama,Romance,7.4,72.0,70.0,PG-13,0,2,"high school, seattle, washington, deception, based on play or musical, coming of age, teen movie, shrew, teen comedy, valentine's day, opposites attract",7.9104,59.8,No,8.3181,2/1/2026
Southpaw,2015.0,124.0,Antoine Fuqua,Jake Gyllenhaal,Rachel McAdams,Oona Laurence,Action,Drama,Sport,7.3,59.0,57.0,R,0,0,"sports, fighter, tragedy, death, boxing, box ring, father daughter relationship",7.91,64.2,No,8.3177,2/1/2026
White Men Can't Jump,2023.0,101.0,Calmatic,Sinqua Walls,Jack Harlow,Lance Reddick,Comedy,Drama,Sport,5.2,26.0,40.0,R,0,0,"male friendship, basketball, streetball, los angeles, california, buddy, confidence artist, hustling",7.9087,59.8,No,8.3154,2/7/2026
Shade,2003.0,101.0,Damian Nieman,Joe Nicolo,Carl Mazzocone Sr.,George Tovar,Crime,Thriller,,6.3,67.0,40.0,R,0,0,,7.9084,61.4,No,8.3151,6/27/2024
Kingdom of Heaven,2005.0,144.0,Ridley Scott,Orlando Bloom,Eva Green,Liam Neeson,Action,Adventure,Drama,7.3,39.0,63.0,R,0,5,"blacksmith, muslim, crusade, jerusalem, catapult, swordsman, battlefield, knight, religion, epic battle",7.9077,59.8,No,8.314,1/22/2026
Babylon,2022.0,189.0,Damien Chazelle,Brad Pitt,Margot Robbie,Jean Smart,Comedy,Drama,,7.1,57.0,61.0,R,0,45,"elephant, gambling, gambling debt, movie business, orgy, cocaine, champagne, alcoholism, hollywood, alcoholic",7.9074,64.2,No,8.3136,8/3/2023
Due Date,2010.0,95.0,Todd Phillips,Robert Downey Jr.,Zach Galifianakis,Michelle Monaghan,Comedy,Drama,,6.5,39.0,51.0,R,0,0,"highway, slacker, hitchhiker, wallet, sunglasses, rest stop, vicodin, waffle, cheerful",7.8994,59.7,No,8.3132,7/10/2022
Forrest Gump,1994.0,142.0,Robert Zemeckis,Tom Hanks,Robin Wright,Gary Sinise,Drama,Romance,,8.8,75.0,82.0,PG-13,6,51,"new year's eve, vietnam war, vietnam veteran, mentally disabled, friendship, usa president, washington dc, usa, post-traumatic stress disorder (ptsd), waitress, based on novel or book",7.8849,59.2,No,8.3121,2/1/2026
How to Lose a Guy in 10 Days,2003.0,116.0,Donald Petrie,Kate Hudson,Matthew McConaughey,Adam Goldberg,Comedy,Romance,,6.5,42.0,45.0,PG-13,0,1,"bet, new york city, journalist, therapist, advertising expert, romcom, basketball, relationship, advice columnist, blunt",7.8707,59.3,No,8.3117,7/6/2022
The Greatest Showman,2017.0,105.0,Michael Gracey,Hugh Jackman,Michelle Williams,Zac Efron,Biography,Drama,Musical,7.5,56.0,48.0,PG,0,17,"adultery, circus, musical, biography, rags to riches, based on true story, outcast, singing, dreamer, freak show",7.8583,63.5,No,8.3117,2/1/2026
The Replacements,2000.0,118.0,Howard Deutch,Keanu Reeves,Gene Hackman,Brooke Langton,Comedy,Sport,,6.6,41.0,30.0,PG-13,0,0,"strike, sports, american football, coach, misfit, nfl (national football league)",7.8581,59.1,No,8.3115,6/29/2022
Napoleon Dynamite,2004.0,96.0,Jared Hess,Jon Heder,Efren Ramirez,Jon Gries,Comedy,,,7.0,72.0,64.0,PG,0,10,"underdog, high school, sibling relationship, idaho, chat, friends, school dance, social outcast, aftercreditsstinger, socially awkward",7.8574,63.5,No,8.3103,1/10/2026
Miami Vice,2006.0,132.0,Michael Mann,Colin Farrell,Jamie Foxx,Gong Li,Action,Crime,Drama,6.1,47.0,66.0,R,0,1,"florida, miami, florida, undercover, hostage, fbi, vice, remake, drug cartel, drug dealing, police detective",7.8565,59.1,No,8.309,2/1/2026
Eternal Sunshine of the Spotless Mind,2004.0,108.0,Michel Gondry,Jim Carrey,Kate Winslet,Tom Wilkinson,Drama,Romance,Sci-Fi,8.3,93.0,89.0,R,1,73,"new york city, regret, jealousy, deja vu, amnesia, dreams, operation, relationship problems, love, memory",7.8561,59.0,No,8.3084,7/10/2023
The Last of the Mohicans,1992.0,112.0,Michael Mann,Daniel Day-Lewis,Madeleine Stowe,Russell Means,Action,Adventure,Drama,7.6,88.0,76.0,R,1,7,"based on novel or book, love triangle, native american, revenge, interracial relationship, period drama, historical, warfare, colonialism, 18th century",7.8555,63.5,No,8.3076,2/7/2026
Hulk,2003.0,138.0,Ang Lee,Eric Bana,Jennifer Connelly,Sam Elliott,Action,Sci-Fi,,5.7,63.0,54.0,PG-13,0,3,"california, monster, general, mutation, san francisco, california, gun, superhero, dna, transformation, psychology",7.855,59.0,No,8.3067,2/1/2026
Tin Cup,1996.0,135.0,Ron Shelton,Kevin Costner,Rene Russo,Don Johnson,Comedy,Drama,Romance,6.4,73.0,60.0,R,0,0,"love triangle, sports, golf, romantic rivalry, woman between two men, caddy, rivalry, psychologist, driving range, rebellious",7.8547,63.4,No,8.3065,6/23/2023
Mad Dog and Glory,1993.0,97.0,John McNaughton,Robert De Niro,Uma Thurman,Bill Murray,Comedy,Crime,Drama,6.2,79.0,71.0,R,0,0,"police, fistfight, cop, life-saver, singing",7.8538,59.0,No,8.3049,2/7/2026
Raiders of the Lost Ark,1981.0,115.0,Steven Spielberg,Harrison Ford,Karen Allen,Paul Freeman,Adventure,,,8.4,94.0,86.0,PG,4,41,"egypt, treasure, medallion, swastika, saving the world, nepal, himalaya mountain range, cairo, moses, hat",7.8532,59.0,No,8.3041,6/29/2023
The Tank,2025.0,116.0,Dennis Gansel,David Schütter,Laurence Rupp,Leonard Kunz,Action,Drama,Thriller,6.5,,,R,0,0,"world war ii, tank, anti war, 1940s, war trauma, desperation, eastern front, meth, survival instinct, fog of war",7.8525,63.4,No,8.303,1/19/2026
Mean Girls,2004.0,97.0,Mark Waters,Lindsay Lohan,Jonathan Bennett,Rachel McAdams,Comedy,,,7.1,84.0,66.0,PG-13,0,7,"based on novel or book, illinois, female friendship, bullying, coming of age, prom, teenage girl, fish out of water, best friend, math teacher",7.8522,59.0,No,8.3026,2/1/2026
Under Siege,1992.0,103.0,Andrew Davis,Steven Seagal,Gary Busey,Tommy Lee Jones,Action,Thriller,,6.5,83.0,58.0,R,0,3,"martial arts, war ship, mercenary, nuclear missile, u.s. navy, hostage-taking, terrorism, one against many, battleship, action hero",7.8512,63.4,No,8.3009,2/3/2024
The Big Lebowski,1998.0,117.0,Joel Coen,Jeff Bridges,John Goodman,Julianne Moore,Comedy,Crime,,8.1,79.0,71.0,R,0,7,"vietnam veteran, white russian, bowling, carpet, nihilism, heart attack, kidnapping, lsd, marijuana, los angeles, california",7.85,63.4,No,8.2989,2/10/2024
Ace Ventura: Pet Detective,1994.0,86.0,Tom Shadyac,Jim Carrey,Courteney Cox,Sean Young,Comedy,,,6.9,47.0,37.0,PG-13,0,5,"miami, florida, dolphin, detective, human animal relationship, stupidity, mascot, slapstick comedy, animals, private detective, pets",7.8444,63.3,No,8.2987,5/30/2023
Behind Enemy Lines,2001.0,106.0,John Moore,Gene Hackman,Owen Wilson,Gabriel Macht,Action,Drama,Thriller,6.4,36.0,49.0,PG-13,0,1,"sniper, war crimes, bosnia and herzegovina, rescue mission, marine corps, u.s. navy, based on true story, north atlantic treaty organization (nato), naval officer, bosnian war (1992-95)",7.8292,63.1,No,8.2963,5/4/2025
Half Baked,1998.0,82.0,Tamra Davis,Dave Chappelle,Guillermo Diaz,Jim Breuer,Comedy,Crime,,6.6,28.0,16.0,R,0,0,"drug dealer, smoking, roommates, male friendship, slacker, pot smoking, jail, marijuana, drugs, stoner",7.8144,58.4,No,8.2946,6/29/2022
Daredevil,2003.0,103.0,Mark Steven Johnson,Ben Affleck,Jennifer Garner,Colin Farrell,Action,Crime,Drama,5.3,42.0,42.0,PG-13,0,5,"blindness and impaired vision, narration, superhero, based on comic, blind, daredevil, hazardous waste, mob hit, duringcreditsstinger, intense",7.7984,62.6,No,8.2906,2/1/2026
Big Daddy,1999.0,93.0,Dennis Dugan,Adam Sandler,Joey Lauren Adams,Jon Stewart,Comedy,Drama,,6.5,39.0,42.0,PG-13,0,8,"bachelor, vomit, syracuse university, law school, politically incorrect, young boy, wetting pants, public urination, child's point of view, responsibility",7.797,58.2,No,8.2893,7/10/2022
Meet the Parents,2000.0,108.0,Jay Roach,Ben Stiller,Robert De Niro,Teri Polo,Comedy,Romance,,7.0,85.0,73.0,PG-13,0,7,"daughter, central intelligence agency (cia), airplane, airport, nurse, cat, orderly, father-in-law, epistaxis, lost baggage",7.796,58.2,No,8.2876,7/23/2022
Mercy,2026.0,99.0,Timur Bekmambetov,Chris Pratt,Rebecca Ferguson,Kali Reis,Action,Crime,Drama,6.2,,34.0,PG-13,0,0,"race against time, mission, artificial intelligence (a.i.), bomb, kidnapping, cop, los angeles, california, false accusations, innocent suspect, father daughter relationship",7.7959,62.6,No,8.2876,1/17/2026
Ava,2020.0,96.0,Tate Taylor,Jessica Chastain,John Malkovich,Common,Action,Crime,Drama,5.5,18.0,39.0,R,0,0,"assassin, secret organization, murder, female assassin, professional assassin, secret, thriller",7.7946,58.2,No,8.2853,7/8/2023
Ghostbusters,1984.0,105.0,Ivan Reitman,Bill Murray,Dan Aykroyd,Sigourney Weaver,Action,Comedy,Fantasy,7.8,95.0,71.0,PG,0,9,"new york city, environmental protection agency, library, supernatural, paranormal phenomena, loser, slime, gatekeeper, nerd, giant monster",7.7942,58.2,No,8.2849,2/1/2026
True Grit,2010.0,110.0,Ethan Coen,Jeff Bridges,Matt Damon,Hailee Steinfeld,Drama,Western,,7.6,95.0,80.0,PG-13,0,38,"bounty hunter, based on novel or book, father murder, loss of loved one, texas ranger, arkansas, alcoholism, remake, betrayal, eye patch",7.7936,62.6,No,8.2839,2/1/2026
Caddyshack,1980.0,98.0,Harold Ramis,Chevy Chase,Rodney Dangerfield,Bill Murray,Comedy,Sport,,7.2,73.0,48.0,R,0,0,"lightning, sports, competition, underwear, golf, coming of age, class differences, explosion, country club, celebratory",7.7934,58.1,No,8.2838,2/1/2026
Star Wars: Episode V - The Empire Strikes Back,1980.0,124.0,Irvin Kershner,Mark Hamill,Harrison Ford,Carrie Fisher,Adventure,Fantasy,Sci-Fi,8.7,93.0,82.0,PG,1,27,"rebellion, android, spacecraft, asteroid, rebel, space battle, snowstorm, space colony, swamp, sequel",7.793,62.5,No,8.2832,2/7/2026
Made,2001.0,95.0,Jon Favreau,Vince Vaughn,Jon Favreau,Joe Goossen,Comedy,Crime,Drama,6.3,70.0,62.0,R,0,0,"new york city, gangster, money laundering, boxer, male friendship",7.7926,62.5,No,8.2827,2/7/2026
Bottle Rocket,1996.0,91.0,Wes Anderson,Luke Wilson,Owen Wilson,Ned Dowd,Comedy,Crime,Drama,6.9,86.0,67.0,R,0,2,"robbery, sibling relationship, burglar, motel, language barrier, heist, psychiatric hospital, maid, theft, nervous breakdown",7.7917,58.1,No,8.2813,7/7/2023
Creed III,2023.0,116.0,Michael B. Jordan,Michael B. Jordan,Tessa Thompson,Jonathan Majors,Action,Drama,Sport,6.7,89.0,73.0,PG-13,0,2,"husband wife relationship, philadelphia, pennsylvania, sports, deaf, sequel, orphan, former best friend, ex-con, childhood friends, juvenile detention center",7.7914,58.1,No,8.2811,7/26/2022
Batman Returns,1992.0,126.0,Tim Burton,Michael Keaton,Danny DeVito,Michelle Pfeiffer,Action,Crime,Fantasy,7.1,82.0,68.0,PG-13,0,2,"double life, corruption, darkness, crime fighter, superhero, hallucination, villain, christmas tree, based on comic, revenge",7.7903,62.5,No,8.2791,2/1/2026
The Northman,2022.0,137.0,Robert Eggers,Alexander Skarsgård,Nicole Kidman,Claes Bang,Action,Adventure,Drama,7.0,90.0,82.0,R,0,5,"sword, prince, gore, vikings (norsemen), iceland, northern ireland, sword fight, revenge, fate, king",7.789,62.5,No,8.2767,7/10/2023
Murph: The Protector,2013.0,79.0,Scott Mactavish,Michael P. Murphy,Johnny McElhone,Jason Keenan,Documentary,,,6.4,75.0,60.0,PG,0,0,,7.7851,58.0,No,8.2756,8/17/2022
Bad Santa,2003.0,92.0,Terry Zwigoff,Billy Bob Thornton,Bernie Mac,Lauren Graham,Comedy,Crime,Drama,7.0,78.0,70.0,R,0,1,"elves, holiday, department store, christmas party, safe, drink, little people, christmas, hilarious, xmas",7.7702,57.8,No,8.2735,12/22/2023
Act of Valor,2012.0,110.0,Mike McCoy,Alex Veadov,Roselyn Sanchez,Nestor Serrano,Action,Adventure,Thriller,6.4,28.0,40.0,R,0,1,"navy, submarine, heroism, scuba diving, u.s. navy seal, military life, valor, terrorist plot, navy life, national security",7.7563,57.6,No,8.2733,2/3/2024
Zoolander,2001.0,90.0,Ben Stiller,Ben Stiller,Owen Wilson,Christine Taylor,Comedy,,,6.5,64.0,61.0,R,0,1,"male model, time magazine, fashion show, fictional awards show, coal mine, modeling, abraham lincoln, apathetic",7.7402,57.4,No,8.2689,2/7/2026
Indiana Jones and the Last Crusade,1989.0,127.0,Steven Spielberg,Harrison Ford,Sean Connery,Alison Doody,Adventure,,,8.2,84.0,65.0,PG-13,1,9,"saving the world, nazi, holy grail, venice, italy, entrapment, crusader, germany, riddle, brotherhood, zeppelin",7.737,57.3,No,8.2683,2/1/2026
Creed II,2018.0,130.0,Steven Caple Jr.,Michael B. Jordan,Sylvester Stallone,Tessa Thompson,Action,Drama,Sport,7.1,83.0,66.0,PG-13,0,1,"sports, rivalry, sequel, los angeles, california, angry, boxing, thoughtful, reflective, dedicated, box ring",7.7344,57.3,No,8.2633,2/7/2026
Star Wars: Episode IV - A New Hope,1977.0,121.0,George Lucas,Mark Hamill,Harrison Ford,Carrie Fisher,Adventure,Fantasy,Sci-Fi,8.6,94.0,90.0,PG,6,70,"empire, galaxy, rebellion, android, hermit, smuggling (contraband), freedom, rebel, rescue mission, space",7.734,56.4,No,8.2629,2/7/2026
Little Miss Sunshine,2006.0,101.0,Jonathan Dayton,Steve Carell,Toni Collette,Greg Kinnear,Comedy,Drama,,7.8,91.0,80.0,R,2,73,"california, husband wife relationship, sibling relationship, literature professor, family's daily life, highway, beauty contest, beauty queen contest, dysfunctional family, road trip",7.7324,61.7,No,8.2599,6/29/2022
Wonder Boys,2000.0,107.0,Curtis Hanson,Michael Douglas,Tobey Maguire,Frances McDormand,Comedy,Drama,,7.2,81.0,74.0,R,1,21,"adultery, infidelity, robbery, based on novel or book, police, pennsylvania, usa, winter, midlife crisis, professor, college",7.7318,61.7,No,8.2591,5/14/2026
Wild Horse Nine,2026.0,122.0,Martin McDonagh,Sam Rockwell,Steve Buscemi,Parker Posey,Comedy,Crime,Drama,,,,,0,0,"central intelligence agency (cia), easter island",7.7307,57.2,No,8.257,5/7/2026
In the Grey,2026.0,97.0,Guy Ritchie,Jake Gyllenhaal,Henry Cavill,Eiza González,Action,Drama,Thriller,6.6,46.0,,R,0,0,"mission, heist, agent, dangerous mission, ambiguous, dubious, enthusiastic",7.7296,57.2,No,8.2552,5/7/2026
Green Book,2018.0,130.0,Peter Farrelly,Viggo Mortensen,Mahershala Ali,Linda Cardellini,Biography,Comedy,Drama,8.2,77.0,69.0,PG-13,3,58,"friendship, southern usa, based on true story, road trip, racism, pianist, driver, lgbt, road movie, music tour",7.7267,61.6,No,8.2498,8/25/2024
Inside Llewyn Davis,2013.0,104.0,Ethan Coen,Oscar Isaac,Carey Mulligan,John Goodman,Drama,Music,,7.4,92.0,93.0,R,0,47,"chicago, illinois, depression, new york city, guitar, winter, cat, subway, pregnancy, overdose, dark comedy",7.7266,57.2,No,8.2497,5/21/2026
The Equalizer,2014.0,132.0,Antoine Fuqua,Denzel Washington,Marton Csokas,Chloë Grace Moretz,Action,Crime,Thriller,7.3,61.0,57.0,R,0,1,"martial arts, assassin, corruption, hitman, call girl, sadism, hostage, gangster, fbi, gore",7.7263,61.6,No,8.2494,2/1/2026
Boogie Nights,1997.0,155.0,Paul Thomas Anderson,Mark Wahlberg,Julianne Moore,Burt Reynolds,Drama,,,7.9,91.0,86.0,R,0,36,,7.723,61.5,No,8.2432,5/7/2026
Rock of Ages,2012.0,123.0,Adam Shankman,Julianne Hough,Diego Boneta,Tom Cruise,Comedy,Drama,Musical,5.9,43.0,47.0,PG-13,0,2,"coming out, love triangle, rock star, musical, moral conflict, record producer, based on play or musical, alcoholism, rocker, hollywood",7.7217,61.5,No,8.2409,2/3/2024
Disclosure Day,2026.0,145.0,Steven Spielberg,Emily Blunt,Josh O'Connor,Eve Hewson,Drama,Sci-Fi,Thriller,,,,,0,0,"alien, alien invasion",7.7215,57.1,No,8.2406,5/7/2026
Ocean's Eight,2018.0,110.0,Gary Ross,Sandra Bullock,Cate Blanchett,Anne Hathaway,Comedy,Crime,Thriller,6.3,69.0,61.0,PG-13,0,3,"new york city, heist, spin off, estranged sister, the met gala, cliché",7.7194,57.1,No,8.2368,1/19/2026
Transformers,2007.0,144.0,Michael Bay,Shia LaBeouf,Megan Fox,Josh Duhamel,Action,Adventure,Sci-Fi,7.1,57.0,61.0,PG-13,0,25,"transformation, destroy, alien, based on toy, giant robot, robot, nostalgic, duringcreditsstinger, teenage hero, griffith observatory",7.7182,47.2,No,8.2348,2/7/2026
Slumdog Millionaire,2008.0,120.0,Danny Boyle,Dev Patel,Freida Pinto,Saurabh Shukla,Crime,Drama,Romance,8.0,92.0,84.0,R,8,154,"based on novel or book, slum, cheating, suspicion, mumbai (bombay), india, game show, quiz, orphan, duringcreditsstinger, taj mahal, india",7.7156,57.0,No,8.2299,5/11/2026
Lost in Translation,2003.0,102.0,Sofia Coppola,Bill Murray,Scarlett Johansson,Giovanni Ribisi,Comedy,Drama,,7.7,95.0,91.0,R,1,98,"hotel room, adultery, japan, unsociability, upper class, pop star, age difference, photographer, commercial, karaoke",7.7144,57.0,No,8.2276,2/1/2026
Solo Mio,2026.0,96.0,Charles Kinnane,Kevin James,Nicole Grimaudo,Kim Coates,Comedy,Romance,,6.7,,48.0,PG,0,0,"rome, italy, italy, sadness, honeymoon, romcom, loneliness, abandonment, relaxed, left at the altar, romantic",7.7132,57.0,No,8.2255,1/23/2026
Spy Game,2001.0,126.0,Tony Scott,Robert Redford,Brad Pitt,Catherine McCormack,Action,Crime,Thriller,7.1,64.0,63.0,R,0,0,"vietnam war, palestinian-israeli conflict, central intelligence agency (cia), china, espionage, spy, cold war, flashback, terrorism",7.713,57.0,No,8.2251,2/1/2026
On Her Majesty's Secret Service,1969.0,142.0,Peter R. Hunt,George Lazenby,Diana Rigg,Telly Savalas,Action,Adventure,Thriller,6.7,81.0,61.0,PG,0,1,"daughter, suicide, london, england, based on novel or book, england, espionage, secret mission, secret identity, switzerland, new identity",7.7122,57.0,No,8.2235,6/12/2023
Karate Kid: Legends,2025.0,94.0,Jonathan Entwistle,Jackie Chan,Ben Wang,Joshua Jackson,Action,Drama,Family,6.3,,51.0,PG-13,0,1,"new york city, martial arts, kung fu, mentor, ex-boyfriend, karate, beijing, china, martial arts tournament, martial arts training, living abroad",7.7093,56.9,No,8.2232,2/7/2026
Ocean's Thirteen,2007.0,122.0,Steven Soderbergh,George Clooney,Brad Pitt,Matt Damon,Crime,Thriller,,6.9,70.0,62.0,PG-13,0,1,"casino, heart attack, con man, master thief, hidden camera, sequel, revenge, las vegas, double cross, diamond heist",7.6953,56.7,No,8.2232,4/27/2023
The Dark Knight Rises,2012.0,164.0,Christopher Nolan,Christian Bale,Tom Hardy,Anne Hathaway,Crime,Thriller,,8.4,87.0,78.0,PG-13,0,45,"airplane, fight, burglar, hostage, secret identity, crime fighter, superhero, villainess, time bomb, based on comic",7.6811,46.6,No,8.2227,12/29/2025
Sideways,2004.0,127.0,Alexander Payne,Paul Giamatti,Thomas Haden Church,Virginia Madsen,Comedy,Drama,Romance,7.5,97.0,94.0,R,1,123,"california, based on novel or book, golf, wine, road trip, stag night, marijuana, writer, buddy, santa barbara, california",7.6663,60.7,No,8.2212,5/6/2026
Oblivion,2013.0,124.0,Joseph Kosinski,Tom Cruise,Morgan Freeman,Andrea Riseborough,Action,Adventure,Sci-Fi,7.0,53.0,54.0,PG-13,0,1,"spacecraft, dystopia, post-apocalyptic future, based on comic, space, drone, surveillance, human vs alien, 2070s",7.6628,55.8,No,8.2208,5/20/2023
Star Wars: Episode VI - Return of the Jedi,1983.0,131.0,Richard Marquand,Mark Hamill,Harrison Ford,Carrie Fisher,Adventure,Fantasy,Sci-Fi,8.3,83.0,58.0,PG,0,25,"spacecraft, sibling relationship, rebel, emperor, space battle, matter of life and death, forest, sequel, desert, space opera",7.6596,60.6,No,8.2147,2/7/2026
Ghostbusters: Frozen Empire,2024.0,115.0,Gil Kenan,Paul Rudd,Carrie Coon,Finn Wolfhard,Adventure,Comedy,Fantasy,6.1,42.0,46.0,PG-13,0,1,"new york city, supernatural, ghostbuster, sequel, teenage girl, ghost, duringcreditsstinger, research laboratory, evil force, absurd",7.6591,56.2,No,8.2139,2/7/2026
The Uprising,2026.0,122.0,Paul Greengrass,,,,Action,Drama,History,,,,,0,0,,7.6587,56.2,No,8.2135,3/19/2026
Train Dreams,2025.0,102.0,Clint Bentley,Joel Edgerton,Clifton Collins Jr.,Felicity Jones,Drama,,,7.5,95.0,88.0,PG-13,0,36,"husband wife relationship, based on novel or book, slice of life, lumberjack, logger, meditative, railroad worker, introspective, pacific northwest, poetic",7.6582,56.2,No,8.2127,2/2/2026
American Pie,1999.0,95.0,Paul Weitz,Jason Biggs,Chris Klein,Thomas Ian Nicholas,Comedy,,,7.0,62.0,58.0,R,0,9,"innocence, graduation, loss of virginity, coming of age, high school student, pie, teen comedy, teenage sexuality, exchange student, sex comedy",7.6578,56.2,No,8.2123,1/10/2026
Jimmy Hollywood,1994.0,112.0,Barry Levinson,Joe Pesci,Christian Slater,Victoria Abril,Comedy,Crime,Drama,5.3,29.0,,R,0,0,,7.6575,60.6,No,8.2119,8/24/2022
Vanilla Sky,2001.0,136.0,Cameron Crowe,Tom Cruise,Penélope Cruz,Cameron Diaz,Fantasy,Mystery,Romance,6.9,41.0,45.0,R,0,5,"regret, jealousy, amnesia, dreams, love of one's life, nightmare, love triangle, virtual reality, ex-girlfriend, surreal",7.6567,56.2,No,8.2107,5/20/2023
Homefront,2013.0,100.0,Gary Fleder,Jason Statham,James Franco,Winona Ryder,Action,Crime,Thriller,6.5,42.0,40.0,R,0,0,"drug dealer, daughter, based on novel or book, police, parent child relationship, police operation, ex-cop, bayou, rural area, undercover cop",7.6562,60.6,No,8.2099,2/9/2026
Maverick,1994.0,127.0,Richard Donner,Mel Gibson,Jodie Foster,James Garner,Action,Adventure,Comedy,7.0,67.0,62.0,PG,0,1,"ship, saloon, poker, mississippi river, native american, oregon, usa, con artist, steamboat, on the run, attempted robbery",7.655,60.6,No,8.2078,6/27/2024
Orange County,2002.0,82.0,Jake Kasdan,Colin Hanks,Jack Black,Schuyler Fisk,Comedy,Drama,,6.2,47.0,48.0,PG-13,0,0,"high school, surfer, change, loss of loved one, province, college, girlfriend, dysfunctional family, slacker, teen movie",7.6523,56.1,No,8.2027,4/2/2025
Gerry,2002.0,103.0,Gus Van Sant,Casey Affleck,Matt Damon,,Adventure,Drama,Mystery,6.0,61.0,54.0,R,0,2,"friendship, hiking, highway, wilderness, getting lost, friends, best friend, desert, death valley",7.6518,60.5,No,8.202,5/11/2026
Three Kings,1999.0,114.0,David O. Russell,George Clooney,Mark Wahlberg,Ice Cube,Action,Adventure,Comedy,7.1,94.0,82.0,R,0,8,"rescue, gold, gulf war, three kings, iraq, treasure map, kuwait, interracial relationship, soldier, u.s. soldier",7.6503,56.1,No,8.1993,5/4/2025
Failure to Launch,2006.0,97.0,Tom Dey,Matthew McConaughey,Sarah Jessica Parker,Kathy Bates,Comedy,Romance,,5.7,23.0,47.0,PG-13,0,0,"sailboat, sports car, parent child relationship, extreme sports, sailing, romcom, young boy, dating, intervention, lying",7.6483,56.0,No,8.1967,7/6/2022
Deal,2008.0,86.0,Gil Cates Jr.,Burt Reynolds,Bret Harrison,Maria Mason,Comedy,Drama,,5.3,3.0,35.0,PG-13,0,0,"poker, restart, call girl, competition, mentor, confidence, loser, gain, turnier, money",7.6336,55.8,No,8.1956,6/27/2024
The Spy Who Loved Me,1977.0,125.0,Lewis Gilbert,Roger Moore,Barbara Bach,Curd Jürgens,Action,Adventure,Thriller,7.0,82.0,55.0,PG,0,4,"sea, egypt, assassination, based on novel or book, cairo, submarine, england, tanker, spy, mass murder",7.6192,55.6,No,8.1951,6/12/2023
From Dusk Till Dawn,1996.0,108.0,Robert Rodriguez,Harvey Keitel,George Clooney,Juliette Lewis,Action,Crime,Horror,7.2,66.0,48.0,R,0,7,"dancing, showdown, sheriff, sibling relationship, vampire, bank robber, holy water, siege, stripper, priest",7.6044,59.8,No,8.1938,6/20/2023
Lucky You,2007.0,124.0,Curtis Hanson,Eric Bana,Drew Barrymore,Robert Duvall,Drama,Romance,Sport,5.9,28.0,49.0,PG-13,0,0,"poker, sports, gambling, las vegas",7.5987,55.3,No,8.1936,6/27/2024
Creed IV,2009.0,122.0,Michael B. Jordan,,,,Action,Drama,Sport,,,,,0,0,"sequel, boxing, sport",7.5974,55.3,No,8.1912,2/7/2026
2 Fast 2 Furious,2003.0,107.0,John Singleton,Paul Walker,Tyrese Gibson,Cole Hauser,Action,Crime,Thriller,6.0,37.0,38.0,PG-13,0,4,"miami, florida, undercover, car race, sports car, street race, los angeles, california, anxious, cars, admiring, excited",7.5964,59.7,No,8.1896,2/7/2026
Crazy Rich Asians,2018.0,120.0,Jon M. Chu,Constance Wu,Henry Golding,Michelle Yeoh,Comedy,Drama,Romance,6.9,91.0,74.0,PG-13,0,14,"based on novel or book, professor, singapore, wedding, east asian lead, wealthy family, asian american",7.5952,55.3,No,8.1874,7/2/2024
Titanic,1997.0,194.0,James Cameron,Leonardo DiCaprio,Kate Winslet,Billy Zane,Drama,Romance,,8.0,88.0,75.0,PG-13,11,126,"ship, soulmates, shipwreck, atlantic ocean, evacuation, iceberg, titanic, forbidden love, ocean liner, based on true story",7.5947,53.9,No,8.1867,2/1/2026
Shelter,2026.0,107.0,Ric Roman Waugh,Jason Statham,Bodhi Rae Breathnach,Michael Shaeffer,Action,Thriller,,6.1,,50.0,R,0,0,"home invasion, mysterious girl, ghosts of the past, isolated island, child protection, suspenseful, solitary life, hidden secret, close‑quarters combat, dangerous escalation",7.5939,55.3,No,8.1855,2/7/2026
The Fast and the Furious: Tokyo Drift,2006.0,104.0,Justin Lin,Lucas Black,Zachery Ty Bryan,Shad Moss,Action,Crime,Thriller,6.1,38.0,45.0,PG-13,0,1,"car race, auto-tuning, street race, drifting, tokyo, japan, cars, egotistical, tense, frightened",7.5905,59.6,No,8.179,2/7/2026
The Fast and the Furious,2001.0,106.0,Rob Cohen,Vin Diesel,Paul Walker,Michelle Rodriguez,Action,Crime,Thriller,6.8,55.0,58.0,PG-13,0,11,"street gang, undercover, car race, auto-tuning, street race, los angeles, california, questioning, aftercreditsstinger, duringcreditsstinger, based on magazine, newspaper or article",7.5882,59.6,No,8.1746,2/7/2026
Sherlock Holmes: A Game of Shadows,2011.0,129.0,Guy Ritchie,Robert Downey Jr.,Jude Law,Jared Harris,Action,Adventure,Mystery,7.4,60.0,48.0,PG-13,0,3,"london, england, paris, france, detective, detective inspector, steampunk, buddy, criminal mastermind, 19th century, sherlock holmes",7.5879,55.2,No,8.1744,2/1/2026
Gangster Squad,2013.0,113.0,Ruben Fleischer,Sean Penn,Ryan Gosling,Emma Stone,Action,Crime,Drama,6.7,30.0,40.0,R,0,0,"gangster, los angeles, california, 1940s, griffith observatory, dramatic, tense, witty",7.5874,55.2,No,8.1735,2/7/2026
Anger Management,2003.0,106.0,Peter Segal,Jack Nicholson,Adam Sandler,Marisa Tomei,Comedy,,,6.3,42.0,52.0,PG-13,0,2,"penalty, therapist, psychology, aggression, rage, anger, brooklyn, new york city, anger management, anger issues, joyous",7.5822,59.5,No,8.1723,2/7/2026
Nope,2022.0,130.0,Jordan Peele,Daniel Kaluuya,Keke Palmer,Brandon Perea,Horror,Mystery,Sci-Fi,6.8,83.0,77.0,R,0,44,"california, exploitation, death of father, alien, ufo, social commentary, alien invasion, alien contact, aftercreditsstinger, horse farm",7.5679,54.9,No,8.1719,5/6/2026
For Your Eyes Only,1981.0,127.0,John Glen,Roger Moore,Carole Bouquet,Topol,Action,Adventure,Thriller,6.7,69.0,54.0,PG,0,2,"sea, assassin, london, england, smuggling (contraband), submarine, undercover, england, secret mission, olympic games, secret intelligence service",7.5516,54.7,No,8.1676,6/12/2023
The Interview,2014.0,112.0,Evan Goldberg,James Franco,Seth Rogen,Randall Park,Action,Adventure,Comedy,6.5,51.0,52.0,R,0,2,"central intelligence agency (cia), socialism, coup d'etat, assassination attempt, evil dictator, north korea, disdainful, disgusted, doubtful, dubious",7.5355,56.4,No,8.1635,8/19/2024
Live and Let Die,1973.0,121.0,Guy Hamilton,Roger Moore,Yaphet Kotto,Jane Seymour,Action,Adventure,Thriller,6.7,67.0,55.0,PG,0,3,"new york city, london, england, sheriff, dual identity, based on novel or book, drug smuggling, bomb, england, secret mission, spy",7.5336,54.4,No,8.1634,6/12/2023
Holmes & Watson,2018.0,90.0,Etan Cohen,Will Ferrell,John C. Reilly,Ralph Fiennes,Comedy,Crime,Mystery,3.9,10.0,24.0,PG-13,0,4,"london, england, titanic, birthday party, nemesis, drugs, inept assistant, police inspector, queen of england, news, buffoon",7.532,58.8,No,8.1605,5/14/2026
The Running Man,2025.0,133.0,Edgar Wright,Glen Powell,Alyssa Benn,Sienna Benn,Action,Adventure,Sci-Fi,6.4,63.0,56.0,R,0,0,"based on novel or book, game show, survival, on the run, near future, dystopian, dystopian future",7.5301,54.3,No,8.1571,2/7/2026
Point Break,1991.0,122.0,Kathryn Bigelow,Patrick Swayze,Keanu Reeves,Gary Busey,Action,Crime,Thriller,7.3,68.0,60.0,R,0,1,"surfing, surfer, undercover agent, self-destruction, fbi, extreme sports, moral conflict, skydiving, los angeles, california, bank robbery",7.5296,58.8,No,8.1562,2/1/2026
The Man with the Golden Gun,1974.0,125.0,Guy Hamilton,Roger Moore,Christopher Lee,Britt Ekland,Action,Adventure,Thriller,6.7,40.0,43.0,PG,0,2,"gold, exotic island, martial arts, assassin, london, england, based on novel or book, england, hitman, secret mission, villain",7.5289,54.3,No,8.1548,7/9/2023
The Living Daylights,1987.0,130.0,John Glen,Timothy Dalton,Maryam d'Abo,Jeroen Krabbé,Action,Adventure,Thriller,6.7,72.0,59.0,PG,0,3,"prison, london, england, assassination, airplane, escape, arms smuggling, england, secret mission, arms deal, spy",7.5287,54.3,No,8.1545,6/12/2023
Jack Frost,1998.0,101.0,Troy Miller,Michael Keaton,Kelly Preston,Joseph Cross,Comedy,Drama,Family,5.5,19.0,40.0,PG,0,0,"loss of loved one, holiday, christmas party, loss, snowman, christmas story, christmas",7.5281,58.7,No,8.1532,12/30/2025
Indiana Jones and the Temple of Doom,1984.0,118.0,Steven Spielberg,Harrison Ford,Kate Capshaw,Ke Huy Quan,Action,Adventure,,7.5,77.0,57.0,PG,1,11,"treasure, skeleton, wind, elephant, heart, riddle, crocodile, bridge, treasure hunt, torture",7.5262,54.0,No,8.1501,2/1/2026
Starsky & Hutch,2004.0,101.0,Todd Phillips,Ben Stiller,Owen Wilson,Snoop Dogg,Comedy,Crime,,6.1,63.0,55.0,PG-13,0,3,"california, undercover, drug trafficking, 1970s, cocaine, cop, informant, disco, buddy cop, jumping from a rooftop",7.5253,54.3,No,8.1488,7/7/2023
The Magnificent Seven,2016.0,132.0,Antoine Fuqua,Denzel Washington,Chris Pratt,Ethan Hawke,Action,Adventure,Drama,6.9,64.0,54.0,PG-13,0,5,"remake, angry",7.525,54.3,No,8.1488,3/18/2026
Spider-Man: Into the Spider-Verse,2018.0,117.0,Bob Persichetti,Shameik Moore,Jake Johnson,Hailee Steinfeld,Animation,Action,Adventure,8.4,97.0,87.0,PG,1,85,"superhero, based on comic, aftercreditsstinger, alternate universe",7.5162,54.1,No,8.1478,2/7/2026
War of the Worlds,2005.0,117.0,Steven Spielberg,Tom Cruise,Dakota Fanning,Tim Robbins,Action,Adventure,Sci-Fi,6.6,76.0,73.0,PG-13,0,16,"daughter, new jersey, post-traumatic stress disorder (ptsd), airplane, based on novel or book, underground, dystopia, alien, survival, disaster",7.5017,52.9,No,8.1467,5/20/2023
Driven,2001.0,116.0,Renny Harlin,Sylvester Stallone,Kip Pardue,Til Schweiger,Action,Drama,Sport,4.6,13.0,29.0,PG-13,0,1,"career, sports, competition, automobile",7.4877,53.7,No,8.1467,2/7/2026
Pirates of the Caribbean: At World's End,2007.0,169.0,Gore Verbinski,Johnny Depp,Orlando Bloom,Keira Knightley,Action,Adventure,Fantasy,7.2,43.0,50.0,PG-13,0,23,"exotic island, strong woman, love of one's life, afterlife, traitor, singapore, shipwreck, sword fight, pirate, monkey",7.4719,43.6,No,8.1389,2/7/2026
Never Say Never Again,1983.0,134.0,Irvin Kershner,Sean Connery,Kim Basinger,Klaus Maria Brandauer,Action,Adventure,Thriller,6.1,71.0,68.0,PG,0,1,"video game, spy, bahamas, stealing, scuba diving, scuba, british secret service",7.47,53.5,No,8.1354,7/9/2023
Jurassic Park,1993.0,127.0,Steven Spielberg,Sam Neill,Laura Dern,Jeff Goldblum,Adventure,Sci-Fi,,8.2,91.0,68.0,PG-13,3,44,"exotic island, island, triceratops, brontosaurus, electric fence, dna, tyrannosaurus rex, paleontology, dinosaur, amusement park",7.4697,52.6,No,8.1351,2/7/2026
A View to a Kill,1985.0,131.0,John Glen,Roger Moore,Christopher Walken,Tanya Roberts,Action,Adventure,Thriller,6.3,36.0,40.0,PG,0,2,"london, england, helicopter, fire, drug abuse, france, paris, france, england, san francisco, california, horse race, secret identity",7.4691,53.5,No,8.1341,6/12/2023
Mortal Kombat,2021.0,110.0,Simon McQuoid,Lewis Tan,Jessica McNamee,Josh Lawson,Action,Adventure,Fantasy,6.1,55.0,44.0,R,0,4,"saving the world, magic, ninja fighter, gore, god, alternate dimension, shaolin monk, fighting, based on video game, martial arts tournament",7.4634,53.4,No,8.1228,5/11/2026
There Will Be Blood,2007.0,158.0,Paul Thomas Anderson,Daniel Day-Lewis,Paul Dano,Ciarán Hinds,Drama,,,8.2,91.0,93.0,R,2,114,"california, petrol, sibling relationship, based on novel or book, capitalism, pastor, deaf-mute, greed, american dream, narcissism",7.4631,53.4,No,8.1223,6/29/2023
The Karate Kid Part III,1989.0,112.0,John G. Avildsen,Ralph Macchio,Pat Morita,Robyn Lively,Action,Drama,Family,5.4,18.0,36.0,PG,0,0,"martial arts, war veteran, karate, adversary, bullying, sequel, bully, teenage love, martial arts tournament, martial arts training",7.4596,53.3,No,8.1152,2/7/2026
Limitless,2011.0,105.0,Neil Burger,Bradley Cooper,Anna Friel,Abbie Cornish,Sci-Fi,Thriller,,7.4,68.0,59.0,PG-13,0,2,"new york city, medicine, politician, iq, pill, stalking, superhuman, transhumanism, writer, drugs",7.4593,57.7,No,8.1147,5/30/2023
Four Christmases,2008.0,88.0,Seth Gordon,Reese Witherspoon,Vince Vaughn,Mary Steenburgen,Comedy,Drama,Romance,5.8,25.0,41.0,PG-13,0,1,"holiday, romcom, relationship problems, dysfunctional family, family relationships, boyfriend girlfriend relationship, divorced parents, change of plan, christmas, relationship changes",7.4585,57.7,No,8.1133,2/7/2026
Navy Seals,1990.0,113.0,Lewis Teague,Charlie Sheen,Michael Biehn,Joanne Whalley,Action,Adventure,Thriller,5.6,15.0,38.0,R,0,0,"navy, u.s. navy, u.s. navy seal, us military, aggressive",7.4582,53.3,No,8.1131,2/3/2024
The Matrix Revolutions,2003.0,129.0,Lana Wachowski,Keanu Reeves,Laurence Fishburne,Carrie-Anne Moss,Action,Sci-Fi,,6.7,33.0,47.0,R,0,5,"dying and death, rescue, future, mission, man vs machine, underground world, machine town, martial arts, kung fu, hero",7.4565,53.2,No,8.11,2/26/2026
The Revenant,2015.0,156.0,Alejandro G. Iñárritu,Leonardo DiCaprio,Tom Hardy,Will Poulter,Action,Drama,Western,8.0,78.0,76.0,R,3,94,"rape, based on novel or book, parent child relationship, winter, child murder, mountain, grizzly bear, animal attack, wilderness, gore",7.4545,57.7,No,8.1063,5/23/2023
The Weight,2026.0,112.0,Padraic McKinley,,,,Action,Adventure,Crime,7.4,,,,0,0,"gold, great depression, oregon, usa, military veteran, 1930s, man vs nature, father daughter relationship, smuggling",7.4541,53.3,No,8.1058,5/7/2026
Fool's Gold,2008.0,112.0,Andy Tennant,Matthew McConaughey,Kate Hudson,Donald Sutherland,Action,Adventure,Comedy,5.7,11.0,29.0,PG-13,0,0,"helicopter, gambling debt, gangster, obsession, cemetery, mentor, rapper, shipwreck, bahamas, jet ski",7.4539,53.2,No,8.1056,7/6/2022
Digger,2026.0,106.0,Alejandro G. Iñárritu,Tom Cruise,Riz Ahmed,Aetheria Angel,Comedy,Drama,,,,,,0,0,"dark comedy, satire, political satire",7.451,53.2,No,8.1002,3/19/2026
National Treasure,2004.0,131.0,Jon Turteltaub,Nicolas Cage,Diane Kruger,Justin Bartha,Action,Adventure,Mystery,6.9,47.0,40.0,PG,0,1,"new york city, treasure, philadelphia, pennsylvania, washington dc, usa, riddle, fbi, translation, expedition, secret society, family history",7.4487,52.7,No,8.0957,6/13/2023
Spider-Man: Across the Spider-Verse,2023.0,140.0,Joaquim Dos Santos,Shameik Moore,Hailee Steinfeld,Brian Tyree Henry,Animation,Action,Adventure,8.5,95.0,86.0,PG,0,107,"new york city, hero, double life, sacrifice, secret identity, superhero, villain, portal, based on comic, sequel",7.448,53.2,No,8.0947,2/1/2026
The Lost City,2022.0,112.0,Aaron Nee,Sandra Bullock,Channing Tatum,Daniel Radcliffe,Action,Adventure,Comedy,6.1,78.0,60.0,PG-13,0,3,"kidnapping, romcom, writer, model, novelist, lost treasure, duringcreditsstinger, lost civilization, book tour, book",7.4474,53.2,No,8.0937,2/7/2026
The Devil Wears Prada 2,2026.0,119.0,David Frankel,Meryl Streep,Anne Hathaway,Emily Blunt,Comedy,Drama,,6.7,,61.0,PG-13,0,1,"new york city, based on novel or book, sequel, fashion, nostalgic, fashion magazine, dramedy, magazine editor, fashion industry, fashionista",7.4307,52.9,No,8.0882,5/7/2026
Tenet,2020.0,150.0,Christopher Nolan,John David Washington,Robert Pattinson,Elizabeth Debicki,Action,Sci-Fi,Thriller,7.3,70.0,69.0,PG-13,1,49,"assassin, espionage, spy, time travel, mumbai (bombay), india, arms dealer, terrorism, terrorist attack, nuclear weapons, terrorist plot",7.4159,50.7,No,8.0865,7/26/2023
Silence,2016.0,161.0,Martin Scorsese,Andrew Garfield,Adam Driver,Liam Neeson,Drama,History,,7.2,83.0,79.0,R,0,8,"japan, based on novel or book, christianity, missionary, remake, betrayal, torture, martyrdom, crisis of faith, portuguese",7.4001,56.9,No,8.0828,7/9/2022
Fast & Furious,2009.0,107.0,Justin Lin,Vin Diesel,Paul Walker,Michelle Rodriguez,Action,Thriller,,6.5,28.0,46.0,PG-13,0,6,"sibling relationship, car race, gambling, ex-lover, fast, car crash, cop, street race, thoughtful, cars",7.3932,52.4,No,8.0815,2/7/2026
The Odyssey,2026.0,172.0,Christopher Nolan,Matt Damon,Tom Holland,Anne Hathaway,Adventure,Drama,Fantasy,,,,,0,0,"greek mythology, based on song, poem or rhyme, greek history, voyage, peplum, ancient, mythical",7.3891,50.3,No,8.0736,12/29/2025
Tomorrow Never Dies,1997.0,119.0,Roger Spottiswoode,Pierce Brosnan,Jonathan Pryce,Michelle Yeoh,Action,Adventure,Thriller,6.5,58.0,52.0,PG-13,0,6,"media tycoon, navy, london, england, china, england, missile, spy, secret intelligence service, intelligence, manipulation of the media",7.3885,52.3,No,8.0728,6/12/2023
Hard Eight,1996.0,101.0,Paul Thomas Anderson,Philip Baker Hall,John C. Reilly,Gwyneth Paltrow,Crime,Drama,,7.1,82.0,78.0,R,0,2,"prostitute, casino, cheating, gambling, gambling debt, blackmail, male friendship, hostage-taking, las vegas",7.3883,56.7,No,8.0726,2/1/2026
22 Jump Street,2014.0,112.0,Phil Lord,Channing Tatum,Jonah Hill,Ice Cube,Action,Comedy,Crime,7.0,84.0,71.0,R,0,7,"drug dealer, sarcasm, college, male friendship, sequel, undercover cop, burlesque, buddy cop, buddy comedy, aftercreditsstinger",7.388,52.3,No,8.0723,6/9/2022
Meet the Fockers,2004.0,115.0,Jay Roach,Robert De Niro,Ben Stiller,Dustin Hoffman,Comedy,Romance,,6.4,38.0,41.0,PG-13,0,2,"florida, central intelligence agency (cia), nurse, parent child relationship, anti-authoritarian upbringing, parents-in-law, orderly, just married, sex therapy, bad father-in-law",7.3867,52.2,No,8.07,6/16/2023
From Russia with Love,1963.0,115.0,Terence Young,Sean Connery,Robert Shaw,Lotte Lenya,Action,Adventure,Thriller,7.3,97.0,83.0,PG,0,3,"assassin, london, england, assassination, based on novel or book, venice, italy, england, gypsy, secret mission, spy, secret intelligence service",7.3863,51.4,No,8.0696,6/12/2023
Yes Man,2008.0,104.0,Peyton Reed,Jim Carrey,Zooey Deschanel,Bradley Cooper,Comedy,Romance,,6.8,44.0,46.0,PG-13,0,3,"california, bungee-jump, falling in love, ex-wife, hollywood bowl, excuse, burlesque, opposites attract, loan officer, scooter",7.3836,52.2,No,8.0644,5/27/2023
Licence to Kill,1989.0,133.0,John Glen,Timothy Dalton,Robert Davi,Carey Lowell,Action,Adventure,Thriller,6.7,79.0,58.0,PG-13,0,0,"florida, corruption, airplane, liberation of prisoners, drug trafficking, secret identity, floatplane, transport of prisoners, tank car, florida keys",7.383,48.4,No,8.0636,6/12/2023
Sherlock Holmes,2009.0,128.0,Guy Ritchie,Robert Downey Jr.,Jude Law,Rachel McAdams,Action,Adventure,Mystery,7.5,69.0,57.0,PG-13,0,10,"london, england, based on novel or book, detective, scotland yard, coffin, pentagram, black magic, arrest, partner, murder",7.3829,52.1,No,8.0636,2/1/2026
Bruce Almighty,2003.0,101.0,Tom Shadyac,Jim Carrey,Jennifer Aniston,Morgan Freeman,Comedy,Fantasy,,6.8,48.0,46.0,PG-13,0,7,"new love, lovesickness, moon, street gang, moses, faith, prayer, christianity, journalism, car crash",7.3808,51.3,No,8.0597,6/9/2022
Dr. No,1962.0,110.0,Terence Young,Sean Connery,Ursula Andress,Bernard Lee,Action,Adventure,Thriller,7.2,95.0,78.0,PG,0,5,"exotic island, london, england, space marine, card game, assassination, casino, based on novel or book, england, secret mission, spy",7.3794,51.3,No,8.0571,6/12/2023
Troy,2004.0,163.0,Wolfgang Petersen,Brad Pitt,Eric Bana,Orlando Bloom,Adventure,Fantasy,,7.3,53.0,56.0,R,0,5,"adultery, sibling relationship, hostility, bravery, mythology, beauty, trojan war, wall, fraud, sword fight",7.3787,50.8,No,8.056,6/29/2022
Fast Five,2011.0,130.0,Justin Lin,Vin Diesel,Paul Walker,Dwayne Johnson,Action,Crime,Thriller,7.3,77.0,66.0,PG-13,0,9,"car race, freedom, fbi, prison escape, heist, escaped convict, street race, money, organized crime, fugitive",7.378,52.2,No,8.055,2/7/2026
You Only Live Twice,1967.0,117.0,Lewis Gilbert,Sean Connery,Akiko Wakabayashi,Mie Hama,Action,Adventure,Thriller,6.8,73.0,61.0,PG,0,2,"island, japan, assassin, london, england, helicopter, assassination, based on novel or book, nasa, england, funeral",7.3641,51.6,No,8.0507,6/12/2023
Ralph Breaks the Internet,2018.0,112.0,Phil Johnston,John C. Reilly,Sarah Silverman,Gal Gadot,Animation,Adventure,Comedy,7.0,88.0,71.0,PG,0,4,"video game, cartoon, sequel, internet, lethal virus, aftercreditsstinger, duringcreditsstinger, online gaming, admiring",7.3494,49.8,No,8.0494,2/7/2026
The Batman,2022.0,176.0,Matt Reeves,Robert Pattinson,Zoë Kravitz,Jeffrey Wright,Crime,Mystery,,7.8,85.0,72.0,PG-13,0,40,"police, psychopath, secret identity, crime fighter, superhero, nightclub, politician, based on comic, vigilante, organized crime",7.334,51.5,No,8.0469,2/1/2026
The World Is Not Enough,1999.0,128.0,Michael Apted,Pierce Brosnan,Sophie Marceau,Robert Carlyle,Action,Adventure,Thriller,6.4,51.0,57.0,PG-13,0,7,"mission, london, england, submarine, oil, boat chase, mi6, heiress, bilbao, spain, british secret service, snowmobile",7.3246,49.4,No,8.0453,6/12/2023
The Matrix Resurrections,2021.0,148.0,Lana Wachowski,Keanu Reeves,Carrie-Anne Moss,Yahya Abdul-Mateen II,Action,Sci-Fi,,5.6,63.0,63.0,R,0,6,"future, man vs machine, underground world, artificial intelligence (a.i.), computer, virtual reality, prophecy, dystopia, cyberpunk, aftercreditsstinger",7.3225,51.4,No,8.0413,2/26/2026
The Rock,1996.0,136.0,Michael Bay,Sean Connery,Nicolas Cage,Ed Harris,Action,Adventure,Thriller,7.4,68.0,58.0,R,0,9,"war veteran, san francisco, california, fbi, mercenary, gas attack, alcatraz prison, prison escape, shootout, u.s. navy seal, terrorism",7.3217,51.3,No,8.0401,2/1/2026
The Mummy,2017.0,110.0,Alex Kurtzman,Tom Cruise,Sofia Boutella,Annabelle Wallis,Action,Adventure,Fantasy,5.4,15.0,34.0,PG-13,0,4,"egypt, monster, supernatural, mummy, halloween, remake, tomb, egyptian mythology, dark universe",7.3124,51.2,No,8.0217,1/17/2024
Avengers: Doomsday,2026.0,122.0,Anthony Russo,Robert Downey Jr.,Pedro Pascal,Chris Hemsworth,Action,Adventure,Sci-Fi,,,,,0,0,"superhero, based on comic, sequel, superhero team, marvel cinematic universe (mcu)",7.3111,51.2,No,8.0196,2/7/2026
The Matrix Reloaded,2003.0,138.0,Lana Wachowski,Keanu Reeves,Laurence Fishburne,Carrie-Anne Moss,Action,Sci-Fi,,7.2,74.0,62.0,R,0,8,"dying and death, future, mission, man vs machine, underground world, martial arts, kung fu, hero, dreams, fortune teller",7.3107,51.1,No,8.019,2/1/2026
Black Widow,2021.0,134.0,Cate Shortland,Scarlett Johansson,Florence Pugh,David Harbour,Action,Adventure,Sci-Fi,6.6,79.0,68.0,PG-13,0,14,"assassin, hero, spy, kgb, based on comic, female assassin, female spy, female hero, aftercreditsstinger, marvel cinematic universe (mcu)",7.3091,49.2,No,8.016,2/1/2026
Manchester by the Sea,2016.0,137.0,Kenneth Lonergan,Casey Affleck,Michelle Williams,Kyle Chandler,Drama,,,7.8,96.0,96.0,R,2,128,"funeral, boston, massachusetts, brother, boat, sadness, massachusetts, melancholy, loss, dysfunctional family, grief",7.3044,50.5,No,8.0069,12/23/2023
The Grand,2007.0,104.0,Zak Penn,Woody Harrelson,David Cross,Dennis Farina,Comedy,,,5.9,40.0,57.0,R,0,0,"poker, mockumentary, tournament, improvisation, poker game",7.3021,51.1,No,8.0027,6/27/2024
The Expendables,2010.0,103.0,Sylvester Stallone,Sylvester Stallone,Jason Statham,Jet Li,Action,Adventure,Thriller,6.4,41.0,45.0,R,0,3,"rescue, sniper, island, martial arts, tattoo, escape, mercenary, bridge, church, drugs",7.3017,51.1,No,8.0022,10/15/2022
Batman Forever,1995.0,121.0,Joel Schumacher,Val Kilmer,Tommy Lee Jones,Jim Carrey,Action,Adventure,,5.5,41.0,54.0,PG-13,0,10,"riddle, superhero, villain, rose, based on comic, partner, robin, broken neck, psychologist, criminal",7.2967,51.0,No,7.9952,2/1/2026
Arrival,2016.0,116.0,Denis Villeneuve,Amy Adams,Jeremy Renner,Forest Whitaker,Drama,Mystery,Sci-Fi,7.9,94.0,81.0,PG-13,1,71,"spacecraft, extraterrestrial technology, loss, time, alien, language, female protagonist, scientist, heartbreak, based on short story",7.2784,50.7,No,7.9865,7/10/2023
Lady Bird,2017.0,94.0,Greta Gerwig,Saoirse Ronan,Laurie Metcalf,Tracy Letts,Comedy,Drama,,7.4,99.0,93.0,R,0,124,"friendship, loss of virginity, coming of age, teen angst, high school graduation, teenage girl, best friend, loss of job, high school student, catholic school",7.2642,50.5,No,7.9862,5/6/2026
Goldfinger,1964.0,110.0,Guy Hamilton,Sean Connery,Gert Fröbe,Honor Blackman,Action,Adventure,Thriller,7.7,99.0,87.0,Approved,1,7,"airplane, based on novel or book, england, secret intelligence service, golf, secret organization, nuclear radiation, fort knox, aston martin, secret lab",7.2431,40.3,No,7.9719,6/12/2023
Octopussy,1983.0,131.0,John Glen,Roger Moore,Maud Adams,Louis Jourdan,Action,Adventure,Thriller,6.5,41.0,63.0,PG,0,2,"circus, atomic bomb, secret intelligence service, crocodile, eastern block, kgb, snake charmer, hot air balloon, east berlin, british secret service",7.2368,40.2,No,7.9688,6/12/2023
Pacific Rim,2013.0,131.0,Guillermo del Toro,Idris Elba,Charlie Hunnam,Rinko Kikuchi,Action,Adventure,Sci-Fi,6.9,72.0,65.0,PG-13,0,7,"monster, dystopia, giant monster, pacific, alaska, giant robot, apocalypse, hong kong, robot, alien invasion",7.2344,40.2,No,7.9643,1/24/2026
Men in Black II,2002.0,88.0,Barry Sonnenfeld,Tommy Lee Jones,Will Smith,Rip Torn,Action,Adventure,Comedy,6.2,38.0,49.0,PG-13,0,4,"new york city, space marine, saving the world, flying saucer, undercover, secret identity, superhero, deportation, illegal immigration, new identity",7.2292,49.3,No,7.9541,5/21/2023
Pirates of the Caribbean: The Curse of the Black Pearl,2003.0,143.0,Gore Verbinski,Johnny Depp,Geoffrey Rush,Orlando Bloom,Action,Adventure,Fantasy,8.1,79.0,63.0,PG-13,0,38,"blacksmith, gold, exotic island, governor, skeleton, jamaica, british empire, pirate, swashbuckler, 18th century",7.2278,48.6,No,7.9516,2/7/2026
Boyhood,2014.0,165.0,Richard Linklater,Ellar Coltrane,Patricia Arquette,Ethan Hawke,Drama,,,7.9,97.0,100.0,R,1,178,"high school, family's daily life, college, urban life, coming of age, growing up, domestic abuse, parenting, divorce, family",7.2254,48.5,No,7.9472,5/6/2026
The Break-Up,2006.0,106.0,Peyton Reed,Jennifer Aniston,Vince Vaughn,Jon Favreau,Comedy,Drama,Romance,5.8,34.0,46.0,PG-13,0,3,"chicago, illinois, new love, break-up, argument, ex-boyfriend ex-girlfriend relationship, condominium",7.2238,54.3,No,7.9443,7/6/2023
Belfast,2021.0,98.0,Kenneth Branagh,Jude Hill,Lewis McAskie,Caitríona Balfe,Biography,Drama,,7.2,86.0,75.0,PG-13,1,63,"working class, black and white, belfast, north ireland, 1960s, the troubles (north ireland, 1966-98)",7.2194,49.9,No,7.9357,12/22/2025
GoldenEye,1995.0,130.0,Martin Campbell,Pierce Brosnan,Sean Bean,Izabella Scorupco,Action,Adventure,Thriller,7.2,80.0,65.0,PG-13,0,2,"computer virus, cuba, falsely accused, secret intelligence service, secret identity, secret base, kgb, satellite, special car, cossack",7.2188,41.1,No,7.9348,6/12/2023
Hamnet,2025.0,125.0,Chloé Zhao,Jessie Buckley,Paul Mescal,Zac Wishart,Biography,Drama,History,7.8,87.0,84.0,PG-13,1,96,"based on novel or book, grief, historical fiction, death in family, motherhood, woman director, 16th century, period film, wistful, depressing",7.2159,48.9,No,7.9294,2/7/2026
Men in Black,1997.0,98.0,Barry Sonnenfeld,Tommy Lee Jones,Will Smith,Linda Fiorentino,Action,Adventure,Comedy,7.3,91.0,72.0,PG-13,1,23,"new york city, cannon, space marine, flying saucer, undercover, secret identity, superhero, deportation, illegal immigration, new identity",7.2126,48.4,No,7.9229,5/21/2023
The Lost World: Jurassic Park,1997.0,129.0,Steven Spielberg,Jeff Goldblum,Julianne Moore,Pete Postlethwaite,Action,Adventure,Sci-Fi,6.6,57.0,59.0,PG-13,0,4,"exotic island, island, velociraptor, dna, tyrannosaurus rex, paleontology, san diego, california, sequel, dinosaur, creature",7.2081,39.8,No,7.9144,2/7/2026
Evan Almighty,2007.0,96.0,Tom Shadyac,Steve Carell,Morgan Freeman,Lauren Graham,Comedy,Family,Fantasy,5.4,24.0,37.0,PG,0,2,"rescue, parent child relationship, faith, married couple, support, marriage, father, god, spin off, animals",7.2068,49.7,No,7.912,5/29/2023
Fast & Furious Presents: Hobbs & Shaw,2019.0,137.0,David Leitch,Dwayne Johnson,Jason Statham,Idris Elba,Action,Adventure,Thriller,6.4,67.0,60.0,PG-13,0,1,"london, england, biological weapon, secret organization, family clan, friends, spin off, family reunion, buddy comedy, aftercreditsstinger, duringcreditsstinger",7.2033,47.6,No,7.9052,2/7/2026
Thunderball,1965.0,130.0,Terence Young,Sean Connery,Claudine Auger,Adolfo Celi,Action,Adventure,Thriller,6.9,85.0,64.0,Approved,1,5,"sea, florida, paris, france, spy, fighter pilot, bahamas, sanatorium, secret organization, nuclear missile, coral reef",7.2012,39.7,No,7.9014,6/12/2023
The Great Wall,2016.0,103.0,Yimou Zhang,Matt Damon,Tian Jing,Willem Dafoe,Action,Adventure,Fantasy,5.9,35.0,42.0,PG-13,0,3,"monster, china, archer, female soldier, historical fiction, explosion, period drama, british soldier, great wall of china, 15th century",7.1828,49.0,No,7.8909,7/14/2023
Eternals,2021.0,156.0,Chloé Zhao,Gemma Chan,Richard Madden,Angelina Jolie,Action,Adventure,Fantasy,6.2,47.0,52.0,PG-13,0,7,"saving the world, superhero, supernatural, based on comic, alien, super power, lgbt, aftercreditsstinger, marvel cinematic universe (mcu), woman director",7.1664,47.3,No,7.886,2/17/2026
Deadpool 2,2018.0,119.0,David Leitch,Ryan Reynolds,Josh Brolin,Morena Baccarin,Action,Adventure,Comedy,7.6,83.0,66.0,R,0,6,"hero, superhero, mutant, mercenary, based on comic, sequel, breaking the fourth wall, aftercreditsstinger, duringcreditsstinger, joyful",7.1474,46.9,No,7.876,2/1/2026
Divergent,2014.0,139.0,Neil Burger,Shailene Woodley,Theo James,Kate Winslet,Action,Adventure,Drama,6.6,41.0,48.0,PG-13,0,7,"mind control, future, based on novel or book, dystopia, injection, futuristic, transhumanism, individuality, alternative reality, caste system",7.14,48.7,No,7.8752,6/5/2024
Thor: Ragnarok,2017.0,130.0,Taika Waititi,Chris Hemsworth,Tom Hiddleston,Cate Blanchett,Action,Adventure,Comedy,7.9,93.0,74.0,PG-13,0,6,"superhero, death of father, based on comic, sequel, alien planet, female villain, norse mythology, aftercreditsstinger, duringcreditsstinger, marvel cinematic universe (mcu)",7.1368,40.1,No,7.869,2/1/2026
A Star Is Born,2018.0,136.0,Bradley Cooper,Lady Gaga,Bradley Cooper,Sam Elliott,Drama,Music,Romance,7.6,90.0,88.0,R,1,99,"concert, country music, waitress, pop star, self-destruction, show business, talent, addiction, alcoholism, celebrity",7.1361,46.7,No,7.868,2/10/2025
Moonraker,1979.0,126.0,Lewis Gilbert,Roger Moore,Lois Chiles,Michael Lonsdale,Action,Adventure,Sci-Fi,6.3,59.0,66.0,PG,0,1,"space marine, based on novel or book, venice, italy, mass murder, rio de janeiro, space suit, marcus square, space battle, secret base, gondola",7.1356,38.8,No,7.8673,6/12/2023
Night at the Museum,2006.0,108.0,Shawn Levy,Ben Stiller,Carla Gugino,Ricky Gervais,Adventure,Comedy,Family,6.5,42.0,48.0,PG,0,2,"night shift, skeleton, chaos, maya civilization, museum, genghis khan, natural history, dinosaur, based on children's book, magical object",7.1315,47.2,No,7.8593,8/19/2024
Night at the Museum: Battle of the Smithsonian,2009.0,105.0,Shawn Levy,Ben Stiller,Owen Wilson,Amy Adams,Adventure,Comedy,Family,6.0,43.0,42.0,PG,0,2,"museum, magical object, duringcreditsstinger, pharaoh, amelia earhart, inanimate objects come to life, smithsonian, back to life",7.1292,48.6,No,7.8551,4/15/2026
Fast X,2023.0,141.0,Louis Leterrier,Vin Diesel,Michelle Rodriguez,Jason Statham,Action,Adventure,Crime,5.7,56.0,56.0,PG-13,0,2,"sequel, revenge, betrayal, racing, family, cliffhanger, cars, bold, brisk, forceful",7.1256,46.5,No,7.8482,2/7/2026
Terminator 3: Rise of the Machines,2003.0,109.0,Jonathan Mostow,Arnold Schwarzenegger,Nick Stahl,Kristanna Loken,Action,Sci-Fi,,6.3,70.0,66.0,R,0,3,"man vs machine, artificial intelligence (a.i.), saving the world, leather jacket, cyborg, killer robot, dystopia, nanotechnology, rocket launcher, veterinarian",7.125,47.1,No,7.8472,2/7/2026
Die Hard 2,1990.0,124.0,Renny Harlin,Bruce Willis,William Atherton,Bonnie Bedelia,Action,Thriller,,7.2,68.0,67.0,R,0,1,"helicopter, airport, based on novel or book, ambush, cop, sequel, snow, shootout, terrorism, explosion",7.1211,38.5,No,7.8398,2/1/2026
Black Panther: Wakanda Forever,2022.0,161.0,Ryan Coogler,Letitia Wright,Lupita Nyong'o,Danai Gurira,Animation,Action,Adventure,6.6,84.0,67.0,PG-13,1,51,"hero, loss of loved one, superhero, royal family, based on comic, sequel, royalty, underwater, political intrigue , death in family",7.1204,46.5,No,7.8385,2/17/2026
Parasite,2019.0,132.0,Bong Joon Ho,Song Kang-ho,Lee Sun-kyun,Cho Yeo-jeong,Drama,Thriller,,8.5,99.0,97.0,R,4,309,"dark comedy, con artist, social commentary, working class, infiltration, psychological thriller, class differences, family, mysterious, unemployed",7.1154,46.5,No,7.8288,7/10/2023
The Verdict,1982.0,129.0,Sidney Lumet,Paul Newman,Charlotte Rampling,Jack Warden,Drama,,,7.7,88.0,77.0,R,0,3,"coma, court, boston, massachusetts, affectation, redemption, lawyer, alcoholic, courtroom, defense attorney, pinball machine",7.1148,48.4,No,7.828,5/22/2026
Star Wars: Episode II - Attack of the Clones,2002.0,142.0,George Lucas,Hayden Christensen,Natalie Portman,Ewan McGregor,Action,Adventure,Fantasy,6.6,62.0,54.0,PG,0,21,"army, laser gun, senate, investigation, sequel, prequel, cult figure, wedding, kendo, cynical",7.1145,46.4,No,7.8277,2/7/2026
F9: The Fast Saga,2021.0,143.0,Justin Lin,Vin Diesel,Michelle Rodriguez,Jordana Brewster,Action,Crime,Thriller,5.2,59.0,58.0,PG-13,0,2,"speed, family relationships, sequel, nostalgic, duringcreditsstinger, fast car, brother brother relationship, cars, farcical",7.1128,38.4,No,7.8246,2/7/2026
Wonder Woman,2017.0,141.0,Patty Jenkins,Gal Gadot,Chris Pine,Robin Wright,Action,Adventure,Fantasy,7.3,93.0,76.0,PG-13,0,37,"island, hero, strong woman, world war i, empowerment, superhero, feminism, greek mythology, based on comic, female protagonist",7.1016,38.3,No,7.8238,2/1/2026
12 Years a Slave,2013.0,134.0,Steve McQueen,Chiwetel Ejiofor,Michael Kenneth Williams,Michael Fassbender,Biography,Drama,History,8.1,95.0,96.0,R,3,244,"slavery, plantation, based on memoir or autobiography, violin player, physical abuse, black slave, usa history, slave owner, shocking, 19th century",7.0856,46.3,No,7.8199,5/4/2025
Apollo 13,1995.0,140.0,Ron Howard,Tom Hanks,Bill Paxton,Kevin Bacon,Adventure,Drama,History,7.7,94.0,78.0,PG,2,31,"rescue, florida, race against time, moon, nasa, spaceman, based on true story, houston, texas, survival, space",7.0687,46.6,No,7.8141,6/28/2023
Spectre,2015.0,148.0,Sam Mendes,Daniel Craig,Christoph Waltz,Léa Seydoux,Action,Adventure,Thriller,6.8,63.0,60.0,PG-13,1,8,"based on novel or book, spy, secret society, secret agent, austria, sequel, boat chase, mi6, british secret service, united kingdom",7.054,45.5,No,7.8031,6/12/2023
The Fate of the Furious,2017.0,136.0,F. Gary Gray,Vin Diesel,Jason Statham,Dwayne Johnson,Action,Crime,Thriller,6.6,67.0,56.0,PG-13,0,2,"new york city, submarine, rescue mission, sequel, street race, betrayal, criminal mastermind, mysterious woman, cars, bold",7.0525,37.6,No,7.8,2/7/2026
Diamonds Are Forever,1971.0,120.0,Guy Hamilton,Sean Connery,Jill St. John,Charles Gray,Action,Adventure,Thriller,6.5,64.0,59.0,PG,0,2,"smuggling (contraband), fight, amsterdam, netherlands, spy, secret organization, moon buggy, satellite, secret agent, plastic surgery, murder",7.0523,37.6,No,7.7996,6/12/2023
Rocky IV,1985.0,91.0,Sylvester Stallone,Sylvester Stallone,Talia Shire,Burt Young,Drama,Sport,,6.9,39.0,40.0,PG,0,9,"dying and death, friendship, transporter, sports, loss of loved one, cold war, soviet union, boxer, kgb, training",7.0444,47.3,No,7.7838,2/7/2026
Mad Max: Fury Road,2015.0,120.0,George Miller,Tom Hardy,Charlize Theron,Nicholas Hoult,Action,Adventure,Sci-Fi,8.1,97.0,90.0,R,6,245,"rescue, future, australia, chase, dystopia, post-apocalyptic future, survival, on the run, on the road, desert",7.0442,45.4,No,7.7836,5/4/2025
Suicide Squad,2016.0,123.0,David Ayer,Will Smith,Jared Leto,Margot Robbie,Action,Adventure,Fantasy,5.9,26.0,40.0,PG-13,1,18,"secret mission, superhero, anti hero, villain, supervillain, dc extended universe (dceu)",7.0433,40.3,No,7.7822,2/7/2026
Pirates of the Caribbean: Dead Man's Chest,2006.0,151.0,Gore Verbinski,Johnny Depp,Orlando Bloom,Keira Knightley,Action,Adventure,Fantasy,7.4,53.0,53.0,PG-13,1,45,"witch, daughter, ship, exotic island, bondage, monster, fortune teller, compass, sword fight, pirate",7.0392,37.4,No,7.7742,2/7/2026
Men in Black 3,2012.0,106.0,Barry Sonnenfeld,Will Smith,Tommy Lee Jones,Josh Brolin,Action,Adventure,Comedy,6.8,67.0,58.0,PG-13,0,2,"time travel, time machine, based on comic, alien, buddy cop, fictional government agency, seeing the future, changing history",7.0386,37.4,No,7.7734,5/21/2023
Fast & Furious 6,2013.0,130.0,Justin Lin,Vin Diesel,Paul Walker,Dwayne Johnson,Action,Thriller,,7.0,71.0,61.0,PG-13,0,12,"car race, street race, cars, amused, vibrant",7.0384,45.9,No,7.7732,2/7/2026
Magnolia,1999.0,188.0,Paul Thomas Anderson,Tom Cruise,Jason Robards,Julianne Moore,Drama,,,8.0,82.0,78.0,R,0,28,"dying and death, daughter, farewell, regret, unsociability, chance, becoming an adult, parent child relationship, suicide attempt, loss of loved one",7.0343,47.2,No,7.7654,5/23/2023
Captain America: Brave New World,2025.0,118.0,Julius Onah,Anthony Mackie,Harrison Ford,Danny Ramirez,Action,Adventure,Sci-Fi,5.6,46.0,42.0,PG-13,0,2,"hero, usa president, the white house, superhero, based on comic, revenge, superhuman, summit, aftercreditsstinger, marvel cinematic universe (mcu)",7.0333,45.2,No,7.7637,2/20/2026
Sinners,2025.0,137.0,Ryan Coogler,Michael B. Jordan,Jack O'Connell,Hailee Steinfeld,Horror,Music,,7.5,97.0,84.0,R,4,326,"chicago, illinois, capitalism, ku klux klan, musician, immortality, vampire, surrealism, sin, alcoholism, vampire hunter (slayer)",7.0319,45.2,No,7.7612,2/7/2026
Aquaman,2018.0,143.0,James Wan,Jason Momoa,Amber Heard,Willem Dafoe,Action,Adventure,Fantasy,6.8,66.0,55.0,PG-13,0,3,"hero, chase, atlantis, superhero, half-brother, based on comic, royalty, underwater, duringcreditsstinger, quest",7.0286,37.2,No,7.7548,2/7/2026
Doctor Strange in the Multiverse of Madness,2022.0,126.0,Sam Raimi,Benedict Cumberbatch,Elizabeth Olsen,Chiwetel Ejiofor,Action,Adventure,Fantasy,6.9,73.0,60.0,PG-13,0,10,"magic, superhero, based on comic, alternative reality, aftercreditsstinger, duringcreditsstinger, marvel cinematic universe (mcu)",7.0284,37.2,No,7.7546,2/1/2026
Green Lantern,2011.0,114.0,Martin Campbell,Ryan Reynolds,Blake Lively,Peter Sarsgaard,Animation,Action,Adventure,5.5,26.0,39.0,PG-13,0,3,"superhero, transformation, based on comic, alien, alien infection, magical object, protector, based on graphic novel, super power",7.028,46.2,No,7.7542,2/1/2026
Avengers: Infinity War,2018.0,149.0,Anthony Russo,Robert Downey Jr.,Chris Hemsworth,Mark Ruffalo,Action,Adventure,Sci-Fi,8.4,85.0,68.0,PG-13,0,48,"sacrifice, magic, superhero, based on comic, space, battlefield, genocide, magical object, super power, superhero team",7.0259,37.2,No,7.7502,2/1/2026
Everything Everywhere All at Once,2022.0,139.0,Daniel Kwan,Michelle Yeoh,Stephanie Hsu,Jamie Lee Curtis,Action,Adventure,Comedy,7.7,93.0,81.0,R,7,408,"mother, martial arts, kung fu, nihilism, philosophy, generations conflict, chinese woman, surrealism, laundromat, chinese",7.0214,45.6,No,7.7416,4/17/2025
American Psycho,2000.0,102.0,Mary Harron,Christian Bale,Justin Theroux,Josh Lucas,Crime,Drama,Horror,7.6,68.0,64.0,R,0,7,"new york city, based on novel or book, businessman, psychopath, dark comedy, satire, wall street, serial killer, chainsaw, big city",7.0112,45.5,No,7.7264,5/30/2023
Lethal Weapon 2,1989.0,114.0,Richard Donner,Mel Gibson,Danny Glover,Joe Pesci,Action,Crime,Thriller,7.3,82.0,70.0,R,0,1,"showdown, police, loss of loved one, sequel, mixed martial arts (mma), gang, los angeles, california, police detective, buddy cop, diplomatic immunity",6.9951,36.7,No,7.7218,2/1/2026
Deadpool & Wolverine,2024.0,128.0,Shawn Levy,Ryan Reynolds,Hugh Jackman,Emma Corrin,Action,Adventure,Comedy,7.5,78.0,56.0,R,0,31,"hero, superhero, anti hero, mutant, breaking the fourth wall, aftercreditsstinger, duringcreditsstinger, marvel cinematic universe (mcu), mutants, superhero teamup",6.9809,44.4,No,7.7213,2/1/2026
Furious 7,2015.0,137.0,James Wan,Vin Diesel,Paul Walker,Dwayne Johnson,Action,Thriller,,7.1,81.0,67.0,PG-13,0,36,"car race, speed, street race, revenge, race, cars, suspenseful, admiring, excited",6.9646,42.1,No,7.7163,2/7/2026
Die Another Day,2002.0,133.0,Lee Tamahori,Pierce Brosnan,Halle Berry,Rosamund Pike,Action,Adventure,Thriller,6.1,56.0,56.0,PG-13,0,6,"post-traumatic stress disorder (ptsd), espionage, spy, demonstration, fencing, laser, satellite, iceland, sequel, hong kong",6.96,36.2,No,7.7144,6/12/2023
Dune: Part Two,2024.0,166.0,Denis Villeneuve,Timothée Chalamet,Zendaya,Rebecca Ferguson,Action,Adventure,Drama,8.4,92.0,79.0,PG-13,2,125,"based on novel or book, sandstorm, chosen one, distant future, creature, planet, desert, destiny, giant worm, space opera",6.9582,44.1,No,7.7114,3/10/2024
Pain & Gain,2013.0,129.0,Michael Bay,Mark Wahlberg,Dwayne Johnson,Anthony Mackie,Action,Biography,Comedy,6.4,49.0,45.0,R,0,0,"miami, florida, scam, weight lifting, weightlifting, duringcreditsstinger",6.9549,44.1,No,7.7053,2/7/2026
Avengers: Endgame,2019.0,181.0,Anthony Russo,Robert Downey Jr.,Chris Evans,Mark Ruffalo,Action,Adventure,Sci-Fi,8.4,94.0,78.0,PG-13,0,70,"superhero, time travel, space travel, time machine, based on comic, sequel, alien invasion, superhero team, marvel cinematic universe (mcu), alternate timeline",6.9529,36.1,No,7.7019,2/1/2026
Jumanji: Welcome to the Jungle,2017.0,119.0,Jake Kasdan,Dwayne Johnson,Karen Gillan,Kevin Hart,Action,Adventure,Comedy,6.9,77.0,58.0,PG-13,0,5,"video game, fighter, sequel, detention, explorer, based on movie, gaming, quest, cartographer, action hero",6.9489,44.3,No,7.6942,2/7/2026
Star Wars: Episode VIII - The Last Jedi,2017.0,152.0,Rian Johnson,Daisy Ridley,John Boyega,Mark Hamill,Action,Adventure,Fantasy,6.8,91.0,84.0,PG-13,0,26,"bunker, space battle, defeat, failure, sequel, blunt, space opera, military operation, tuwaderalit",6.9476,36.0,No,7.6919,2/7/2026
Bridge of Spies,2015.0,142.0,Steven Spielberg,Tom Hanks,Mark Rylance,Alan Alda,Drama,History,Thriller,7.6,91.0,81.0,PG-13,1,30,"central intelligence agency (cia), spy, cold war, soviet union, pilot, based on true story, lawyer, american, courtroom, russian spy",6.9472,44.2,No,7.6914,5/4/2025
Bohemian Rhapsody,2018.0,134.0,Bryan Singer,Rami Malek,Lucy Boynton,Gwilym Lee,Biography,Drama,Music,7.9,60.0,49.0,PG-13,4,50,"london, england, aids, musician, 1970s, biography, based on true story, singer, hiv, male homosexuality, fame",6.9451,45.8,No,7.6874,2/7/2026
Superman Returns,2006.0,154.0,Bryan Singer,Brandon Routh,Kevin Spacey,Kate Bosworth,Action,Adventure,Sci-Fi,6.1,72.0,72.0,PG-13,0,12,"saving the world, superhero, invulnerability, based on comic, sequel, super power, kryptonite, superhuman strength",6.9449,44.5,No,7.6873,2/1/2026
Spider-Man: Brand New Day,2026.0,122.0,Destin Daniel Cretton,Tom Holland,Zendaya,Sadie Sink,Adventure,Fantasy,Sci-Fi,,,,,0,0,"superhero, based on comic, sequel, super power, marvel cinematic universe (mcu), masked superhero",6.9425,44.5,No,7.6828,2/7/2026
Star Wars: Episode VII - The Force Awakens,2015.0,138.0,J.J. Abrams,Daisy Ridley,John Boyega,Oscar Isaac,Action,Adventure,Sci-Fi,7.7,93.0,80.0,PG-13,0,64,"android, spacecraft, space opera, brisk, disrespectful, tuwaderalit",6.9387,44.3,No,7.6755,2/7/2026
Rudy,1993.0,114.0,David Anspaugh,Sean Astin,Jon Favreau,Ned Beatty,Biography,Drama,Sport,7.5,80.0,71.0,PG,0,2,"underdog, sports, american football, biography, based on true story, family relationships, aspiration",6.9349,44.3,No,7.6682,6/26/2023
The Drama,2026.0,105.0,Kristoffer Borgli,Zendaya,Robert Pattinson,Alana Haim,Comedy,Drama,Romance,7.3,,59.0,R,0,0,"infidelity, boston, massachusetts, dark comedy, romcom, engaged couple, trust issues, romantic, adoring, sympathetic",6.9285,44.8,No,7.6557,5/11/2026
Silver Linings Playbook,2012.0,122.0,David O. Russell,Bradley Cooper,Jennifer Lawrence,Robert De Niro,Comedy,Drama,Romance,7.7,92.0,81.0,R,1,90,"depression, infidelity, dancing, friendship, philadelphia, pennsylvania, based on novel or book, italian american, widow, superstition, letter",6.9203,35.7,No,7.6402,2/1/2026
Batman v Superman: Dawn of Justice,2016.0,151.0,Zack Snyder,Ben Affleck,Henry Cavill,Amy Adams,Sci-Fi,,,6.4,28.0,44.0,R,0,14,"superhero, based on comic, revenge, vigilante, super power, dc extended universe (dceu), antagonistic",6.8957,35.3,No,7.6193,2/7/2026
Captain America: Civil War,2016.0,147.0,Anthony Russo,Chris Evans,Robert Downey Jr.,Scarlett Johansson,Action,Sci-Fi,,7.8,90.0,75.0,PG-13,0,16,"superhero, based on comic, sequel, super soldier, aftercreditsstinger, duringcreditsstinger, marvel cinematic universe (mcu), superhero teamup",6.88,34.7,No,7.616,2/1/2026
Quantum of Solace,2008.0,106.0,Marc Forster,Daniel Craig,Olga Kurylenko,Mathieu Amalric,Action,Adventure,Mystery,6.5,63.0,58.0,PG-13,0,4,"undercover, spy, killing, secret agent, austria, mi6, british secret service, james bond, intense, powerful",6.8615,34.5,No,7.6074,6/12/2023
American Underdog,2021.0,112.0,Andrew Erwin,Zachary Levi,Anna Paquin,Hayden Zaller,Biography,Drama,Romance,7.1,75.0,53.0,PG,0,0,"american football, biography, based on true story, los angeles, california, aftercreditsstinger, nfl (national football league)",6.8551,34.7,No,7.6063,6/29/2022
Bugsy,1991.0,136.0,Barry Levinson,Warren Beatty,Annette Bening,Harvey Keitel,Biography,Crime,Drama,6.8,84.0,80.0,R,2,12,"hotel, casino, hitman, psychopath, biography, romance, money, mafia, hollywood, las vegas",6.854,42.6,No,7.6045,2/7/2026
Black Panther,2018.0,134.0,Ryan Coogler,Chadwick Boseman,Michael B. Jordan,Lupita Nyong'o,Action,Adventure,Sci-Fi,7.3,96.0,88.0,PG-13,3,125,"africa, superhero, based on comic, aftercreditsstinger, duringcreditsstinger, marvel cinematic universe (mcu)",6.8502,34.3,No,7.5972,2/1/2026
Lethal Weapon,1987.0,109.0,Richard Donner,Mel Gibson,Danny Glover,Gary Busey,Action,Crime,Thriller,7.6,81.0,68.0,R,0,5,"showdown, police, self-destruction, mixed martial arts (mma), los angeles, california, police detective, ex soldier, buddy cop, lapd, buddy comedy",6.8469,34.6,No,7.5908,2/1/2026
As Good as It Gets,1997.0,139.0,James L. Brooks,Jack Nicholson,Helen Hunt,Greg Kinnear,Comedy,Drama,Romance,7.7,86.0,67.0,PG-13,2,38,"new york city, friendship, waitress, single parent, restaurant, lone wolf, dogsitter, road trip, racist, neighbor",6.8459,43.1,No,7.5891,2/1/2026
Ant-Man and the Wasp,2018.0,118.0,Peyton Reed,Paul Rudd,Evangeline Lilly,Michael Peña,Action,Adventure,Comedy,7.0,87.0,70.0,PG-13,0,2,"van, dreams, insect, flying, chase, fight, superhero, ant, nuclear missile, shrinking",6.8398,34.5,No,7.5772,2/1/2026
The Intern,2015.0,121.0,Nancy Meyers,Robert De Niro,Anne Hathaway,Rene Russo,Comedy,Drama,,7.1,59.0,51.0,PG-13,0,1,"new york city, friendship, san francisco, california, office, masseuse, website, tai chi, internet, fish out of water, brooklyn, new york city",6.8201,34.2,No,7.5382,5/22/2023
Star Wars: Episode IX - The Rise of Skywalker,2019.0,141.0,J.J. Abrams,Daisy Ridley,John Boyega,Oscar Isaac,Action,Adventure,Fantasy,6.3,51.0,53.0,PG-13,0,21,space opera,6.8169,34.2,No,7.532,2/7/2026
Cape Fear,1991.0,128.0,Martin Scorsese,Robert De Niro,Nick Nolte,Jessica Lange,Crime,Drama,Thriller,7.3,77.0,73.0,R,0,5,"prison, small town, child abuse, rape, houseboat, cigar smoking, remake, revenge, stalking, lawyer",6.8024,43.9,No,7.5034,2/7/2026
Man of Steel,2013.0,143.0,Zack Snyder,Henry Cavill,Amy Adams,Michael Shannon,Action,Adventure,Sci-Fi,7.1,57.0,55.0,PG-13,0,7,"saving the world, flying, hope, superhero, based on comic, alien planet, superhuman, alien invasion, super power, mysterious force",6.7912,32.9,No,7.4812,2/1/2026
Gone Girl,2014.0,149.0,David Fincher,Ben Affleck,Rosamund Pike,Neil Patrick Harris,Drama,Mystery,Thriller,8.1,88.0,79.0,R,0,64,"infidelity, based on novel or book, wife, marriage crisis, investigation, disappearance, psychological thriller, whodunit, cynical, missing person",6.7837,41.6,No,7.4746,7/10/2023
Batman: Mask of the Phantasm,1993.0,76.0,Kevin Altieri,Kevin Conroy,Dana Delany,Hart Bochner,Animation,Action,Adventure,7.8,83.0,65.0,PG,0,0,"secret identity, superhero, cartoon, based on comic, organized crime, based on cartoon, urban setting, super power, adult animation, super villain",6.7631,33.4,No,7.4618,2/1/2026
Focus,2015.0,105.0,Glenn Ficarra,Will Smith,Margot Robbie,Rodrigo Santoro,Comedy,Crime,Drama,6.6,,56.0,R,0,0,"seduction, con man, illusion, deception, rivalry, femme fatale, con artist, illusionist, serious",6.7489,33.2,No,7.4615,2/9/2026
American History X,1998.0,119.0,Tony Kaye,Edward Norton,Edward Furlong,Beverly D'Angelo,Crime,Drama,,8.5,84.0,62.0,R,0,4,"prison, neo-nazism, rape, skinhead, sibling relationship, swastika, nazi, brother, fascism, tragedy",6.7344,41.2,No,7.4609,2/10/2024
John Wick: Chapter 4,2023.0,169.0,Chad Stahelski,Keanu Reeves,Laurence Fishburne,George Georgiou,Action,Crime,Thriller,7.6,94.0,78.0,R,0,38,"new york city, martial arts, berlin, germany, paris, france, hitman, sequel, organized crime, osaka, japan, blindness, aftercreditsstinger",6.7293,41.9,No,7.4548,6/12/2023
"The Good, the Bad and the Ugly",1966.0,178.0,Sergio Leone,Clint Eastwood,Eli Wallach,Lee Van Cleef,Adventure,Drama,Western,8.8,97.0,90.0,R,0,2,"gold, army, bounty hunter, hitman, refugee, anti hero, moral ambiguity, gallows, outlaw, gun battle",6.7241,32.8,No,7.4448,6/29/2023
The Lord of the Rings: The Two Towers,2002.0,179.0,Peter Jackson,Elijah Wood,Ian McKellen,Viggo Mortensen,Adventure,Drama,Fantasy,8.8,95.0,87.0,PG-13,2,132,"mission, army, based on novel or book, elves, dwarf, magic, christianity, obsession, allegory, bravery",6.7219,32.8,No,7.4407,2/7/2026
Borat,2006.0,84.0,Larry Charles,Sacha Baron Cohen,Ken Davitian,Luenell,Comedy,,,7.4,90.0,89.0,R,0,20,"journalist, california, prostitute, rodeo, kazakhstan, demeanor course, chicken, driving school, satire, mockumentary",6.7166,32.7,No,7.4303,5/19/2023
Locke,2013.0,85.0,Steven Knight,Tom Hardy,Olivia Colman,Ruth Wilson,Drama,,,7.1,91.0,83.0,R,0,7,"infidelity, london, england, husband wife relationship, england, pregnancy, road trip, construction site, one night, driving",6.7155,42.6,No,7.4283,7/10/2023
The Iron Claw,2023.0,132.0,Sean Durkin,Zac Efron,Jeremy Allen White,Harris Dickinson,Biography,Drama,Sport,7.5,89.0,73.0,R,0,4,"suicide, coma, sports, 1970s, texas, wrestling, brotherhood, biography, dallas, texas, based on true story",6.7029,32.5,No,7.4035,2/7/2026
Rocky III,1982.0,99.0,Sylvester Stallone,Sylvester Stallone,Talia Shire,Burt Young,Drama,Sport,,6.9,65.0,57.0,PG,0,3,"dying and death, transporter, sports, trainer, boxer, comeback, defeat, training, world champion, challenger",6.7006,32.5,No,7.3992,2/7/2026
The Pursuit of Happyness,2006.0,117.0,Gabriele Muccino,Will Smith,Thandiwe Newton,Jaden Smith,Biography,Drama,,8.0,67.0,64.0,PG-13,0,12,"work, worker, homeless person, single parent, san francisco, california, bus, homelessness, church service, bad luck, biography",6.6988,32.5,No,7.3959,2/23/2023
Blood Diamond,2006.0,143.0,Edward Zwick,Leonardo DiCaprio,Djimon Hounsou,Jennifer Connelly,Adventure,Drama,Thriller,8.0,64.0,64.0,R,0,8,"bootlegger, journalist, smuggling (contraband), loss of loved one, africa, rwandan genocide, rebel, journalism, slavery, fisherman",6.6942,40.3,No,7.3871,6/29/2022
Speed,1994.0,116.0,Jan de Bont,Keanu Reeves,Dennis Hopper,Sandra Bullock,Action,Adventure,Thriller,7.3,95.0,78.0,R,2,21,"s.w.a.t., bomber, bus bomb, los angeles, california, falling elevator, bomb planting, lapd, trapped in an elevator, subway train, bomb explosion",6.6902,32.3,No,7.3793,2/1/2026
Philadelphia,1993.0,125.0,Jonathan Demme,Tom Hanks,Denzel Washington,Roberta Maxwell,Drama,,,7.7,83.0,66.0,PG-13,2,21,"philadelphia, pennsylvania, court, jurors, aids, pennsylvania, usa, homophobia, lawsuit, partner, hiv, lawyer",6.6815,32.2,No,7.3778,2/7/2026
Wonder,2017.0,113.0,Stephen Chbosky,Jacob Tremblay,Owen Wilson,Izabela Vidovic,Drama,Family,,7.9,86.0,66.0,PG,0,5,"exclusion, bullying, coney island, prejudice, school, based on children's book, family, physical disability, treacher collins syndrome, relaxed",6.6665,32.0,No,7.3763,2/1/2026
Cast Away,2000.0,143.0,Robert Zemeckis,Tom Hanks,Helen Hunt,Paul Sanchez,Adventure,Drama,Romance,7.8,88.0,74.0,PG-13,0,15,"exotic island, suicide attempt, volleyball, survival, remarriage, loneliness, castaway, airplane crash, presumed dead, deserted island",6.652,31.8,No,7.3754,6/28/2023
The Terminal,2004.0,128.0,Steven Spielberg,Tom Hanks,Catherine Zeta-Jones,Chi McBride,Comedy,Drama,Romance,7.4,61.0,55.0,PG-13,0,7,"new york city, friendship, marriage proposal, airport, stewardess, translation, illegal immigration, language barrier, immigration law, craftsman",6.6301,29.8,No,7.3563,5/30/2023
Miracle on 34th Street,1947.0,96.0,George Seaton,Edmund Gwenn,Maureen O'Hara,John Payne,Comedy,Drama,Family,7.9,96.0,88.0,Approved,3,10,"new york city, court, judge, parent child relationship, holiday, department store, santa claus, thanksgiving, psychologist, lawyer",6.6293,31.5,No,7.3549,12/18/2023
Deadpool,2016.0,108.0,Tim Miller,Ryan Reynolds,Morena Baccarin,T.J. Miller,Action,Comedy,Sci-Fi,8.0,85.0,65.0,R,0,29,"superhero, anti hero, mercenary, based on comic, aftercreditsstinger, duringcreditsstinger",6.624,31.4,No,7.3447,2/1/2026
Rocky II,1979.0,119.0,Sylvester Stallone,Sylvester Stallone,Talia Shire,Burt Young,Drama,Sport,,7.3,70.0,61.0,PG,0,2,"hero, husband wife relationship, coma, transporter, love of one's life, intensive care, sports, publicity, boxer, training",6.6231,31.4,No,7.343,2/7/2026
Baby Driver,2017.0,113.0,Edgar Wright,Ansel Elgort,Jon Bernthal,Jon Hamm,Action,Crime,Drama,7.5,92.0,86.0,R,0,43,"robbery, waitress, atlanta, crime boss, romance, heist, getaway car, on the run, shootout, bank robbery",6.6227,29.7,No,7.3427,8/11/2025
The Lord of the Rings: The Fellowship of the Ring,2001.0,178.0,Peter Jackson,Elijah Wood,Ian McKellen,Orlando Bloom,Adventure,Drama,Fantasy,8.9,91.0,92.0,PG-13,4,126,"based on novel or book, elves, dwarf, magic, christianity, obsession, allegory, bravery, fireworks, mine",6.6225,31.1,No,7.3426,2/7/2026
Superman,2025.0,129.0,James Gunn,David Corenswet,Rachel Brosnahan,Nicholas Hoult,Adventure,Sci-Fi,,7.0,83.0,68.0,PG-13,0,5,"superhero, based on comic, super power, aftercreditsstinger, duringcreditsstinger, supervillain, dc universe (dcu), anti-imperialism, excited",6.6102,29.5,No,7.3182,2/1/2026
The Notebook,2004.0,123.0,Nick Cassavetes,Gena Rowlands,James Garner,Rachel McAdams,Drama,Romance,,7.8,54.0,53.0,PG-13,0,12,"secret love, soulmates, based on novel or book, love of one's life, fight, poem, river, sadness, class, dementia",6.6088,31.2,No,7.3157,6/29/2022
The Lord of the Rings: The Return of the King,2003.0,201.0,Peter Jackson,Elijah Wood,Viggo Mortensen,Ian McKellen,Adventure,Drama,Fantasy,9.0,94.0,94.0,PG-13,11,215,"army, based on novel or book, elves, dwarf, magic, kingdom, christianity, obsession, allegory, bravery",6.6074,30.8,No,7.3132,2/7/2026
Master and Commander: The Far Side of the World,2003.0,138.0,Peter Weir,Russell Crowe,Paul Bettany,Billy Boyd,Action,Adventure,Drama,7.5,85.0,81.0,PG-13,2,23,"ship, navy, based on novel or book, surgeon, royal navy, historical fiction, period drama, napoleonic wars, naturalist, frigate",6.6066,31.1,No,7.3118,2/1/2026
The Abyss,1989.0,140.0,James Cameron,Ed Harris,Mary Elizabeth Mastrantonio,Michael Biehn,Adventure,Drama,Mystery,7.5,76.0,62.0,PG-13,1,9,"sea, flying saucer, submarine, ocean, diving suit, secret mission, insanity, nuclear missile, u.s. navy, alien life-form",6.6043,31.1,No,7.3076,2/3/2024
Wall Street,1987.0,126.0,Oliver Stone,Charlie Sheen,Tamara Tunie,Franklin Cover,Crime,Drama,,7.3,79.0,56.0,R,1,9,"new york city, fraud, wall street, broker, finances, stockbroker, lawyer, union, millionaire, manhattan, new york city",6.5916,30.9,No,7.3061,1/1/2025
The Mosquito Bowl,2026.0,122.0,Peter Berg,Nicholas Galitzine,Bill Skarsgård,Ray Nicholson,Drama,History,War,,,,,0,0,"based on novel or book, american football, world war ii, pearl harbor, marine corps, based on true story, okinawa, historical drama, 1940s, college american football",6.5746,30.7,No,7.3005,8/28/2025
Cheaper by the Dozen,2003.0,98.0,Shawn Levy,Steve Martin,Bonnie Hunt,Hilary Duff,Comedy,Family,,5.9,25.0,46.0,PG,0,2,"chicago, illinois, husband wife relationship, based on novel or book, american football coach, big family, family relationships, remake, sibling, new job, aspiring actor",6.5569,30.4,No,7.2937,6/29/2022
Zodiac,2007.0,157.0,David Fincher,Jake Gyllenhaal,Robert Downey Jr.,Mark Ruffalo,Crime,Drama,Mystery,7.7,90.0,79.0,R,0,3,,6.5477,28.6,No,7.2925,5/7/2026
"New York, New York",1977.0,155.0,Martin Scorsese,Liza Minnelli,Robert De Niro,Lionel Stander,Drama,Music,Musical,6.6,58.0,64.0,PG,0,2,"new york city, jazz, jazz singer or musician, saxophonist, musical, borderline personality disorder, aspiring singer, falling in love, band singer, post world war ii",6.5451,30.2,No,7.2871,2/7/2026
The Death of Stalin,2017.0,107.0,Armando Iannucci,Steve Buscemi,Simon Russell Beale,Jeffrey Tambor,Comedy,Drama,History,7.3,94.0,88.0,R,0,18,"chaos, dictator, socialism, dark comedy, satire, biography, based on true story, joseph stalin, biting, death",6.5419,30.2,No,7.2808,5/22/2026
Blow,2001.0,124.0,Ted Demme,Johnny Depp,Penélope Cruz,Franka Potente,Biography,Crime,Drama,7.5,56.0,52.0,R,0,3,"drug smuggling, war on drugs, drug trafficking, 1970s, drug addiction, rise and fall, cautionary, factual, dramatic, suspenseful",6.5374,30.1,No,7.2718,6/29/2022
Nuremberg,2025.0,148.0,James Vanderbilt,Rami Malek,Russell Crowe,Michael Shannon,Biography,Drama,History,7.4,72.0,61.0,PG-13,0,4,"based on novel or book, world war ii, nuremberg trials, based on true story, nuremberg, germany, post world war ii, historical drama, 1940s, hermann göring",6.5366,30.1,No,7.2705,12/16/2025
The Hunger Games: Mockingjay - Part 1,2014.0,123.0,Francis Lawrence,Jennifer Lawrence,Josh Hutcherson,Liam Hemsworth,Action,Adventure,Sci-Fi,6.6,70.0,64.0,PG-13,0,21,"based on novel or book, resistance, dystopia, post-apocalyptic future, sequel, female protagonist, bow and arrow, game, future war, revolt",6.5354,29.8,No,7.2684,6/5/2024
The Smashing Machine,2025.0,123.0,Benny Safdie,Dwayne Johnson,Emily Blunt,Ryan Bader,Action,Biography,Drama,6.3,71.0,65.0,R,0,3,"sports, drug addiction, biography, based on true story, mixed martial arts (mma), price of fame, 1990s, sports drama, depressed, self awareness",6.5346,30.1,No,7.2671,2/7/2026
White Men Can't Jump,1992.0,115.0,Ron Shelton,Wesley Snipes,Woody Harrelson,Rosie Perez,Comedy,Sport,,6.8,75.0,65.0,R,0,0,"friendship, sports, white trash, male friendship, racial segregation, basketball, streetball, jeopardy, los angeles, california, buddy",6.5339,30.1,No,7.266,2/7/2026
The Hunger Games,2012.0,142.0,Gary Ross,Jennifer Lawrence,Josh Hutcherson,Liam Hemsworth,Action,Adventure,Sci-Fi,7.2,84.0,68.0,PG-13,0,34,"based on novel or book, revolution, dystopia, monarchy, female protagonist, fashion, bow and arrow, game, hunting, archery",6.5319,29.7,No,7.2622,6/5/2024
The Hunger Games: Catching Fire,2013.0,146.0,Francis Lawrence,Jennifer Lawrence,Josh Hutcherson,Liam Hemsworth,Action,Adventure,Sci-Fi,7.5,90.0,76.0,PG-13,0,22,"rebellion, based on novel or book, propaganda, dystopia, uprising, sequel, president, survival, murder, conspiracy",6.5308,29.7,No,7.2603,6/5/2024
Elysium,2013.0,109.0,Neill Blomkamp,Matt Damon,Jodie Foster,Sharlto Copley,Action,Drama,Sci-Fi,6.6,64.0,61.0,R,0,1,"future, capitalism, dystopia, space station, class conflict, late stage capitalism, health inequality, social inequality, wealth inequality",6.5282,30.0,No,7.2583,2/7/2026
Warrior,2011.0,140.0,Gavin O'Connor,Tom Hardy,Nick Nolte,Joel Edgerton,Action,Drama,Sport,8.1,84.0,71.0,PG-13,0,6,"bank, training, beating, mixed martial arts (mma), teacher, muscleman, combat, alcoholic, gym, exercise",6.511,29.8,No,7.2525,5/4/2025
J. Edgar,2011.0,137.0,Clint Eastwood,Leonardo DiCaprio,Armie Hammer,Naomi Watts,Biography,Drama,Romance,6.5,44.0,59.0,R,0,5,"fbi, biography, historical figure, lgbt, gay theme",6.4956,29.5,No,7.2502,2/7/2026
Office Space,1999.0,89.0,Mike Judge,Ron Livingston,Jennifer Aniston,David Herman,Comedy,,,7.6,82.0,68.0,R,0,1,"work, waitress, printer, bad boss, satire, dallas, texas, suburbia, co-workers relationship, corporate world, downsizing",6.4788,29.3,No,7.2452,2/1/2026
Michael,2026.0,127.0,Antoine Fuqua,Jaafar Jackson,Nia Long,Colman Domingo,Biography,Drama,History,7.7,39.0,39.0,PG-13,0,2,"child abuse, sibling relationship, 1970s, abusive father, ambition, biography, singer, period drama, music history, price of fame",6.4728,29.2,No,7.2428,5/7/2026
Schindler's List,1993.0,195.0,Steven Spielberg,Liam Neeson,Ralph Fiennes,Ben Kingsley,Biography,Drama,History,9.0,98.0,95.0,R,7,91,"factory, hero, nazi, concentration camp, ss (nazi schutzstaffel), holocaust (shoah), world war ii, ghetto, jew persecution, kraków, poland",6.4712,28.9,No,7.2398,5/11/2026
Hereafter,2010.0,129.0,Clint Eastwood,Matt Damon,Cécile de France,Bryce Dallas Howard,Drama,Fantasy,Romance,6.5,48.0,56.0,PG-13,0,4,"journalist, afterlife, tsunami",6.4678,27.4,No,7.2335,5/11/2026
Jumanji,1995.0,104.0,Joe Johnston,Robin Williams,Kirsten Dunst,Bonnie Hunt,Adventure,Comedy,Family,7.1,55.0,41.0,PG,0,4,"giant insect, board game, disappearance, jungle, recluse, stampede, based on young adult novel, vibrant",6.4668,29.1,No,7.2317,2/7/2026
Moonlight,2016.0,111.0,Barry Jenkins,Mahershala Ali,Naomie Harris,Trevante Rhodes,Drama,,,7.4,98.0,99.0,R,3,235,"drug dealer, high school, florida, drug abuse, miami, florida, parent child relationship, fight, homophobia, drug addiction, ghetto",6.4634,28.7,No,7.2251,5/11/2026
Road House,1989.0,114.0,Rowdy Herrington,Patrick Swayze,Kelly Lynch,Sam Elliott,Action,Thriller,,6.7,44.0,36.0,R,0,0,"new love, showdown, protection money, nightclub, roadhouse, fistfight, stripper, strip club, revenge, bouncer",6.4604,29.0,No,7.2194,8/4/2022
Justice League,2017.0,120.0,Zack Snyder,Ben Affleck,Gal Gadot,Jason Momoa,Sci-Fi,,,6.0,39.0,45.0,PG-13,0,2,"superhero, based on comic, super power, superhero team, aftercreditsstinger, duringcreditsstinger, dc extended universe (dceu)",6.4565,28.6,No,7.2119,2/26/2026
The Suicide Squad,2021.0,132.0,James Gunn,Margot Robbie,Idris Elba,John Cena,Action,Adventure,Comedy,7.2,,72.0,R,0,4,"monster, secret mission, superhero, anti hero, giant monster, gore, based on comic, alien, betrayal, alien invasion",6.442,28.4,No,7.2061,2/7/2026
American Hustle,2013.0,138.0,David O. Russell,Christian Bale,Amy Adams,Bradley Cooper,Crime,Drama,,7.2,92.0,90.0,R,0,70,"new jersey, 1970s, fbi, mayor, con artist, mobster, scam, hair, century, assertive",6.4277,28.6,No,7.206,5/23/2023
Armageddon,1998.0,151.0,Michael Bay,Bruce Willis,Billy Bob Thornton,Ben Affleck,Action,Adventure,Sci-Fi,6.7,43.0,42.0,PG-13,0,15,"daughter, race against time, space marine, moon, washington dc, usa, saving the world, cataclysm, paris, france, asteroid, self sacrifice",6.4104,28.3,No,7.1999,2/7/2026
Friday,1995.0,91.0,F. Gary Gray,Ice Cube,Chris Tucker,Nia Long,Comedy,Drama,,7.2,,54.0,R,0,1,"drug dealer, rap music, parent child relationship, rapper, male friendship, urban life, slacker, pot smoking, bully, marijuana",6.4002,28.2,No,7.1975,7/23/2022
"Good Morning, Vietnam",1987.0,121.0,Barry Levinson,Robin Williams,Forest Whitaker,Tom T. Tran,Biography,Comedy,Drama,7.3,90.0,67.0,R,0,7,"dying and death, vietnam war, rock 'n' roll, vietnam, vietcong, right and justice, explosive, war crimes, radio station, radio presenter",6.3984,28.1,No,7.1943,2/1/2026
War Machine,2026.0,106.0,Patrick Hughes,Alan Ritchson,Stephan James,Blake Richardson,Action,Sci-Fi,Thriller,6.3,,54.0,R,0,0,"struggle for survival, military training, hostile, afghanistan veteran, alien hunters, alien arrival, military sci-fi, u.s. army ranger, extraterrestrial threat, special forces training",6.3954,28.1,No,7.1884,5/11/2026
The Hunger Games: Mockingjay - Part 2,2015.0,137.0,Francis Lawrence,Jennifer Lawrence,Josh Hutcherson,Liam Hemsworth,Action,Adventure,Sci-Fi,6.6,70.0,65.0,PG-13,0,15,"strong woman, based on novel or book, revolution, dystopia, death match, based on young adult novel",6.3944,27.7,No,7.1869,6/5/2024
Ronin,1998.0,122.0,John Frankenheimer,Robert De Niro,Jean Reno,Natascha McElhone,Action,Crime,Thriller,7.2,69.0,67.0,R,0,1,"france, paris, france, arms deal, mercenary, suitcase, heist, shootout, impostor, ira (irish republican army), cafe",6.3898,28.0,No,7.1778,5/23/2023
Birdman or (The Unexpected Virtue of Ignorance),2014.0,119.0,Alejandro G. Iñárritu,Michael Keaton,Zach Galifianakis,Edward Norton,Comedy,Drama,,7.7,91.0,87.0,R,4,193,"new york city, midlife crisis, show business, superhero, dark comedy, times square, alter ego, aging actor, broadway, magic realism",6.3816,27.5,No,7.1617,5/11/2026
Doctor Dolittle,1998.0,85.0,Betty Thomas,Eddie Murphy,Peter Boyle,Ossie Davis,Comedy,Family,Fantasy,5.4,44.0,46.0,PG-13,0,4,"based on novel or book, tiger, san francisco, california, veterinarian, monkey, dog, talking to animals, woman director, father son relationship, father daughter relationship",6.3697,27.7,No,7.1382,6/29/2022
Dumb and Dumber To,2014.0,109.0,Bobby Farrelly,Jim Carrey,Jeff Daniels,Rob Riggle,Comedy,,,5.6,31.0,36.0,PG-13,0,1,"friendship, road trip, sequel, buddy comedy, aftercreditsstinger, duringcreditsstinger",6.3579,27.5,No,7.1293,6/29/2023
17 Again,2009.0,102.0,Burr Steers,Zac Efron,Matthew Perry,Leslie Mann,Comedy,Drama,Fantasy,6.4,57.0,48.0,PG-13,0,3,"high school, affectation, time travel, fake identity, bullying, basketball, high school sports, adult as a child, do over, age change",6.3425,27.3,No,7.1271,6/28/2025
Civil War,2024.0,109.0,Alex Garland,Kirsten Dunst,Wagner Moura,Cailee Spaeny,Action,Thriller,War,7.0,81.0,75.0,R,0,10,"sniper, new york city, race against time, washington dc, usa, the white house, civil war, post-traumatic stress disorder (ptsd), war crimes, photographer, militia",6.3219,27.0,No,7.1145,2/1/2026
Million Dollar Baby,2004.0,132.0,Clint Eastwood,Hilary Swank,Clint Eastwood,Morgan Freeman,Drama,Sport,,8.1,90.0,86.0,PG-13,4,68,"dying and death, transporter, strong woman, stroke of fate, advancement, sports, fight, suicide attempt, boxer, training",6.3062,26.8,No,7.1094,7/4/2023
The A-Team,2010.0,117.0,Joe Carnahan,Liam Neeson,Bradley Cooper,Sharlto Copley,Action,Adventure,Crime,6.7,48.0,47.0,PG-13,0,2,"plan, mexico, explosive, war crimes, secret mission, fear of flying, ex-lover, tank, military court, us army",6.301,25.0,No,7.0993,2/9/2026
Insomnia,2002.0,118.0,Christopher Nolan,Al Pacino,Robin Williams,Hilary Swank,Drama,Mystery,Thriller,7.2,92.0,78.0,R,0,1,"hotel, small town, homicide, confession, blackmail, detective, fbi, investigation, hallucination, insomnia",6.2998,34.3,No,7.0971,7/4/2023
The Insider,1999.0,157.0,Michael Mann,Russell Crowe,Al Pacino,Christopher Plummer,Biography,Drama,History,7.8,96.0,85.0,R,0,23,"newspaper, research, politics, spy, journalism, interview, tobacco, insider, conspiracy theory, reporter",6.2991,26.7,No,7.0961,2/1/2026
Youngblood,1986.0,110.0,Peter Markle,Rob Lowe,Cynthia Gibb,Patrick Swayze,Drama,Romance,Sport,6.2,44.0,51.0,R,0,1,"sports, ice hockey, coach, beating, hazing, locker room",6.298,26.7,No,7.0943,5/3/2023
Rocky V,1990.0,104.0,John G. Avildsen,Sylvester Stallone,Talia Shire,Burt Young,Drama,Sport,,5.4,32.0,55.0,PG-13,0,0,"career, friendship, philadelphia, pennsylvania, transporter, cataclysm, sports, restart, parent child relationship, praise, trainer",6.2951,26.6,No,7.0886,2/7/2026
Rush Hour 3,2007.0,91.0,Brett Ratner,Jackie Chan,Chris Tucker,Max von Sydow,Action,Comedy,Crime,6.3,17.0,44.0,PG-13,0,0,"martial arts, ambassador, cop, los angeles, california, interracial friendship, buddy cop, criminal organization, action hero",6.2936,26.6,No,7.086,5/21/2023
Get Smart,2008.0,110.0,Peter Segal,Steve Carell,Anne Hathaway,Alan Arkin,Action,Adventure,Comedy,6.5,51.0,54.0,PG-13,0,3,"dancing, mission, usa president, washington dc, usa, airplane, undercover agent, spy, sarcasm, bakery, los angeles, california",6.2871,26.5,No,7.0793,5/30/2023
Guardians of the Galaxy Vol. 3,2023.0,150.0,James Gunn,Chris Pratt,Chukwudi Iwuji,Bradley Cooper,Action,Adventure,Comedy,7.9,82.0,64.0,PG-13,0,12,"hero, superhero, mad scientist, based on comic, sequel, superhero team, space opera, raccoon, aftercreditsstinger, duringcreditsstinger",6.2715,24.6,No,7.0764,2/1/2026
Mortal Kombat II,2026.0,116.0,Simon McQuoid,Karl Urban,Ludi Lin,Jessica McNamee,Action,Adventure,Fantasy,6.8,64.0,,R,0,0,"martial arts, magic, ninja fighter, gore, sequel, god, alternate dimension, ninja, fighting, based on video game",6.2493,26.0,No,7.0601,5/11/2026
The Hunger Games: The Ballad of Songbirds & Snakes,2023.0,157.0,Francis Lawrence,Rachel Zegler,Tom Blyth,Viola Davis,Action,Adventure,Drama,6.6,64.0,54.0,PG-13,0,7,"daughter, based on novel or book, arena, fight, mentor, dystopia, riot, exploration, president, prequel",6.2306,24.6,No,7.0511,6/5/2024
Triple Frontier,2019.0,125.0,J.C. Chandor,Ben Affleck,Oscar Isaac,Charlie Hunnam,Action,Adventure,Thriller,6.5,71.0,61.0,R,0,0,"peru, cocaine, amazon rainforest, survival, drug cartel, drug lord, andes mountains, ex special forces, treasure heist",6.2252,23.9,No,7.0464,8/25/2023
Killers of the Flower Moon,2023.0,206.0,Martin Scorsese,Leonardo DiCaprio,Robert De Niro,Lily Gladstone,Crime,Drama,History,7.5,93.0,89.0,R,0,136,"husband wife relationship, based on novel or book, war veteran, fbi, greed, oklahoma, manipulation, native american, based on true story, murder",6.217,25.5,No,7.03,5/20/2023
Game Night,2018.0,100.0,John Francis Daley,Jason Bateman,Rachel McAdams,Kyle Chandler,Action,Adventure,Comedy,6.9,85.0,66.0,R,0,4,"jealousy, husband wife relationship, married couple, sarcasm, dark comedy, insult, revenge, neighbor, dog, game",6.2114,25.4,No,7.0189,2/1/2026
Monkey Man,2024.0,121.0,Dev Patel,Dev Patel,Sharlto Copley,Pitobash,Action,Crime,Thriller,6.8,89.0,70.0,R,0,11,"aggressive, indian, revenge thriller, serious, action thriller, night club, powerful",6.2083,25.4,No,7.0128,3/21/2024
About My Father,2023.0,90.0,Laura Terruso,Robert De Niro,Sebastian Maniscalco,Leslie Bibb,Comedy,,,5.8,37.0,39.0,PG-13,0,0,"chicago, illinois, culture clash, artist, military veteran, boyfriend girlfriend relationship, semi autobiographical, u.s. senator, country club, woman director, eccentric family",6.2081,25.4,No,7.0125,5/19/2023
"O Brother, Where Art Thou?",2000.0,107.0,Joel Coen,George Clooney,John Turturro,Tim Blake Nelson,Adventure,Comedy,Crime,7.7,78.0,69.0,PG-13,0,8,"music record, country music, based on novel or book, prophecy, southern usa, mississippi river, seduction, fraud, philosophical, reflective",6.1935,25.2,No,6.9838,5/21/2026
Ready Player One,2018.0,140.0,Steven Spielberg,Tye Sheridan,Olivia Cooke,Ben Mendelsohn,Action,Adventure,Sci-Fi,7.4,71.0,64.0,PG-13,0,11,"future, based on novel or book, video game, virtual reality, dystopia, nostalgia, love, film in film, evil corporation, nostalgic",6.1918,24.8,No,6.9806,3/21/2024
Pretty Woman,1990.0,119.0,Garry Marshall,Richard Gere,Julia Roberts,Jason Alexander,Comedy,Romance,,7.1,65.0,51.0,R,0,8,"prostitute, sports car, capitalism, expensive restaurant, workaholic, fire escape, romcom, los angeles, california, millionaire, valentine's day",6.1916,25.1,No,6.9806,2/7/2026
What About Bob?,1991.0,99.0,Frank Oz,Bill Murray,Richard Dreyfuss,Julie Hagerty,Comedy,,,7.0,82.0,60.0,PG,0,2,"idiot, neurosis, new hampshire, psychiatrist, family holiday, farce",6.1862,25.1,No,6.9699,1/24/2024
Pearl Harbor,2001.0,183.0,Michael Bay,Ben Affleck,Kate Beckinsale,Josh Hartnett,Action,Drama,Romance,6.3,24.0,44.0,PG-13,1,14,"army, airplane, nurse, patriotism, hawaii, world war ii, pilot, pearl harbor, u.s. air force, dyslexia",6.183,25.0,No,6.9638,2/7/2026
White Chicks,2004.0,109.0,Keenen Ivory Wayans,Marlon Wayans,Shawn Wayans,Busy Philipps,Comedy,Crime,,5.9,15.0,41.0,PG-13,0,3,"undercover, kidnapping, fbi, auction, nightclub, sleepover, cross dressing, car accident, shopping, news reporter",6.1768,24.9,No,6.9517,7/6/2023
Tears of the Sun,2003.0,121.0,Antoine Fuqua,Bruce Willis,Cole Hauser,Monica Bellucci,Action,Drama,Thriller,6.6,34.0,48.0,R,0,0,"civil war, war crimes, refugee, village, evacuation, border, rescue mission, us army, nigeria, president",6.1765,24.9,No,6.9514,2/3/2024
Jurassic World,2015.0,124.0,Colin Trevorrow,Chris Pratt,Bryce Dallas Howard,Ty Simpkins,Action,Adventure,Sci-Fi,6.9,72.0,59.0,PG-13,0,15,"island, primal fear, escape, velociraptor, dna, tyrannosaurus rex, animal attack, sequel, dinosaur, creature",6.1709,24.5,No,6.9405,2/7/2026
Ballerina,2025.0,124.0,Len Wiseman,Ana de Armas,Keanu Reeves,Ian McShane,Action,Adventure,Crime,6.8,,59.0,R,0,1,"assassin, tattoo, grenade, austria, training, female protagonist, female assassin, spin off, flamethrower, burning",6.1641,24.8,No,6.9286,2/7/2026
Michael Clayton,2007.0,119.0,Tony Gilroy,George Clooney,Tilda Swinton,Tom Wilkinson,Crime,Drama,Mystery,7.2,90.0,82.0,R,1,28,"new york city, killing, chambers of a barrister, restaurant, fake suicide, lawsuit, business ethics, scandal, crooked lawyer, cover-up",6.1485,22.8,No,6.9261,5/11/2026
Uncut Gems,2019.0,135.0,Benny Safdie,Adam Sandler,Julia Fox,Idina Menzel,Crime,Drama,Thriller,7.4,91.0,93.0,R,0,27,"bet, infidelity, new york city, gambling, auction, ethiopia, dark comedy, basketball, money, art house",6.1263,22.5,No,6.9101,2/1/2026
"I Love You, Man",2009.0,105.0,John Hamburg,Paul Rudd,Jason Segel,Rashida Jones,Comedy,Romance,,7.0,82.0,70.0,R,0,1,"marriage, male friendship, wedding, guitar player, rock band, real estate agent, fiancé fiancée relationship, male bonding, duringcreditsstinger, best man",6.1116,24.0,No,6.9093,7/6/2022
Extraction,2020.0,116.0,Sam Hargrave,Chris Hemsworth,Bryon Lerum,Ryder Lerum,Action,Crime,Thriller,6.8,67.0,56.0,R,0,4,"drug dealer, mercenary, crime boss, mumbai (bombay), india, rescue mission, based on comic, based on graphic novel, child kidnapping, dhaka (dacca), bangladesh",6.1036,22.2,No,6.9044,2/9/2026
Extraction II,2023.0,122.0,Sam Hargrave,Chris Hemsworth,Golshifteh Farahani,Adam Bessa,Action,Crime,Thriller,7.0,80.0,57.0,R,0,3,"assassin, hero, escape, explosive, mercenary, rescue mission, sequel, revenge, survival, based on graphic novel",6.0932,22.0,No,6.8839,2/9/2026
Wild Hogs,2007.0,100.0,Walt Becker,Tim Allen,Martin Lawrence,John Travolta,Action,Adventure,Comedy,5.9,14.0,27.0,PG-13,0,1,"small town, midlife crisis, road trip, slapstick comedy, politically incorrect, motorcycle, motorcycle gang, lgbt, road movie, awkwardness",6.0889,23.7,No,6.8756,6/29/2022
The Hot Chick,2002.0,104.0,Tom Brady,Rob Schneider,Rachel McAdams,Anna Faris,Comedy,Fantasy,,5.6,21.0,29.0,PG-13,0,0,"sexual identity, high school, friendship, jewelry, identity, gatekeeper, shopping mall, bullying, human body, thief",6.0717,23.4,No,6.8415,2/1/2026
Now You See Me 2,2016.0,129.0,Jon M. Chu,Jesse Eisenberg,Mark Ruffalo,Woody Harrelson,Action,Adventure,Comedy,6.4,34.0,46.0,PG-13,0,0,"prison, new york city, magic, kidnapping, fbi, card trick, secret society, hypnosis, illusion, twin brother",6.0597,22.2,No,6.8177,4/11/2026
Office Christmas Party,2016.0,105.0,Josh Gordon,Jason Bateman,Olivia Munn,T.J. Miller,Comedy,,,5.9,41.0,42.0,R,0,1,"chicago, illinois, holiday, christmas party, co-workers relationship, corporate downsizing, duringcreditsstinger, wild party, business deal, christmas, frantic",6.0509,21.4,No,6.8004,12/24/2025
Space Jam: A New Legacy,2021.0,115.0,Malcolm D. Lee,LeBron James,Don Cheadle,Cedric Joe,Animation,Adventure,Comedy,4.5,25.0,36.0,PG,0,7,"sports, cartoon, basketball, game, live action and animation",6.0293,21.1,No,6.7575,2/1/2026
The Sting,1973.0,129.0,George Roy Hill,Paul Newman,Robert Redford,Robert Shaw,Comedy,Crime,Drama,8.2,93.0,83.0,PG,7,18,"bet, chicago, illinois, repayment, horse race, con man, mafia boss, heist, caper, ragtime, off track betting",6.0152,22.3,No,6.751,2/7/2026
Friday Night Lights,2004.0,118.0,Peter Berg,Billy Bob Thornton,Jay Hernandez,Derek Luke,Action,Drama,Sport,7.2,82.0,70.0,PG-13,0,2,"high school, based on novel or book, sports, american football, texas, comeback, based on true story, coach, racism",5.979,21.0,No,6.7072,1/4/2024
Conspiracy Theory,1997.0,135.0,Richard Donner,Mel Gibson,Julia Roberts,Patrick Stewart,Action,Crime,Drama,6.7,59.0,50.0,R,0,4,"new york city, assassin, central intelligence agency (cia), helicopter, government, chase, politics, obsession, taxi driver, fbi",5.9136,19.5,No,6.6048,5/17/2026
42,2013.0,128.0,Brian Helgeland,Chadwick Boseman,T.R. Knight,Harrison Ford,Biography,Drama,Sport,7.5,80.0,62.0,PG-13,0,3,"sports, baseball, biography, racial segregation, based on true story, racial tension, racial prejudice, brooklyn dodgers, 1940s",5.8996,20.6,No,6.5963,6/29/2022
Pineapple Express,2008.0,111.0,David Gordon Green,Seth Rogen,James Franco,Gary Cole,Action,Comedy,Crime,6.9,,64.0,R,0,2,"smoking, witness, cannabis, marijuana, stoner, roach, painting toenails, radio call in show, seed, stoner movie",5.8979,19.2,No,6.5932,5/23/2026
This Is the End,2013.0,107.0,Evan Goldberg,James Franco,Jonah Hill,Seth Rogen,Comedy,Fantasy,Sci-Fi,6.6,82.0,67.0,R,0,10,"friendship, monster, panic, painting, exorcism, dark comedy, possession, satire, celebrity, friends",5.8714,18.8,No,6.5405,5/23/2026
Major League II,1994.0,105.0,David S. Ward,Charlie Sheen,Tom Berenger,Corbin Bernsen,Comedy,Sport,,5.7,5.0,,PG,0,1,"sports, baseball, sequel",5.8683,20.1,No,6.5346,6/20/2025
Rush Hour 2,2001.0,90.0,Brett Ratner,Jackie Chan,Chris Tucker,John Lone,Action,Comedy,Crime,6.7,50.0,48.0,PG-13,0,10,"martial arts, los angeles, california, criminal investigation, interracial friendship, buddy cop, duringcreditsstinger, action hero, good versus evil",5.7997,17.8,No,6.3976,5/21/2023
The Rainmaker,1997.0,135.0,Francis Ford Coppola,Matt Damon,Danny DeVito,Claire Danes,Crime,Drama,Thriller,7.2,82.0,72.0,PG-13,0,2,"court case, jurors, proof, leukemia, lawyer, courtroom, legal thriller, inspirational, dramatic",5.6671,15.9,No,6.1327,5/25/2023
A Time to Kill,1996.0,149.0,Joel Schumacher,Matthew McConaughey,Sandra Bullock,Samuel L. Jackson,Crime,Drama,Thriller,7.5,66.0,53.0,R,0,7,"sniper, rape, court, jurors, ku klux klan, mississippi river, forgiveness, blackmail, attempted murder, trial",5.6458,16.2,No,6.0905,2/1/2026
Without Remorse,2021.0,109.0,Stefano Sollima,Michael B. Jordan,Jodie Turner-Smith,Jamie Bell,Action,Drama,Thriller,5.8,45.0,41.0,R,0,0,"based on novel or book, u.s. navy seal, duringcreditsstinger",5.6141,16.5,No,6.0403,2/3/2024
"Me, Myself & Irene",2000.0,116.0,Bobby Farrelly,Jim Carrey,Renée Zellweger,Anthony Anderson,Comedy,,,6.6,47.0,49.0,R,0,2,"schizophrenia, road trip, ex-cop, aftercreditsstinger, duringcreditsstinger, hilarious, ridiculous",5.5185,23.4,No,5.8776,5/30/2023
Collateral,2004.0,120.0,Michael Mann,Tom Cruise,Jamie Foxx,Jada Pinkett Smith,Action,Crime,Drama,7.5,86.0,71.0,R,0,22,"taxi, police, hitman, hostage, self-fulfilling prophecy, taxi driver, fbi, nightclub, briefcase, sociopath",5.4915,13.4,No,5.8522,2/7/2026
The Adjustment Bureau,2011.0,106.0,George Nolfi,Matt Damon,Emily Blunt,Lisa Thoreson,Crime,Drama,Mystery,7.0,71.0,60.0,PG-13,0,1,"hotel, future, plan, dancer, hat, marriage, senator, kiss, politician, honesty",5.4691,13.1,No,5.8352,5/11/2026
Hell or High Water,2016.0,102.0,David Mackenzie,Chris Pine,Ben Foster,Jeff Bridges,Crime,Drama,Thriller,7.6,97.0,88.0,R,0,47,,5.4189,12.3,No,5.7351,5/7/2026
Wind River,2017.0,107.0,Taylor Sheridan,Elizabeth Olsen,Jeremy Renner,Graham Greene,Crime,Drama,Mystery,7.7,87.0,73.0,R,0,17,"wyoming, usa, fbi, investigation, native american, murder, native american reservation, questioning, mysterious, disturbed, nervous",5.3905,11.9,No,5.6786,5/6/2026
The Color of Money,1986.0,119.0,Martin Scorsese,Paul Newman,Tom Cruise,Mary Elizabeth Mastrantonio,Drama,Sport,,7.0,87.0,77.0,R,1,3,"sports, pool billiards, hustler, talent, inspirational, understated",5.3283,11.0,No,5.5545,1/19/2026
Eyes Wide Shut,1999.0,159.0,Stanley Kubrick,Tom Cruise,Nicole Kidman,Todd Field,Drama,Mystery,Thriller,7.5,76.0,69.0,R,0,12,"new york city, prostitute, based on novel or book, sexual obsession, sacrifice, christmas party, eroticism, orgy, masked ball, marriage",5.3241,20.6,No,5.5464,6/29/2022
The Killing,1956.0,84.0,Stanley Kubrick,Sterling Hayden,Coleen Gray,Vince Edwards,Crime,Drama,Film-Noir,7.9,96.0,91.0,Approved,0,0,"sniper, adultery, robbery, husband wife relationship, corruption, marriage crisis, gangster, ex-detainee, horse race, way of life",5.3138,12.5,No,5.5261,7/10/2023
Sicario: Day of the Soldado,2018.0,122.0,Stefano Sollima,Benicio Del Toro,Josh Brolin,Isabela Merced,Action,Crime,Drama,7.1,62.0,61.0,R,0,1,"rescue, central intelligence agency (cia), corruption, usa–mexico border, sequel, shootout, explosion, brutality, drugs, sign languages",5.3056,10.7,No,5.5099,2/1/2026
John Wick: Chapter 3 - Parabellum,2019.0,130.0,Chad Stahelski,Keanu Reeves,Halle Berry,Ian McShane,Action,Crime,Drama,7.4,89.0,73.0,R,0,18,"new york city, martial arts, bratva (russian mafia), casablanca, morocco, secret society, morocco, secret organization, black humor, sahara desert, sequel",5.2988,10.6,No,5.5012,6/12/2023
Marley & Me,2008.0,115.0,David Frankel,Owen Wilson,Jennifer Aniston,Eric Dane,Drama,Family,,7.0,63.0,53.0,PG,0,2,"journalist, based on novel or book, melancholy, puppy, love, dog, nostalgic, duringcreditsstinger, pets, columnist",5.223,9.5,No,5.3781,5/30/2023
Inside Man,2006.0,129.0,Spike Lee,Denzel Washington,Clive Owen,Jodie Foster,Crime,Drama,Mystery,7.6,86.0,76.0,R,0,5,"new york city, hostage, ultimatum, heist, police detective, bank robbery, hostage situation, nypd, manhattan, new york city",5.1661,10.0,No,5.293,2/7/2026
Joker,2019.0,122.0,Todd Phillips,Joaquin Phoenix,Robert De Niro,Zazie Beetz,Drama,,,8.3,68.0,59.0,R,2,120,"society, based on comic, social commentary, psychological thriller, criminal mastermind, mental illness, anarchy, character study, clown makeup, outsider",5.1514,9.1,No,5.2921,2/7/2026
Barry Lyndon,1975.0,185.0,Stanley Kubrick,Ryan O'Neal,Marisa Berenson,Patrick Magee,Adventure,Drama,War,8.1,78.0,89.0,PG,4,18,"based on novel or book, gambling, desertion, fencing, palace, british army, opportunist, wealth, debt, duel",5.1314,9.5,No,5.2601,7/10/2023
Dr. Strangelove or: How I Learned to Stop Worrying and Love the Bomb,1964.0,95.0,Stanley Kubrick,Peter Sellers,George C. Scott,Sterling Hayden,Comedy,War,,8.3,98.0,97.0,PG,0,14,"usa president, general, cold war, strategic air command, dark comedy, nuclear missile, satire, black and white, cynical, war room",5.1185,8.0,No,5.2344,5/11/2026
Knocked Up,2007.0,129.0,Judd Apatow,Seth Rogen,Katherine Heigl,Paul Rudd,Comedy,Romance,,6.9,90.0,85.0,R,0,8,"alcohol, pregnancy, bed, one-night stand, condom, paternity, drug use, beard, unprotected sex, duringcreditsstinger",5.1179,8.0,No,5.2335,10/7/2025
2001: A Space Odyssey,1968.0,149.0,Stanley Kubrick,Keir Dullea,Gary Lockwood,William Sylvester,Adventure,Sci-Fi,,8.3,90.0,84.0,G,1,18,"man vs machine, moon, jupiter, artificial intelligence (a.i.), based on novel or book, technology, super computer, space travel, space mission, moon base",5.0976,8.3,No,5.1933,6/29/2023
Nightcrawler,2014.0,117.0,Dan Gilroy,Jake Gyllenhaal,Rene Russo,Bill Paxton,Crime,Drama,Thriller,7.8,95.0,76.0,R,0,46,"underground, psychopath, journalism, job interview, cynicism, sociopath, murder, serial killer, crime scene, psychological thriller",5.0778,7.4,No,5.154,7/10/2023
"Planes, Trains & Automobiles",1987.0,93.0,John Hughes,Steve Martin,John Candy,Laila Robins,Comedy,Drama,,7.6,93.0,72.0,R,0,0,"chicago, illinois, new york city, holiday, thanksgiving, flight, road trip, train, buddy, receptionist, slob",4.8798,6.2,No,4.7583,2/1/2026
Glengarry Glen Ross,1992.0,100.0,James Foley,Al Pacino,Jack Lemmon,Alec Baldwin,Crime,Drama,Mystery,7.6,95.0,84.0,R,0,8,"estate agent, robbery, competition, office, dark comedy, shop, based on play or musical, betrayal, salesman, contest",4.8041,4.1,No,4.6071,2/7/2026
Hoffa,1992.0,140.0,Danny DeVito,Jack Nicholson,Danny DeVito,Armand Assante,Biography,Crime,Drama,6.6,52.0,50.0,R,0,2,"gangster, 1970s, trade union, disappearance, detroit, michigan, 1960s, unassuming, jimmy hoffa, dreary, serious",4.719,2.8,No,4.4619,5/29/2023
Home Alone 2: Lost in New York,1992.0,120.0,Chris Columbus,Macaulay Culkin,Joe Pesci,Daniel Stern,Adventure,Comedy,Crime,6.9,35.0,46.0,PG,0,3,"new york city, burglar, holiday, family relationships, sequel, slapstick comedy, little boy, home invasion, family, precocious child",4.6279,2.0,No,4.3086,12/24/2025
Glory,1989.0,122.0,Edward Zwick,Matthew Broderick,Denzel Washington,Cary Elwes,Biography,Drama,History,7.8,95.0,78.0,R,3,15,"based on true story, racism, battle, union soldier, confederate soldier, american civil war, 19th century, early america, african american history, american history",4.5743,2.0,No,4.2302,7/4/2023
Ferris Bueller's Day Off,1986.0,103.0,John Hughes,Matthew Broderick,Alan Ruck,Mia Sara,Comedy,,,7.8,83.0,61.0,PG-13,0,3,"chicago, illinois, high school, independence, coming of age, caper, breaking the fourth wall, teen movie, fantasy sequence, car theft, skipping school",4.5238,2.0,No,4.1457,7/4/2024
The Devil's Own,1997.0,111.0,Alan J. Pakula,Harrison Ford,Brad Pitt,Margaret Colin,Action,Crime,Drama,6.2,34.0,52.0,R,0,0,"new york city, assassin, anonymity, showdown, chase, politics, northern ireland, revenge, terrorism, ira (irish republican army)",4.453,2.0,No,4.0044,2/7/2026
Doctor Strange,2016.0,115.0,Scott Derrickson,Benedict Cumberbatch,Chiwetel Ejiofor,Rachel McAdams,Action,Adventure,Fantasy,7.5,89.0,72.0,PG-13,0,21,"magic, superhero, training, time, based on comic, sorcerer, doctor, neurosurgeon, injury, wizard",4.378,2.0,No,3.8546,2/7/2026
Passengers,2016.0,116.0,Morten Tyldum,Jennifer Lawrence,Chris Pratt,Michael Sheen,Drama,Romance,Sci-Fi,7.0,30.0,41.0,PG-13,0,2,"android, spacecraft, asteroid, isolation, shower, hibernation, swimming pool, automation, space, robot",4.2659,2.0,No,3.6309,2/1/2026
