Position,Const,Created,Modified,Description,Title,Original Title,URL,Title Type,IMDb Rating,Runtime (mins),Year,Genres,Num Votes,Release Date,Directors,Your Rating,Date Rated
1,tt5657846,6/9/2022,6/9/2022,,Daddy's Home 2,Daddy's Home 2,https://www.imdb.com/title/tt5657846/,Movie,6.1,100,2017,Comedy,93729,11/10/2017,Sean Anders,,
2,tt0315327,6/9/2022,6/9/2022,,Bruce Almighty,Bruce Almighty,https://www.imdb.com/title/tt0315327/,Movie,6.8,101,2003,"Comedy, Fantasy",474699,5/23/2003,Tom Shadyac,,
3,tt0133093,6/10/2022,6/10/2022,,The Matrix,The Matrix,https://www.imdb.com/title/tt0133093/,Movie,8.7,136,1999,"Action, Sci-Fi",2271953,3/31/1999,"Lana Wachowski, Lilly Wachowski",,
4,tt0332452,6/29/2022,6/29/2022,,Troy,Troy,https://www.imdb.com/title/tt0332452/,Movie,7.3,163,2004,"Action, Adventure",645527,5/14/2004,Wolfgang Petersen,,
5,tt0450259,6/29/2022,6/29/2022,,Blood Diamond,Blood Diamond,https://www.imdb.com/title/tt0450259/,Movie,8,143,2006,"Adventure, Drama, Thriller",630099,12/8/2006,Edward Zwick,,
6,tt0034583,6/29/2022,6/29/2022,,Casablanca,Casablanca,https://www.imdb.com/title/tt0034583/,Movie,8.5,102,1942,"Drama, Romance, War",659763,1/23/1943,Michael Curtiz,,
7,tt0120693,6/29/2022,6/29/2022,,Half Baked,Half Baked,https://www.imdb.com/title/tt0120693/,Movie,6.6,82,1998,"Comedy, Crime",71472,1/16/1998,Tamra Davis,,
8,tt2139881,6/29/2022,6/29/2022,,Long Shot,Long Shot,https://www.imdb.com/title/tt2139881/,Movie,6.8,125,2019,"Comedy, Romance",129541,5/3/2019,Jonathan Levine,,
9,tt0486946,6/29/2022,6/29/2022,,Wild Hogs,Wild Hogs,https://www.imdb.com/title/tt0486946/,Movie,5.9,100,2007,"Action, Adventure, Comedy",128531,3/2/2007,Walt Becker,,
10,tt0120663,6/29/2022,6/29/2022,,Eyes Wide Shut,Eyes Wide Shut,https://www.imdb.com/title/tt0120663/,Movie,7.5,159,1999,"Drama, Mystery, Thriller",436504,7/16/1999,Stanley Kubrick,,
11,tt0094889,6/29/2022,6/29/2022,,Cocktail,Cocktail,https://www.imdb.com/title/tt0094889/,Movie,6,104,1988,"Comedy, Drama, Romance",99159,7/29/1988,Roger Donaldson,,
12,tt0221027,6/29/2022,6/29/2022,,Blow,Blow,https://www.imdb.com/title/tt0221027/,Movie,7.5,124,2001,"Biography, Crime, Drama",288779,4/6/2001,Ted Demme,,
13,tt9620288,6/29/2022,6/29/2022,,King Richard,King Richard,https://www.imdb.com/title/tt9620288/,Movie,7.5,144,2021,"Biography, Drama, Sport",193244,11/19/2021,Reinaldo Marcus Green,,
14,tt11729298,6/29/2022,6/29/2022,,American Underdog,American Underdog,https://www.imdb.com/title/tt11729298/,Movie,7.1,112,2021,"Biography, Drama, Romance, Sport",28670,12/25/2021,"Andrew Erwin, Jon Erwin",,
15,tt0445990,6/29/2022,6/29/2022,,Invincible,Invincible,https://www.imdb.com/title/tt0445990/,Movie,7,105,2006,"Biography, Drama, Sport",79904,8/25/2006,Ericson Core,,
16,tt0091217,6/29/2022,6/29/2022,,Hoosiers,Hoosiers,https://www.imdb.com/title/tt0091217/,Movie,7.4,114,1986,"Drama, Sport",57692,2/27/1987,David Anspaugh,,
17,tt0453562,6/29/2022,6/29/2022,,42,42,https://www.imdb.com/title/tt0453562/,Movie,7.5,128,2013,"Biography, Drama, Sport",109668,4/12/2013,Brian Helgeland,,
18,tt0449059,6/29/2022,6/29/2022,,Little Miss Sunshine,Little Miss Sunshine,https://www.imdb.com/title/tt0449059/,Movie,7.8,101,2006,"Comedy, Drama",564649,8/18/2006,"Jonathan Dayton, Valerie Faris",,
19,tt0349205,6/29/2022,6/29/2022,,Cheaper by the Dozen,Cheaper by the Dozen,https://www.imdb.com/title/tt0349205/,Movie,5.9,98,2003,"Comedy, Family",116286,12/25/2003,Shawn Levy,,
20,tt0481513,6/29/2022,6/29/2022,,Dr. Dolittle 3,Dr. Dolittle 3,https://www.imdb.com/title/tt0481513/,Video,4,93,2006,"Comedy, Family, Fantasy",8110,4/25/2006,Rich Thorne,,
21,tt0118998,6/29/2022,6/29/2022,,Doctor Dolittle,Doctor Dolittle,https://www.imdb.com/title/tt0118998/,Movie,5.4,85,1998,"Comedy, Family, Fantasy",107431,6/26/1998,Betty Thomas,,
22,tt0074174,6/29/2022,6/29/2022,,The Bad News Bears,The Bad News Bears,https://www.imdb.com/title/tt0074174/,Movie,7.3,102,1976,"Comedy, Drama, Family, Sport",27808,4/7/1976,Michael Ritchie,,
23,tt0332280,6/29/2022,6/29/2022,,The Notebook,The Notebook,https://www.imdb.com/title/tt0332280/,Movie,7.8,123,2004,"Drama, Romance",700061,6/25/2004,Nick Cassavetes,,
24,tt0087538,6/29/2022,6/29/2022,,The Karate Kid,The Karate Kid,https://www.imdb.com/title/tt0087538/,Movie,7.4,126,1984,"Action, Drama, Family, Sport",274108,6/22/1984,John G. Avildsen,,
25,tt2097298,6/29/2022,6/29/2022,,"McFarland, USA","McFarland, USA",https://www.imdb.com/title/tt2097298/,Movie,7.4,129,2015,"Biography, Drama, Sport",46962,2/20/2015,Niki Caro,,
26,tt0191397,6/29/2022,6/29/2022,,The Replacements,The Replacements,https://www.imdb.com/title/tt0191397/,Movie,6.6,118,2000,"Comedy, Sport",75014,8/11/2000,Howard Deutch,,
27,tt0078788,7/1/2022,7/1/2022,,Apocalypse Now,Apocalypse Now,https://www.imdb.com/title/tt0078788/,Movie,8.4,147,1979,"Drama, Mystery, War",776474,8/15/1979,Francis Ford Coppola,,
28,tt0087843,7/1/2022,7/1/2022,,Once Upon a Time in America,C'era una volta in America,https://www.imdb.com/title/tt0087843/,Movie,8.3,229,1984,"Crime, Drama",411298,6/1/1984,Sergio Leone,,
29,tt0071771,7/3/2022,7/3/2022,,The Longest Yard,The Longest Yard,https://www.imdb.com/title/tt0071771/,Movie,7.1,121,1974,"Comedy, Crime, Drama, Sport",23468,8/30/1974,Robert Aldrich,,
30,tt1570728,7/6/2022,7/6/2022,,"Crazy, Stupid, Love.","Crazy, Stupid, Love.",https://www.imdb.com/title/tt1570728/,Movie,7.4,118,2011,"Comedy, Drama, Romance",627592,7/29/2011,"Glenn Ficarra, John Requa",,
31,tt0770752,7/6/2022,7/6/2022,,Fool's Gold,Fool's Gold,https://www.imdb.com/title/tt0770752/,Movie,5.8,112,2008,"Action, Adventure, Comedy, Romance, Thriller",90931,2/8/2008,Andy Tennant,,
32,tt1155056,7/6/2022,7/6/2022,,"I Love You, Man","I Love You, Man",https://www.imdb.com/title/tt1155056/,Movie,7,105,2009,"Comedy, Romance",226786,3/20/2009,John Hamburg,,
33,tt0251127,7/6/2022,7/6/2022,,How to Lose a Guy in 10 Days,How to Lose a Guy in 10 Days,https://www.imdb.com/title/tt0251127/,Movie,6.6,116,2003,"Comedy, Romance",328826,2/7/2003,Donald Petrie,,
34,tt0427229,7/6/2022,7/6/2022,,Failure to Launch,Failure to Launch,https://www.imdb.com/title/tt0427229/,Movie,5.7,97,2006,"Comedy, Romance",96097,3/10/2006,Tom Dey,,
35,tt0800039,7/6/2022,7/6/2022,,Forgetting Sarah Marshall,Forgetting Sarah Marshall,https://www.imdb.com/title/tt0800039/,Movie,7.1,111,2008,"Comedy, Drama, Romance",321833,4/18/2008,Nicholas Stoller,,
36,tt0120783,7/6/2022,7/6/2022,,The Parent Trap,The Parent Trap,https://www.imdb.com/title/tt0120783/,Movie,6.7,128,1998,"Adventure, Comedy, Drama, Family, Romance",176156,7/29/1998,Nancy Meyers,,
37,tt0490215,7/9/2022,7/9/2022,,Silence,Silence,https://www.imdb.com/title/tt0490215/,Movie,7.2,161,2016,"Drama, History",135705,1/13/2017,Martin Scorsese,,
38,tt1231583,7/10/2022,7/10/2022,,Due Date,Due Date,https://www.imdb.com/title/tt1231583/,Movie,6.5,95,2010,"Comedy, Drama",374543,11/5/2010,Todd Phillips,,
39,tt0142342,7/10/2022,7/10/2022,,Big Daddy,Big Daddy,https://www.imdb.com/title/tt0142342/,Movie,6.5,93,1999,"Comedy, Drama",253702,6/25/1999,Dennis Dugan,,
40,tt0146838,7/10/2022,7/10/2022,,Any Given Sunday,Any Given Sunday,https://www.imdb.com/title/tt0146838/,Movie,6.9,162,1999,"Drama, Sport",132087,12/22/1999,Oliver Stone,,
41,tt0113118,7/23/2022,7/23/2022,,Friday,Friday,https://www.imdb.com/title/tt0113118/,Movie,7.2,91,1995,"Comedy, Drama",138636,4/26/1995,F. Gary Gray,,
42,tt0212338,7/23/2022,7/23/2022,,Meet the Parents,Meet the Parents,https://www.imdb.com/title/tt0212338/,Movie,7,108,2000,"Comedy, Romance",381375,10/6/2000,Jay Roach,,
43,tt0098206,8/4/2022,8/4/2022,,Road House,Road House,https://www.imdb.com/title/tt0098206/,Movie,6.7,114,1989,"Action, Thriller",113428,5/19/1989,Rowdy Herrington,,
44,tt1790825,8/17/2022,8/17/2022,,Murph: The Protector,Murph: The Protector,https://www.imdb.com/title/tt1790825/,Movie,6.4,79,2013,Documentary,1490,3/22/2013,Scott Mactavish,,
45,tt1535109,8/17/2022,8/17/2022,,Captain Phillips,Captain Phillips,https://www.imdb.com/title/tt1535109/,Movie,7.8,134,2013,"Action, Biography, Crime, Drama, Thriller",522172,10/11/2013,Paul Greengrass,,
46,tt0110197,8/24/2022,8/24/2022,,Jimmy Hollywood,Jimmy Hollywood,https://www.imdb.com/title/tt0110197/,Movie,5.3,112,1994,"Comedy, Crime, Drama",3833,3/30/1994,Barry Levinson,,
47,tt1320253,10/15/2022,10/15/2022,,The Expendables,The Expendables,https://www.imdb.com/title/tt1320253/,Movie,6.4,103,2010,"Action, Adventure, Thriller",382484,8/13/2010,Sylvester Stallone,,
48,tt0298203,12/31/2022,12/31/2022,,8 Mile,8 Mile,https://www.imdb.com/title/tt0298203/,Movie,7.2,110,2002,"Drama, Music",354615,11/8/2002,Curtis Hanson,,
49,tt0112442,2/23/2023,2/23/2023,,Bad Boys,Bad Boys,https://www.imdb.com/title/tt0112442/,Movie,6.8,119,1995,"Action, Comedy, Crime, Thriller",318323,4/7/1995,Michael Bay,,
50,tt0338751,2/23/2023,2/23/2023,,The Aviator,The Aviator,https://www.imdb.com/title/tt0338751/,Movie,7.5,170,2004,"Biography, Drama",412183,12/25/2004,Martin Scorsese,,
51,tt0454921,2/23/2023,2/23/2023,,The Pursuit of Happyness,The Pursuit of Happyness,https://www.imdb.com/title/tt0454921/,Movie,8,117,2006,"Biography, Drama",629171,12/15/2006,Gabriele Muccino,,
52,tt11286314,2/23/2023,2/23/2023,,Don't Look Up,Don't Look Up,https://www.imdb.com/title/tt11286314/,Movie,7.1,138,2021,"Comedy, Drama, Sci-Fi",678986,12/24/2021,Adam McKay,,
53,tt0496806,4/27/2023,4/27/2023,,Ocean's Thirteen,Ocean's Thirteen,https://www.imdb.com/title/tt0496806/,Movie,6.9,122,2007,"Crime, Thriller",389738,6/8/2007,Steven Soderbergh,,
54,tt0092272,5/3/2023,5/3/2023,,Youngblood,Youngblood,https://www.imdb.com/title/tt0092272/,Movie,6.2,110,1986,"Drama, Romance, Sport",16001,1/31/1986,Peter Markle,,
55,tt0203019,5/11/2023,5/11/2023,,Men of Honor,Men of Honor,https://www.imdb.com/title/tt0203019/,Movie,7.2,129,2000,"Biography, Drama",131376,11/10/2000,George Tillman Jr.,,
56,tt0106489,5/19/2023,5/19/2023,,A Bronx Tale,A Bronx Tale,https://www.imdb.com/title/tt0106489/,Movie,7.8,121,1993,"Crime, Drama",189086,10/1/1993,Robert De Niro,,
57,tt0398165,5/19/2023,5/19/2023,,The Longest Yard,The Longest Yard,https://www.imdb.com/title/tt0398165/,Movie,6.4,113,2005,"Comedy, Crime, Sport",213535,5/27/2005,Peter Segal,,
58,tt1632708,5/19/2023,5/19/2023,,Friends with Benefits,Friends with Benefits,https://www.imdb.com/title/tt1632708/,Movie,6.5,109,2011,"Comedy, Romance",423065,7/22/2011,Will Gluck,,
59,tt0443453,5/19/2023,5/19/2023,,Borat,Borat: Cultural Learnings of America for Make Benefit Glorious Nation of Kazakhstan,https://www.imdb.com/title/tt0443453/,Movie,7.4,84,2006,Comedy,482260,11/3/2006,Larry Charles,,
60,tt0343737,5/19/2023,5/19/2023,,The Good Shepherd,The Good Shepherd,https://www.imdb.com/title/tt0343737/,Movie,6.7,167,2006,"Drama, History, Thriller",113122,12/22/2006,Robert De Niro,,
61,tt0325710,5/19/2023,5/19/2023,,The Last Samurai,The Last Samurai,https://www.imdb.com/title/tt0325710/,Movie,7.8,154,2003,"Action, Drama",508721,12/5/2003,Edward Zwick,,
62,tt8373206,5/19/2023,5/19/2023,,About My Father,About My Father,https://www.imdb.com/title/tt8373206/,Movie,5.8,90,2023,Comedy,19646,5/26/2023,Laura Terruso,,
63,tt2039393,5/20/2023,5/20/2023,,The Gambler,The Gambler,https://www.imdb.com/title/tt2039393/,Movie,6,111,2014,"Crime, Drama, Thriller",78304,12/25/2014,Rupert Wyatt,,
64,tt5537002,5/20/2023,5/20/2023,,Killers of the Flower Moon,Killers of the Flower Moon,https://www.imdb.com/title/tt5537002/,Movie,7.5,206,2023,"Crime, Drama, History, Western",312295,10/20/2023,Martin Scorsese,,
65,tt0086200,5/20/2023,5/20/2023,,Risky Business,Risky Business,https://www.imdb.com/title/tt0086200/,Movie,6.8,99,1983,"Comedy, Crime, Drama, Romance",109286,8/5/1983,Paul Brickman,,
66,tt0085154,5/20/2023,5/20/2023,,All the Right Moves,All the Right Moves,https://www.imdb.com/title/tt0085154/,Movie,6,91,1983,"Drama, Romance, Sport",21123,10/21/1983,Michael Chapman,,
67,tt3393786,5/20/2023,5/20/2023,,Jack Reacher: Never Go Back,Jack Reacher: Never Go Back,https://www.imdb.com/title/tt3393786/,Movie,6.2,118,2016,"Action, Thriller",195054,10/21/2016,Edward Zwick,,
68,tt0096969,5/20/2023,5/20/2023,,Born on the Fourth of July,Born on the Fourth of July,https://www.imdb.com/title/tt0096969/,Movie,7.2,145,1989,"Biography, Drama, War",125756,1/5/1990,Oliver Stone,,
69,tt1483013,5/20/2023,5/20/2023,,Oblivion,Oblivion,https://www.imdb.com/title/tt1483013/,Movie,7,124,2013,"Action, Adventure, Sci-Fi",589959,4/19/2013,Joseph Kosinski,,
70,tt0407304,5/20/2023,5/20/2023,,War of the Worlds,War of the Worlds,https://www.imdb.com/title/tt0407304/,Movie,6.6,117,2005,"Action, Adventure, Sci-Fi",512266,6/29/2005,Steven Spielberg,,
71,tt0259711,5/20/2023,5/20/2023,,Vanilla Sky,Vanilla Sky,https://www.imdb.com/title/tt0259711/,Movie,6.9,136,2001,"Fantasy, Mystery, Romance, Sci-Fi, Thriller",311432,12/14/2001,Cameron Crowe,,
72,tt0266915,5/21/2023,5/21/2023,,Rush Hour 2,Rush Hour 2,https://www.imdb.com/title/tt0266915/,Movie,6.7,90,2001,"Action, Comedy, Crime, Thriller",263365,8/3/2001,Brett Ratner,,
73,tt0293564,5/21/2023,5/21/2023,,Rush Hour 3,Rush Hour 3,https://www.imdb.com/title/tt0293564/,Movie,6.3,91,2007,"Action, Comedy, Crime, Thriller",201887,8/10/2007,Brett Ratner,,
74,tt0119654,5/21/2023,5/21/2023,,Men in Black,Men in Black,https://www.imdb.com/title/tt0119654/,Movie,7.3,98,1997,"Action, Adventure, Comedy, Sci-Fi",670237,7/2/1997,Barry Sonnenfeld,,
75,tt0120912,5/21/2023,5/21/2023,,Men in Black II,Men in Black II,https://www.imdb.com/title/tt0120912/,Movie,6.2,88,2002,"Action, Adventure, Comedy, Mystery, Sci-Fi",435373,7/3/2002,Barry Sonnenfeld,,
76,tt1409024,5/21/2023,5/21/2023,,Men in Black 3,Men in Black³,https://www.imdb.com/title/tt1409024/,Movie,6.8,106,2012,"Action, Adventure, Comedy, Sci-Fi",415054,5/25/2012,Barry Sonnenfeld,,
77,tt2361509,5/22/2023,5/22/2023,,The Intern,The Intern,https://www.imdb.com/title/tt2361509/,Movie,7.1,121,2015,"Comedy, Drama",313770,9/25/2015,Nancy Meyers,,
78,tt0825232,5/23/2023,5/23/2023,,The Bucket List,The Bucket List,https://www.imdb.com/title/tt0825232/,Movie,7.3,97,2007,"Adventure, Comedy, Drama",274516,1/11/2008,Rob Reiner,,
79,tt1057500,5/23/2023,5/23/2023,,Invictus,Invictus,https://www.imdb.com/title/tt1057500/,Movie,7.3,134,2009,"Biography, Drama, History, Sport",175339,12/11/2009,Clint Eastwood,,
80,tt0122690,5/23/2023,5/23/2023,,Ronin,Ronin,https://www.imdb.com/title/tt0122690/,Movie,7.2,122,1998,"Action, Crime, Thriller",209624,9/25/1998,John Frankenheimer,,
81,tt0175880,5/23/2023,5/23/2023,,Magnolia,Magnolia,https://www.imdb.com/title/tt0175880/,Movie,8,188,1999,Drama,352370,1/7/2000,Paul Thomas Anderson,,
82,tt1663202,5/23/2023,5/23/2023,,The Revenant,The Revenant,https://www.imdb.com/title/tt1663202/,Movie,8,156,2015,"Action, Drama, Western",959107,1/8/2016,Alejandro G. Iñárritu,,
83,tt1800241,5/23/2023,5/23/2023,,American Hustle,American Hustle,https://www.imdb.com/title/tt1800241/,Movie,7.2,138,2013,"Crime, Drama",521368,12/20/2013,David O. Russell,,
84,tt0765429,5/24/2023,5/24/2023,,American Gangster,American Gangster,https://www.imdb.com/title/tt0765429/,Movie,7.8,157,2007,"Biography, Crime, Drama",492237,11/2/2007,Ridley Scott,,
85,tt0119978,5/25/2023,5/25/2023,,The Rainmaker,The Rainmaker,https://www.imdb.com/title/tt0119978/,Movie,7.2,135,1997,"Crime, Drama, Thriller",92926,11/21/1997,Francis Ford Coppola,,
86,tt1068680,5/27/2023,5/27/2023,,Yes Man,Yes Man,https://www.imdb.com/title/tt1068680/,Movie,6.8,104,2008,"Comedy, Romance",407901,12/19/2008,Peyton Reed,,
87,tt0104427,5/29/2023,5/29/2023,,Hoffa,Hoffa,https://www.imdb.com/title/tt0104427/,Movie,6.6,140,1992,"Biography, Crime, Drama",26309,12/25/1992,Danny DeVito,,
88,tt0105327,5/29/2023,5/29/2023,,School Ties,School Ties,https://www.imdb.com/title/tt0105327/,Movie,6.9,106,1992,Drama,29704,9/18/1992,Robert Mandel,,
89,tt4244994,5/29/2023,5/29/2023,,The Last Duel,The Last Duel,https://www.imdb.com/title/tt4244994/,Movie,7.3,152,2021,"Drama, History, Thriller",209626,10/15/2021,Ridley Scott,,
90,tt0118842,5/29/2023,5/29/2023,,Chasing Amy,Chasing Amy,https://www.imdb.com/title/tt0118842/,Movie,7.2,113,1997,"Comedy, Drama, Romance",149015,4/18/1997,Kevin Smith,,
91,tt0120655,5/29/2023,5/29/2023,,Dogma,Dogma,https://www.imdb.com/title/tt0120655/,Movie,7.3,130,1999,"Adventure, Comedy, Drama, Fantasy",242364,11/12/1999,Kevin Smith,,
92,tt0413099,5/29/2023,5/29/2023,,Evan Almighty,Evan Almighty,https://www.imdb.com/title/tt0413099/,Movie,5.5,96,2007,"Comedy, Family, Fantasy",164133,6/22/2007,Tom Shadyac,,
93,tt0099077,5/30/2023,5/30/2023,,Awakenings,Awakenings,https://www.imdb.com/title/tt0099077/,Movie,7.8,121,1990,"Biography, Drama",178374,1/11/1991,Penny Marshall,,
94,tt0109040,5/30/2023,5/30/2023,,Ace Ventura: Pet Detective,Ace Ventura: Pet Detective,https://www.imdb.com/title/tt0109040/,Movie,6.9,86,1994,Comedy,357392,2/4/1994,Tom Shadyac,,
95,tt0183505,5/30/2023,5/30/2023,,"Me, Myself & Irene","Me, Myself & Irene",https://www.imdb.com/title/tt0183505/,Movie,6.6,116,2000,Comedy,265413,6/23/2000,"Bobby Farrelly, Peter Farrelly",,
96,tt0144084,5/30/2023,5/30/2023,,American Psycho,American Psycho,https://www.imdb.com/title/tt0144084/,Movie,7.6,102,2000,"Crime, Drama, Horror",852950,4/14/2000,Mary Harron,,
97,tt0117665,5/30/2023,5/30/2023,,Sleepers,Sleepers,https://www.imdb.com/title/tt0117665/,Movie,7.5,147,1996,"Crime, Drama, Thriller",256790,10/18/1996,Barry Levinson,,
98,tt0425061,5/30/2023,5/30/2023,,Get Smart,Get Smart,https://www.imdb.com/title/tt0425061/,Movie,6.5,110,2008,"Action, Adventure, Comedy",239910,6/20/2008,Peter Segal,,
99,tt0822832,5/30/2023,5/30/2023,,Marley & Me,Marley & Me,https://www.imdb.com/title/tt0822832/,Movie,7,115,2008,"Drama, Family",176666,12/25/2008,David Frankel,,
100,tt0362227,5/30/2023,5/30/2023,,The Terminal,The Terminal,https://www.imdb.com/title/tt0362227/,Movie,7.4,128,2004,"Comedy, Drama, Romance",540743,6/18/2004,Steven Spielberg,,
101,tt1219289,5/30/2023,5/30/2023,,Limitless,Limitless,https://www.imdb.com/title/tt1219289/,Movie,7.4,105,2011,"Sci-Fi, Thriller",653309,3/18/2011,Neil Burger,,
102,tt1130080,6/2/2023,6/2/2023,,The Informant!,The Informant!,https://www.imdb.com/title/tt1130080/,Movie,6.5,108,2009,"Biography, Comedy, Crime, Drama",70203,9/18/2009,Steven Soderbergh,,
103,tt0092675,6/2/2023,6/2/2023,,Bloodsport,Bloodsport,https://www.imdb.com/title/tt0092675/,Movie,6.8,92,1988,"Action, Drama, Sport",104416,4/29/1988,Newt Arnold,,
104,tt0055928,6/12/2023,6/12/2023,,Dr. No,Dr. No,https://www.imdb.com/title/tt0055928/,Movie,7.2,110,1962,"Action, Adventure, Thriller",197528,10/10/1962,Terence Young,,
105,tt0057076,6/12/2023,6/12/2023,,From Russia with Love,From Russia with Love,https://www.imdb.com/title/tt0057076/,Movie,7.3,115,1963,"Action, Adventure, Thriller",160425,5/27/1964,Terence Young,,
106,tt0058150,6/12/2023,6/12/2023,,Goldfinger,Goldfinger,https://www.imdb.com/title/tt0058150/,Movie,7.7,110,1964,"Action, Adventure, Thriller",219492,1/9/1965,Guy Hamilton,,
107,tt0059800,6/12/2023,6/12/2023,,Thunderball,Thunderball,https://www.imdb.com/title/tt0059800/,Movie,6.9,130,1965,"Action, Adventure, Thriller",139048,12/22/1965,Terence Young,,
108,tt0062512,6/12/2023,6/12/2023,,You Only Live Twice,You Only Live Twice,https://www.imdb.com/title/tt0062512/,Movie,6.8,117,1967,"Action, Adventure, Thriller",128549,6/13/1967,Lewis Gilbert,,
109,tt0064757,6/12/2023,6/12/2023,,On Her Majesty's Secret Service,On Her Majesty's Secret Service,https://www.imdb.com/title/tt0064757/,Movie,6.7,142,1969,"Action, Adventure, Thriller",109811,12/19/1969,Peter R. Hunt,,
110,tt0066995,6/12/2023,6/12/2023,,Diamonds Are Forever,Diamonds Are Forever,https://www.imdb.com/title/tt0066995/,Movie,6.5,120,1971,"Action, Adventure, Thriller",124355,12/17/1971,Guy Hamilton,,
111,tt0070328,6/12/2023,6/12/2023,,Live and Let Die,Live and Let Die,https://www.imdb.com/title/tt0070328/,Movie,6.7,121,1973,"Action, Adventure, Thriller",125793,6/27/1973,Guy Hamilton,,
112,tt3296908,6/12/2023,6/12/2023,,The Man with the Iron Heart,HHhH,https://www.imdb.com/title/tt3296908/,Movie,6.4,120,2017,"Action, Biography, Thriller, War",20061,6/7/2017,Cédric Jimenez,,
113,tt0076752,6/12/2023,6/12/2023,,The Spy Who Loved Me,The Spy Who Loved Me,https://www.imdb.com/title/tt0076752/,Movie,7,125,1977,"Action, Adventure, Thriller",126377,8/3/1977,Lewis Gilbert,,
114,tt0079574,6/12/2023,6/12/2023,,Moonraker,Moonraker,https://www.imdb.com/title/tt0079574/,Movie,6.3,126,1979,"Action, Adventure, Sci-Fi, Thriller",118666,6/29/1979,Lewis Gilbert,,
115,tt0082398,6/12/2023,6/12/2023,,For Your Eyes Only,For Your Eyes Only,https://www.imdb.com/title/tt0082398/,Movie,6.7,127,1981,"Action, Adventure, Thriller",117416,6/26/1981,John Glen,,
116,tt0086034,6/12/2023,6/12/2023,,Octopussy,Octopussy,https://www.imdb.com/title/tt0086034/,Movie,6.5,131,1983,"Action, Adventure, Thriller",120912,6/10/1983,John Glen,,
117,tt0090264,6/12/2023,6/12/2023,,A View to a Kill,A View to a Kill,https://www.imdb.com/title/tt0090264/,Movie,6.3,131,1985,"Action, Adventure, Thriller",113787,5/24/1985,John Glen,,
118,tt0093428,6/12/2023,6/12/2023,,The Living Daylights,The Living Daylights,https://www.imdb.com/title/tt0093428/,Movie,6.7,130,1987,"Action, Adventure, Thriller",115664,7/31/1987,John Glen,,
119,tt0097742,6/12/2023,6/12/2023,,Licence to Kill,Licence to Kill,https://www.imdb.com/title/tt0097742/,Movie,6.7,133,1989,"Action, Adventure, Thriller",121580,7/14/1989,John Glen,,
120,tt0113189,6/12/2023,6/12/2023,,GoldenEye,GoldenEye,https://www.imdb.com/title/tt0113189/,Movie,7.2,130,1995,"Action, Adventure, Thriller",288417,11/17/1995,Martin Campbell,,
121,tt0120347,6/12/2023,6/12/2023,,Tomorrow Never Dies,Tomorrow Never Dies,https://www.imdb.com/title/tt0120347/,Movie,6.5,119,1997,"Action, Adventure, Thriller",217450,12/19/1997,Roger Spottiswoode,,
122,tt0143145,6/12/2023,6/12/2023,,The World Is Not Enough,The World Is Not Enough,https://www.imdb.com/title/tt0143145/,Movie,6.4,128,1999,"Action, Adventure, Thriller",221982,11/19/1999,Michael Apted,,
123,tt0246460,6/12/2023,6/12/2023,,Die Another Day,Die Another Day,https://www.imdb.com/title/tt0246460/,Movie,6.1,133,2002,"Action, Adventure, Thriller",242246,11/22/2002,Lee Tamahori,,
124,tt0830515,6/12/2023,6/12/2023,,Quantum of Solace,Quantum of Solace,https://www.imdb.com/title/tt0830515/,Movie,6.5,106,2008,"Action, Adventure, Mystery, Thriller",502150,11/14/2008,Marc Forster,,
125,tt2379713,6/12/2023,6/12/2023,,Spectre,Spectre,https://www.imdb.com/title/tt2379713/,Movie,6.8,148,2015,"Action, Adventure, Thriller",500789,11/6/2015,Sam Mendes,,
126,tt6146586,6/12/2023,6/12/2023,,John Wick: Chapter 3 - Parabellum,John Wick: Chapter 3 - Parabellum,https://www.imdb.com/title/tt6146586/,Movie,7.4,130,2019,"Action, Crime, Thriller",486855,5/17/2019,Chad Stahelski,,
127,tt10366206,6/12/2023,6/12/2023,,John Wick: Chapter 4,John Wick: Chapter 4,https://www.imdb.com/title/tt10366206/,Movie,7.6,169,2023,"Action, Crime, Thriller",418222,3/24/2023,Chad Stahelski,,
128,tt0328107,6/12/2023,6/12/2023,,Man on Fire,Man on Fire,https://www.imdb.com/title/tt0328107/,Movie,7.7,146,2004,"Action, Crime, Drama, Thriller",425085,4/23/2004,Tony Scott,,
129,tt0368891,6/13/2023,6/13/2023,,National Treasure,National Treasure,https://www.imdb.com/title/tt0368891/,Movie,6.9,131,2004,"Action, Adventure, Mystery, Thriller",380899,11/19/2004,Jon Turteltaub,,
130,tt0290002,6/16/2023,6/16/2023,,Meet the Fockers,Meet the Fockers,https://www.imdb.com/title/tt0290002/,Movie,6.4,115,2004,"Comedy, Romance",303284,12/22/2004,Jay Roach,,
131,tt8367814,6/18/2023,6/18/2023,,The Gentlemen,The Gentlemen,https://www.imdb.com/title/tt8367814/,Movie,7.8,113,2019,"Action, Comedy, Crime",463826,1/24/2020,Guy Ritchie,,
132,tt0116367,6/20/2023,6/20/2023,,From Dusk Till Dawn,From Dusk Till Dawn,https://www.imdb.com/title/tt0116367/,Movie,7.2,108,1996,"Action, Crime, Horror",373457,1/19/1996,Robert Rodriguez,,
133,tt0073486,6/21/2023,6/21/2023,,One Flew Over the Cuckoo's Nest,One Flew Over the Cuckoo's Nest,https://www.imdb.com/title/tt0073486/,Movie,8.6,133,1975,Drama,1164820,11/21/1975,Miloš Forman,,
134,tt1028528,6/23/2023,6/23/2023,,Death Proof,Death Proof,https://www.imdb.com/title/tt1028528/,Movie,7,127,2007,"Drama, Thriller",336419,5/31/2007,Quentin Tarantino,,
135,tt0119396,6/23/2023,6/23/2023,,Jackie Brown,Jackie Brown,https://www.imdb.com/title/tt0119396/,Movie,7.5,154,1997,"Crime, Drama, Thriller",407580,12/25/1997,Quentin Tarantino,,
136,tt0117918,6/23/2023,6/23/2023,,Tin Cup,Tin Cup,https://www.imdb.com/title/tt0117918/,Movie,6.4,135,1996,"Comedy, Drama, Romance, Sport",56552,8/16/1996,Ron Shelton,,
137,tt0790724,6/26/2023,6/26/2023,,Jack Reacher,Jack Reacher,https://www.imdb.com/title/tt0790724/,Movie,7,130,2012,"Action, Thriller",394641,12/21/2012,Christopher McQuarrie,,
138,tt0393162,6/26/2023,6/26/2023,,Coach Carter,Coach Carter,https://www.imdb.com/title/tt0393162/,Movie,7.4,136,2005,"Biography, Drama, Sport",194948,1/14/2005,Thomas Carter,,
139,tt0268978,6/27/2023,6/27/2023,,A Beautiful Mind,A Beautiful Mind,https://www.imdb.com/title/tt0268978/,Movie,8.2,135,2001,"Biography, Drama, Mystery",1061878,1/4/2002,Ron Howard,,
140,tt1398426,6/27/2023,6/27/2023,,Straight Outta Compton,Straight Outta Compton,https://www.imdb.com/title/tt1398426/,Movie,7.8,147,2015,"Biography, Drama, History, Music, Musical",235687,8/14/2015,F. Gary Gray,,
141,tt2140373,6/27/2023,6/27/2023,,Saving Mr. Banks,Saving Mr. Banks,https://www.imdb.com/title/tt2140373/,Movie,7.5,125,2013,"Biography, Comedy, Drama",176479,12/20/2013,John Lee Hancock,,
142,tt0112384,6/28/2023,6/28/2023,,Apollo 13,Apollo 13,https://www.imdb.com/title/tt0112384/,Movie,7.7,140,1995,"Adventure, Drama, History",341858,6/30/1995,Ron Howard,,
143,tt0162222,6/28/2023,6/28/2023,,Cast Away,Cast Away,https://www.imdb.com/title/tt0162222/,Movie,7.8,143,2000,"Adventure, Drama, Romance",695026,12/22/2000,Robert Zemeckis,,
144,tt0098627,6/29/2023,6/29/2023,,Weekend at Bernie's,Weekend at Bernie's,https://www.imdb.com/title/tt0098627/,Movie,6.5,97,1989,"Adventure, Comedy, Crime",68908,7/5/1989,Ted Kotcheff,,
145,tt0033467,6/29/2023,6/29/2023,,Citizen Kane,Citizen Kane,https://www.imdb.com/title/tt0033467/,Movie,8.2,119,1941,"Drama, Mystery",495941,9/5/1941,Orson Welles,,
146,tt0062622,6/29/2023,6/29/2023,,2001: A Space Odyssey,2001: A Space Odyssey,https://www.imdb.com/title/tt0062622/,Movie,8.3,149,1968,"Adventure, Sci-Fi",790808,5/12/1968,Stanley Kubrick,,
147,tt0469494,6/29/2023,6/29/2023,,There Will Be Blood,There Will Be Blood,https://www.imdb.com/title/tt0469494/,Movie,8.2,158,2007,Drama,717159,1/25/2008,Paul Thomas Anderson,,
148,tt0082971,6/29/2023,6/29/2023,,Raiders of the Lost Ark,Raiders of the Lost Ark,https://www.imdb.com/title/tt0082971/,Movie,8.4,115,1981,Adventure,1118839,6/12/1981,Steven Spielberg,,
149,tt0060196,6/29/2023,6/29/2023,,"The Good, the Bad and the Ugly","Il buono, il brutto, il cattivo",https://www.imdb.com/title/tt0060196/,Movie,8.8,178,1966,"Adventure, Drama, Western",898606,12/29/1967,Sergio Leone,,
150,tt2096672,6/29/2023,6/29/2023,,Dumb and Dumber To,Dumb and Dumber To,https://www.imdb.com/title/tt2096672/,Movie,5.6,109,2014,Comedy,154909,11/14/2014,"Bobby Farrelly, Peter Farrelly",,
151,tt0077416,7/3/2023,7/3/2023,,The Deer Hunter,The Deer Hunter,https://www.imdb.com/title/tt0077416/,Movie,8.1,183,1978,"Drama, War",388788,2/23/1979,Michael Cimino,,
152,tt0064116,7/4/2023,7/4/2023,,Once Upon a Time in the West,C'era una volta il West,https://www.imdb.com/title/tt0064116/,Movie,8.5,145,1968,"Drama, Western",387050,7/4/1969,Sergio Leone,,
153,tt0057115,7/4/2023,7/4/2023,,The Great Escape,The Great Escape,https://www.imdb.com/title/tt0057115/,Movie,8.2,172,1963,"Adventure, Drama, Thriller, War",279533,7/4/1963,John Sturges,,
154,tt0278504,7/4/2023,7/4/2023,,Insomnia,Insomnia,https://www.imdb.com/title/tt0278504/,Movie,7.2,118,2002,"Drama, Mystery, Thriller",350536,5/24/2002,Christopher Nolan,,
155,tt0070666,7/4/2023,7/4/2023,,Serpico,Serpico,https://www.imdb.com/title/tt0070666/,Movie,7.7,130,1973,"Biography, Crime, Drama, Thriller",147077,12/5/1973,Sidney Lumet,,
156,tt0118971,7/4/2023,7/4/2023,,The Devil's Advocate,The Devil's Advocate,https://www.imdb.com/title/tt0118971/,Movie,7.5,144,1997,"Drama, Fantasy, Mystery, Thriller",450856,10/17/1997,Taylor Hackford,,
157,tt0452623,7/4/2023,7/4/2023,,Gone Baby Gone,Gone Baby Gone,https://www.imdb.com/title/tt0452623/,Movie,7.6,114,2007,"Crime, Drama, Mystery, Thriller",313042,10/19/2007,Ben Affleck,,
158,tt0405159,7/4/2023,7/4/2023,,Million Dollar Baby,Million Dollar Baby,https://www.imdb.com/title/tt0405159/,Movie,8.1,132,2004,"Drama, Sport",772093,1/28/2005,Clint Eastwood,,
159,tt0105695,7/4/2023,7/4/2023,,Unforgiven,Unforgiven,https://www.imdb.com/title/tt0105695/,Movie,8.2,130,1992,"Drama, Western",471862,8/7/1992,Clint Eastwood,,
160,tt0097441,7/4/2023,7/4/2023,,Glory,Glory,https://www.imdb.com/title/tt0097441/,Movie,7.8,122,1989,"Biography, Drama, History, War",153956,2/16/1990,Edward Zwick,,
161,tt0381707,7/6/2023,7/6/2023,,White Chicks,White Chicks,https://www.imdb.com/title/tt0381707/,Movie,6,109,2004,"Comedy, Crime",199134,6/23/2004,Keenen Ivory Wayans,,
162,tt0452594,7/6/2023,7/6/2023,,The Break-Up,The Break-Up,https://www.imdb.com/title/tt0452594/,Movie,5.8,106,2006,"Comedy, Drama, Romance",147806,6/2/2006,Peyton Reed,,
163,tt0187393,7/6/2023,7/6/2023,,The Patriot,The Patriot,https://www.imdb.com/title/tt0187393/,Movie,7.2,165,2000,"Action, Drama, War",316002,6/28/2000,Roland Emmerich,,
164,tt0335438,7/7/2023,7/7/2023,,Starsky & Hutch,Starsky & Hutch,https://www.imdb.com/title/tt0335438/,Movie,6.1,101,2004,"Comedy, Crime",162685,3/5/2004,Todd Phillips,,
165,tt0115734,7/7/2023,7/7/2023,,Bottle Rocket,Bottle Rocket,https://www.imdb.com/title/tt0115734/,Movie,6.9,91,1996,"Comedy, Crime, Drama",88951,2/21/1996,Wes Anderson,,
166,tt0124718,7/8/2023,7/8/2023,,He Got Game,He Got Game,https://www.imdb.com/title/tt0124718/,Movie,6.9,136,1998,"Drama, Sport",55195,5/1/1998,Spike Lee,,
167,tt8784956,7/8/2023,7/8/2023,,Ava,Ava,https://www.imdb.com/title/tt8784956/,Movie,5.5,96,2020,"Action, Crime, Drama, Thriller",68772,9/25/2020,Tate Taylor,,
168,tt0071807,7/9/2023,7/9/2023,,The Man with the Golden Gun,The Man with the Golden Gun,https://www.imdb.com/title/tt0071807/,Movie,6.7,125,1974,"Action, Adventure, Thriller",122906,12/20/1974,Guy Hamilton,,
169,tt0086006,7/9/2023,7/9/2023,,Never Say Never Again,Never Say Never Again,https://www.imdb.com/title/tt0086006/,Movie,6.1,134,1983,"Action, Adventure, Thriller",79093,10/7/1983,Irvin Kershner,,
170,tt0093692,7/10/2023,7/10/2023,,Over the Top,Over the Top,https://www.imdb.com/title/tt0093692/,Movie,5.9,93,1987,"Action, Drama, Sport",65988,2/13/1987,Menahem Golan,,
171,tt0049406,7/10/2023,7/10/2023,,The Killing,The Killing,https://www.imdb.com/title/tt0049406/,Movie,7.9,84,1956,"Crime, Drama, Film-Noir, Thriller",106879,6/6/1956,Stanley Kubrick,,
172,tt2692904,7/10/2023,7/10/2023,,Locke,Locke,https://www.imdb.com/title/tt2692904/,Movie,7.1,85,2013,Drama,170471,4/18/2014,Steven Knight,,
173,tt0053125,7/10/2023,7/10/2023,,North by Northwest,North by Northwest,https://www.imdb.com/title/tt0053125/,Movie,8.3,136,1959,"Adventure, Drama, Mystery, Thriller",371073,12/18/1959,Alfred Hitchcock,,
174,tt0080678,7/10/2023,7/10/2023,,The Elephant Man,The Elephant Man,https://www.imdb.com/title/tt0080678/,Movie,8.2,124,1980,"Biography, Drama",283795,10/10/1980,David Lynch,,
175,tt11138512,7/10/2023,7/10/2023,,The Northman,The Northman,https://www.imdb.com/title/tt11138512/,Movie,7,137,2022,"Action, Adventure, Drama, Fantasy, History, Thriller",305285,4/22/2022,Robert Eggers,,
176,tt2872718,7/10/2023,7/10/2023,,Nightcrawler,Nightcrawler,https://www.imdb.com/title/tt2872718/,Movie,7.8,117,2014,"Crime, Drama, Thriller",678971,10/31/2014,Dan Gilroy,,
177,tt1172049,7/10/2023,7/10/2023,,Demolition,Demolition,https://www.imdb.com/title/tt1172049/,Movie,7,101,2015,"Comedy, Drama",138526,4/8/2016,Jean-Marc Vallée,,
178,tt7740496,7/10/2023,7/10/2023,,Nightmare Alley,Nightmare Alley,https://www.imdb.com/title/tt7740496/,Movie,7,150,2021,"Crime, Drama, Thriller",184291,12/17/2021,Guillermo del Toro,,
179,tt0480025,7/10/2023,7/10/2023,,This Is England,This Is England,https://www.imdb.com/title/tt0480025/,Movie,7.7,101,2006,"Crime, Drama",135945,4/27/2007,Shane Meadows,,
180,tt6751668,7/10/2023,7/10/2023,,Parasite,Gisaengchung,https://www.imdb.com/title/tt6751668/,Movie,8.5,132,2019,"Drama, Thriller",1189665,11/8/2019,Bong Joon Ho,,
181,tt2543164,7/10/2023,7/10/2023,,Arrival,Arrival,https://www.imdb.com/title/tt2543164/,Movie,7.9,116,2016,"Drama, Mystery, Sci-Fi",876642,11/11/2016,Denis Villeneuve,,
182,tt0072684,7/10/2023,7/10/2023,,Barry Lyndon,Barry Lyndon,https://www.imdb.com/title/tt0072684/,Movie,8.1,185,1975,"Adventure, Drama, War",207620,12/18/1975,Stanley Kubrick,,
183,tt0338013,7/10/2023,7/10/2023,,Eternal Sunshine of the Spotless Mind,Eternal Sunshine of the Spotless Mind,https://www.imdb.com/title/tt0338013/,Movie,8.3,108,2004,"Drama, Romance, Sci-Fi",1193370,3/19/2004,Michel Gondry,,
184,tt0361862,7/10/2023,7/10/2023,,The Machinist,The Machinist,https://www.imdb.com/title/tt0361862/,Movie,7.6,101,2004,"Drama, Thriller",445475,12/3/2004,Brad Anderson,,
185,tt0085794,7/10/2023,7/10/2023,,The King of Comedy,The King of Comedy,https://www.imdb.com/title/tt0085794/,Movie,7.8,109,1982,"Comedy, Crime, Drama, Thriller",135174,12/18/1982,Martin Scorsese,,
186,tt0071360,7/10/2023,7/10/2023,,The Conversation,The Conversation,https://www.imdb.com/title/tt0071360/,Movie,7.7,113,1974,"Drama, Mystery, Thriller",137230,4/12/1974,Francis Ford Coppola,,
187,tt0071853,7/10/2023,7/10/2023,,Monty Python and the Holy Grail,Monty Python and the Holy Grail,https://www.imdb.com/title/tt0071853/,Movie,8.1,91,1975,"Adventure, Comedy, Fantasy",606943,7/18/1975,"Terry Gilliam, Terry Jones",,
188,tt0079470,7/10/2023,7/10/2023,,Monty Python's Life of Brian,Monty Python's Life of Brian,https://www.imdb.com/title/tt0079470/,Movie,8,94,1979,Comedy,435508,8/17/1979,Terry Jones,,
189,tt0119174,7/10/2023,7/10/2023,,The Game,The Game,https://www.imdb.com/title/tt0119174/,Movie,7.7,129,1997,"Drama, Mystery, Thriller",476207,9/12/1997,David Fincher,,
190,tt2267998,7/10/2023,7/10/2023,,Gone Girl,Gone Girl,https://www.imdb.com/title/tt2267998/,Movie,8.1,149,2014,"Drama, Mystery, Thriller",1183987,10/3/2014,David Fincher,,
191,tt0166924,7/10/2023,7/10/2023,,Mulholland Drive,Mulholland Dr.,https://www.imdb.com/title/tt0166924/,Movie,7.9,147,2001,"Drama, Mystery, Thriller",432993,10/19/2001,David Lynch,,
192,tt0052357,7/10/2023,7/10/2023,,Vertigo,Vertigo,https://www.imdb.com/title/tt0052357/,Movie,8.2,128,1958,"Mystery, Romance, Thriller",461885,5/28/1958,Alfred Hitchcock,,
193,tt1907668,7/11/2023,7/11/2023,,Flight,Flight,https://www.imdb.com/title/tt1907668/,Movie,7.3,138,2012,"Drama, Thriller",400307,11/2/2012,Robert Zemeckis,,
194,tt2034800,7/14/2023,7/14/2023,,The Great Wall,The Great Wall,https://www.imdb.com/title/tt2034800/,Movie,5.9,103,2016,"Action, Adventure, Fantasy, Thriller",160970,2/17/2017,Yimou Zhang,,
195,tt6723592,7/26/2023,7/26/2023,,Tenet,Tenet,https://www.imdb.com/title/tt6723592/,Movie,7.3,150,2020,"Action, Sci-Fi, Thriller",707545,9/3/2020,Christopher Nolan,,
196,tt10640346,8/3/2023,8/3/2023,,Babylon,Babylon,https://www.imdb.com/title/tt10640346/,Movie,7.1,189,2022,"Comedy, Drama",209420,12/23/2022,Damien Chazelle,,
197,tt0104558,8/7/2023,8/7/2023,,Police Story 3: Supercop,Ging chaat goo si III: Chiu kup ging chaat,https://www.imdb.com/title/tt0104558/,Movie,7,91,1992,"Action, Comedy, Crime, Thriller",27050,7/26/1996,Stanley Tong,,
198,tt1488606,8/25/2023,8/25/2023,,Triple Frontier,Triple Frontier,https://www.imdb.com/title/tt1488606/,Movie,6.5,125,2019,"Action, Adventure, Thriller",163206,3/13/2019,J.C. Chandor,,
199,tt1355683,8/26/2023,8/26/2023,,Black Mass,Black Mass,https://www.imdb.com/title/tt1355683/,Movie,6.8,123,2015,"Biography, Crime, Drama",203428,9/18/2015,Scott Cooper,,
200,tt0082085,10/23/2023,10/23/2023,,Blow Out,Blow Out,https://www.imdb.com/title/tt0082085/,Movie,7.4,108,1981,"Crime, Drama, Mystery, Thriller",77552,7/24/1981,Brian De Palma,,
201,tt0039628,12/18/2023,12/18/2023,,Miracle on 34th Street,Miracle on 34th Street,https://www.imdb.com/title/tt0039628/,Movie,7.9,96,1947,"Comedy, Drama, Family, Fantasy",60042,7/4/1947,George Seaton,,
202,tt0307987,12/22/2023,12/22/2023,,Bad Santa,Bad Santa,https://www.imdb.com/title/tt0307987/,Movie,7,92,2003,"Comedy, Crime, Drama",168430,11/26/2003,Terry Zwigoff,,
203,tt4034228,12/23/2023,12/23/2023,,Manchester by the Sea,Manchester by the Sea,https://www.imdb.com/title/tt4034228/,Movie,7.8,137,2016,Drama,361982,12/16/2016,Kenneth Lonergan,,
204,tt15314262,1/9/2024,1/9/2024,,The Beekeeper,The Beekeeper,https://www.imdb.com/title/tt15314262/,Movie,6.3,105,2024,"Action, Crime, Thriller",185001,1/12/2024,David Ayer,,
205,tt2345759,1/17/2024,1/17/2024,,The Mummy,The Mummy,https://www.imdb.com/title/tt2345759/,Movie,5.4,110,2017,"Action, Adventure, Fantasy, Horror, Thriller",224325,6/9/2017,Alex Kurtzman,,
206,tt0103241,1/24/2024,1/24/2024,,What About Bob?,What About Bob?,https://www.imdb.com/title/tt0103241/,Movie,7,99,1991,Comedy,79709,5/17/1991,Frank Oz,,
207,tt0139654,1/26/2024,1/26/2024,,Training Day,Training Day,https://www.imdb.com/title/tt0139654/,Movie,7.8,122,2001,"Crime, Drama, Thriller",523792,10/5/2001,Antoine Fuqua,,
208,tt1591479,2/3/2024,2/3/2024,,Act of Valor,Act of Valor,https://www.imdb.com/title/tt1591479/,Movie,6.4,110,2012,"Action, Adventure, Thriller, War",74431,2/24/2012,"Mike McCoy, Scott Waugh",,
209,tt0314353,2/3/2024,2/3/2024,,Tears of the Sun,Tears of the Sun,https://www.imdb.com/title/tt0314353/,Movie,6.6,121,2003,"Action, Drama, Thriller, War",137260,3/7/2003,Antoine Fuqua,,
210,tt0119173,2/3/2024,2/3/2024,,G.I. Jane,G.I. Jane,https://www.imdb.com/title/tt0119173/,Movie,6.1,125,1997,"Action, Drama, War",92493,8/22/1997,Ridley Scott,,
211,tt0096754,2/3/2024,2/3/2024,,The Abyss,The Abyss,https://www.imdb.com/title/tt0096754/,Movie,7.5,140,1989,"Adventure, Drama, Mystery, Sci-Fi, Thriller",210308,8/9/1989,James Cameron,,
212,tt0105690,2/3/2024,2/3/2024,,Under Siege,Under Siege,https://www.imdb.com/title/tt0105690/,Movie,6.5,103,1992,"Action, Thriller",103795,10/9/1992,Andrew Davis,,
213,tt0499097,2/3/2024,2/3/2024,,Without Remorse,Without Remorse,https://www.imdb.com/title/tt0499097/,Movie,5.8,109,2021,"Action, Drama, Thriller, War",72012,4/30/2021,Stefano Sollima,,
214,tt0100232,2/3/2024,2/3/2024,,Navy Seals,Navy Seals,https://www.imdb.com/title/tt0100232/,Movie,5.6,113,1990,"Action, Adventure, Thriller",19921,7/20/1990,Lewis Teague,,
215,tt1336608,2/3/2024,2/3/2024,,Rock of Ages,Rock of Ages,https://www.imdb.com/title/tt1336608/,Movie,5.9,123,2012,"Comedy, Drama, Musical, Romance",85005,6/15/2012,Adam Shankman,,
216,tt0891527,2/3/2024,2/3/2024,,Lions for Lambs,Lions for Lambs,https://www.imdb.com/title/tt0891527/,Movie,6.2,92,2007,"Crime, Drama, Mystery, Thriller, War",57175,11/9/2007,Robert Redford,,
217,tt0352248,2/10/2024,2/10/2024,,Cinderella Man,Cinderella Man,https://www.imdb.com/title/tt0352248/,Movie,8,144,2005,"Biography, Drama, Romance, Sport",210633,6/3/2005,Ron Howard,,
218,tt0120586,2/10/2024,2/10/2024,,American History X,American History X,https://www.imdb.com/title/tt0120586/,Movie,8.5,119,1998,"Crime, Drama",1283968,11/20/1998,Tony Kaye,,
219,tt0086066,2/17/2024,2/17/2024,,The Outsiders,The Outsiders,https://www.imdb.com/title/tt0086066/,Movie,7,91,1983,"Crime, Drama",110879,3/25/1983,Francis Ford Coppola,,
220,tt7660850,2/23/2024,2/23/2024,,Succession,Succession,https://www.imdb.com/title/tt7660850/,TV Series,8.8,60,2018,"Comedy, Drama",365211,6/3/2018,,,
221,tt3715152,3/7/2024,3/7/2024,,Shooting Stars,Shooting Stars,https://www.imdb.com/title/tt3715152/,Movie,6.5,116,2023,"Drama, Sport",4415,6/2/2023,Chris Robinson,,
222,tt15239678,3/10/2024,3/10/2024,,Dune: Part Two,Dune: Part Two,https://www.imdb.com/title/tt15239678/,Movie,8.4,166,2024,"Action, Adventure, Drama, Sci-Fi",787541,3/1/2024,Denis Villeneuve,,
223,tt1677720,3/21/2024,3/21/2024,,Ready Player One,Ready Player One,https://www.imdb.com/title/tt1677720/,Movie,7.4,140,2018,"Action, Adventure, Sci-Fi",549604,3/29/2018,Steven Spielberg,,
224,tt14849194,3/21/2024,3/21/2024,,The Holdovers,The Holdovers,https://www.imdb.com/title/tt14849194/,Movie,7.9,133,2023,"Comedy, Drama",272921,11/10/2023,Alexander Payne,,
225,tt9214772,3/21/2024,3/21/2024,,Monkey Man,Monkey Man,https://www.imdb.com/title/tt9214772/,Movie,6.8,121,2024,"Action, Crime, Thriller",101139,4/5/2024,Dev Patel,,
226,tt2356777,3/21/2024,3/21/2024,,True Detective,True Detective,https://www.imdb.com/title/tt2356777/,TV Series,8.8,60,2014,"Crime, Drama, Mystery, Thriller",766744,1/12/2014,,,
227,tt4236770,3/21/2024,3/21/2024,,Yellowstone,Yellowstone,https://www.imdb.com/title/tt4236770/,TV Series,8.6,60,2018,"Drama, Western",319929,6/20/2018,,,
228,tt1632701,4/2/2024,4/2/2024,,Suits,Suits,https://www.imdb.com/title/tt1632701/,TV Series,8.4,45,2011,"Comedy, Drama",547697,6/23/2011,,,
229,tt2369135,5/17/2024,5/17/2024,,Need for Speed,Need for Speed,https://www.imdb.com/title/tt2369135/,Movie,6.4,132,2014,"Action, Crime, Drama, Thriller",187995,3/14/2014,Scott Waugh,,
230,tt1840309,6/5/2024,6/5/2024,,Divergent,Divergent,https://www.imdb.com/title/tt1840309/,Movie,6.6,139,2014,"Action, Adventure, Drama, Mystery, Sci-Fi",521962,3/21/2014,Neil Burger,,
231,tt1392170,6/5/2024,6/5/2024,,The Hunger Games,The Hunger Games,https://www.imdb.com/title/tt1392170/,Movie,7.2,142,2012,"Action, Adventure, Sci-Fi, Thriller",1092048,3/23/2012,Gary Ross,,
232,tt1951264,6/5/2024,6/5/2024,,The Hunger Games: Catching Fire,The Hunger Games: Catching Fire,https://www.imdb.com/title/tt1951264/,Movie,7.5,146,2013,"Action, Adventure, Romance, Sci-Fi, Thriller",781215,11/22/2013,Francis Lawrence,,
233,tt1951265,6/5/2024,6/5/2024,,The Hunger Games: Mockingjay - Part 1,The Hunger Games: Mockingjay - Part 1,https://www.imdb.com/title/tt1951265/,Movie,6.6,123,2014,"Action, Adventure, Sci-Fi, Thriller",552370,11/21/2014,Francis Lawrence,,
234,tt1951266,6/5/2024,6/5/2024,,The Hunger Games: Mockingjay - Part 2,The Hunger Games: Mockingjay - Part 2,https://www.imdb.com/title/tt1951266/,Movie,6.6,137,2015,"Action, Adventure, Sci-Fi, Thriller",420126,11/20/2015,Francis Lawrence,,
235,tt10545296,6/5/2024,6/5/2024,,The Hunger Games: The Ballad of Songbirds & Snakes,The Hunger Games: The Ballad of Songbirds & Snakes,https://www.imdb.com/title/tt10545296/,Movie,6.6,157,2023,"Action, Adventure, Drama, Sci-Fi, Thriller, War",188918,11/17/2023,Francis Lawrence,,
236,tt11280740,6/6/2024,6/6/2024,,Severance,Severance,https://www.imdb.com/title/tt11280740/,TV Series,8.6,50,2022,"Drama, Mystery, Sci-Fi, Thriller",402802,2/18/2022,,,
237,tt0118799,6/16/2024,6/16/2024,,Life Is Beautiful,La vita è bella,https://www.imdb.com/title/tt0118799/,Movie,8.6,116,1997,"Comedy, Drama, Romance, War",820827,12/20/1997,Roberto Benigni,,
238,tt0087277,6/26/2024,6/26/2024,,Footloose,Footloose,https://www.imdb.com/title/tt0087277/,Movie,6.6,107,1984,"Drama, Music, Romance",102866,2/17/1984,Herbert Ross,,
239,tt0110478,6/27/2024,6/27/2024,,Maverick,Maverick,https://www.imdb.com/title/tt0110478/,Movie,7,127,1994,"Action, Adventure, Comedy, Western",125851,5/20/1994,Richard Donner,,
240,tt0059037,6/27/2024,6/27/2024,,The Cincinnati Kid,The Cincinnati Kid,https://www.imdb.com/title/tt0059037/,Movie,7.2,102,1965,Drama,19867,10/30/1965,"Norman Jewison, Sam Peckinpah",,
241,tt0427998,6/27/2024,6/27/2024,,The Grand,The Grand,https://www.imdb.com/title/tt0427998/,Movie,5.9,104,2007,Comedy,6153,6/7/2007,Zak Penn,,
242,tt0323939,6/27/2024,6/27/2024,,Shade,Shade,https://www.imdb.com/title/tt0323939/,Movie,6.3,101,2003,"Crime, Thriller",13928,5/9/2004,Damian Nieman,,
243,tt0446676,6/27/2024,6/27/2024,,Deal,Deal,https://www.imdb.com/title/tt0446676/,Movie,5.3,86,2008,"Comedy, Drama",4783,6/12/2008,Gil Cates Jr.,,
244,tt0338216,6/27/2024,6/27/2024,,Lucky You,Lucky You,https://www.imdb.com/title/tt0338216/,Movie,5.9,124,2007,"Drama, Romance, Sport",21696,5/4/2007,Curtis Hanson,,
245,tt0374463,6/27/2024,6/27/2024,,The Pacific,The Pacific,https://www.imdb.com/title/tt0374463/,TV Mini Series,8.3,60,2010,"Action, Adventure, Drama, History, War",145274,3/14/2010,,,
246,tt3104988,7/2/2024,7/2/2024,,Crazy Rich Asians,Crazy Rich Asians,https://www.imdb.com/title/tt3104988/,Movie,6.9,120,2018,"Comedy, Drama, Romance",211086,8/15/2018,Jon M. Chu,,
247,tt8544498,7/4/2024,7/4/2024,,The Way Back,The Way Back,https://www.imdb.com/title/tt8544498/,Movie,6.7,108,2020,"Drama, Sport",57286,3/6/2020,Gavin O'Connor,,
248,tt1647668,7/4/2024,7/4/2024,,Million Dollar Arm,Million Dollar Arm,https://www.imdb.com/title/tt1647668/,Movie,7,124,2014,"Biography, Drama, Family, Sport",49587,5/16/2014,Craig Gillespie,,
249,tt0092005,7/4/2024,7/4/2024,,Stand by Me,Stand by Me,https://www.imdb.com/title/tt0092005/,Movie,8.1,89,1986,"Adventure, Drama",493341,8/22/1986,Rob Reiner,,
250,tt0091042,7/4/2024,7/4/2024,,Ferris Bueller's Day Off,Ferris Bueller's Day Off,https://www.imdb.com/title/tt0091042/,Movie,7.8,103,1986,Comedy,419738,6/11/1986,John Hughes,,
251,tt0316465,7/23/2024,7/23/2024,,Radio,Radio,https://www.imdb.com/title/tt0316465/,Movie,6.9,109,2003,"Biography, Drama, Sport",49471,10/24/2003,Michael Tollin,,
252,tt0477347,8/19/2024,8/19/2024,,Night at the Museum,Night at the Museum,https://www.imdb.com/title/tt0477347/,Movie,6.5,108,2006,"Adventure, Comedy, Family, Fantasy",415338,12/22/2006,Shawn Levy,,
253,tt2788710,8/19/2024,8/19/2024,,The Interview,The Interview,https://www.imdb.com/title/tt2788710/,Movie,6.5,112,2014,"Action, Adventure, Comedy",379272,12/24/2014,"Evan Goldberg, Seth Rogen",,
254,tt10954652,8/25/2024,8/25/2024,,Old,Old,https://www.imdb.com/title/tt10954652/,Movie,5.8,108,2021,"Drama, Mystery, Thriller",185919,7/23/2021,M. Night Shyamalan,,
255,tt6966692,8/25/2024,8/25/2024,,Green Book,Green Book,https://www.imdb.com/title/tt6966692/,Movie,8.2,130,2018,"Biography, Comedy, Drama, Music",700495,11/16/2018,Peter Farrelly,,
256,tt0277434,11/23/2024,11/23/2024,,We Were Soldiers,We Were Soldiers,https://www.imdb.com/title/tt0277434/,Movie,7.2,138,2002,"Action, Drama, History, War",160884,3/1/2002,Randall Wallace,,
257,tt4364194,11/26/2024,11/26/2024,,The Peanut Butter Falcon,The Peanut Butter Falcon,https://www.imdb.com/title/tt4364194/,Movie,7.6,97,2019,"Adventure, Comedy, Drama",121033,8/23/2019,"Tyler Nilson, Michael Schwartz",,
258,tt0094291,1/1/2025,1/1/2025,,Wall Street,Wall Street,https://www.imdb.com/title/tt0094291/,Movie,7.3,126,1987,"Crime, Drama",175735,12/11/1987,Oliver Stone,,
259,tt1517451,2/10/2025,2/10/2025,,A Star Is Born,A Star Is Born,https://www.imdb.com/title/tt1517451/,Movie,7.6,136,2018,"Drama, Music, Romance",452192,10/5/2018,Bradley Cooper,,
260,tt0243655,2/10/2025,2/10/2025,,Wet Hot American Summer,Wet Hot American Summer,https://www.imdb.com/title/tt0243655/,Movie,6.5,97,2001,"Comedy, Romance",64830,7/27/2001,David Wain,,
261,tt6924650,3/2/2025,3/2/2025,,Midway,Midway,https://www.imdb.com/title/tt6924650/,Movie,6.7,138,2019,"Action, Drama, History, War",106598,11/8/2019,Roland Emmerich,,
262,tt1924435,3/22/2025,3/22/2025,,Let's Be Cops,Let's Be Cops,https://www.imdb.com/title/tt1924435/,Movie,6.4,104,2014,"Action, Comedy, Crime",145106,8/13/2014,Luke Greenfield,,
263,tt0273923,4/2/2025,4/2/2025,,Orange County,Orange County,https://www.imdb.com/title/tt0273923/,Movie,6.2,82,2002,"Comedy, Drama",54270,1/11/2002,Jake Kasdan,,
264,tt6710474,4/17/2025,4/17/2025,,Everything Everywhere All at Once,Everything Everywhere All at Once,https://www.imdb.com/title/tt6710474/,Movie,7.7,139,2022,"Action, Adventure, Comedy, Drama, Fantasy, Sci-Fi",659263,4/8/2022,"Daniel Kwan, Daniel Scheinert",,
265,tt1291584,5/4/2025,5/4/2025,,Warrior,Warrior,https://www.imdb.com/title/tt1291584/,Movie,8.1,140,2011,"Action, Drama, Sport",532803,9/9/2011,Gavin O'Connor,,
266,tt1392190,5/4/2025,5/4/2025,,Mad Max: Fury Road,Mad Max: Fury Road,https://www.imdb.com/title/tt1392190/,Movie,8.1,120,2015,"Action, Adventure, Sci-Fi",1218370,5/15/2015,George Miller,,
267,tt2024544,5/4/2025,5/4/2025,,12 Years a Slave,12 Years a Slave,https://www.imdb.com/title/tt2024544/,Movie,8.1,134,2013,"Biography, Drama, History",793174,11/8/2013,Steve McQueen,,
268,tt0112471,5/4/2025,5/4/2025,,Before Sunrise,Before Sunrise,https://www.imdb.com/title/tt0112471/,Movie,8.1,101,1995,"Comedy, Drama, Romance",382899,1/27/1995,Richard Linklater,,
269,tt3682448,5/4/2025,5/4/2025,,Bridge of Spies,Bridge of Spies,https://www.imdb.com/title/tt3682448/,Movie,7.6,142,2015,"Drama, History, Thriller, War",346817,10/16/2015,Steven Spielberg,,
270,tt1016150,5/4/2025,5/4/2025,,All Quiet on the Western Front,Im Westen nichts Neues,https://www.imdb.com/title/tt1016150/,Movie,7.8,148,2022,"Drama, History, War",344709,10/28/2022,Edward Berger,,
271,tt0120188,5/4/2025,5/4/2025,,Three Kings,Three Kings,https://www.imdb.com/title/tt0120188/,Movie,7.1,114,1999,"Action, Adventure, Comedy, Drama, War",187141,10/1/1999,David O. Russell,,
272,tt0418689,5/4/2025,5/4/2025,,Flags of Our Fathers,Flags of Our Fathers,https://www.imdb.com/title/tt0418689/,Movie,7.1,135,2006,"Action, Adventure, Drama, History, War",134991,10/20/2006,Clint Eastwood,,
273,tt0159273,5/4/2025,5/4/2025,,Behind Enemy Lines,Behind Enemy Lines,https://www.imdb.com/title/tt0159273/,Movie,6.4,106,2001,"Action, Drama, Thriller, War",119949,11/30/2001,John Moore,,
274,tt4530422,5/4/2025,5/4/2025,,Overlord,Overlord,https://www.imdb.com/title/tt4530422/,Movie,6.6,110,2018,"Action, Horror, Sci-Fi, War",117430,11/9/2018,Julius Avery,,
275,tt1413492,5/4/2025,5/4/2025,,12 Strong,12 Strong,https://www.imdb.com/title/tt1413492/,Movie,6.6,130,2018,"Action, Drama, History, War",101821,1/19/2018,Nicolai Fuglsig,,
276,tt2177771,5/8/2025,5/8/2025,,The Monuments Men,The Monuments Men,https://www.imdb.com/title/tt2177771/,Movie,6.1,118,2014,"Biography, Comedy, Drama, War",149299,2/7/2014,George Clooney,,
277,tt0060472,5/24/2025,5/24/2025,,Grand Prix,Grand Prix,https://www.imdb.com/title/tt0060472/,Movie,7.2,176,1966,"Drama, Sport",12237,12/21/1966,John Frankenheimer,,
278,tt0110442,6/20/2025,6/20/2025,,Major League II,Major League II,https://www.imdb.com/title/tt0110442/,Movie,5.7,105,1994,"Comedy, Sport",29997,3/30/1994,David S. Ward,,
279,tt0974661,6/28/2025,6/28/2025,,17 Again,17 Again,https://www.imdb.com/title/tt0974661/,Movie,6.4,102,2009,"Comedy, Drama, Fantasy, Romance, Sport",233805,4/17/2009,Burr Steers,,
280,tt7738330,7/4/2025,7/4/2025,,The Long Game,The Long Game,https://www.imdb.com/title/tt7738330/,Movie,6.7,112,2023,"Drama, History, Sport",8628,4/12/2024,Julio Quintana,,
281,tt2883512,7/6/2025,7/6/2025,,Chef,Chef,https://www.imdb.com/title/tt2883512/,Movie,7.3,114,2014,"Adventure, Comedy, Drama",253490,5/30/2014,Jon Favreau,,
282,tt5177120,7/16/2025,7/16/2025,,The Ministry of Ungentlemanly Warfare,The Ministry of Ungentlemanly Warfare,https://www.imdb.com/title/tt5177120/,Movie,6.8,122,2024,"Action, Comedy, War",166334,4/19/2024,Guy Ritchie,,
283,tt4555426,7/16/2025,7/16/2025,,Darkest Hour,Darkest Hour,https://www.imdb.com/title/tt4555426/,Movie,7.4,125,2017,"Biography, Drama, History, War",245368,12/22/2017,Joe Wright,,
284,tt0118887,7/18/2025,7/18/2025,,Cop Land,Cop Land,https://www.imdb.com/title/tt0118887/,Movie,7,105,1997,"Crime, Drama, Thriller",116771,8/15/1997,James Mangold,,
285,tt2442560,8/11/2025,8/11/2025,,Peaky Blinders,Peaky Blinders,https://www.imdb.com/title/tt2442560/,TV Series,8.7,60,2013,"Crime, Drama",789728,9/30/2014,,,
286,tt3890160,8/11/2025,8/11/2025,,Baby Driver,Baby Driver,https://www.imdb.com/title/tt3890160/,Movie,7.5,113,2017,"Action, Crime, Drama, Music, Romance, Thriller",693060,6/28/2017,Edgar Wright,,
287,tt1389137,8/24/2025,8/24/2025,,We Bought a Zoo,We Bought a Zoo,https://www.imdb.com/title/tt1389137/,Movie,7,124,2011,"Comedy, Drama, Family",161971,12/23/2011,Cameron Crowe,,
288,tt36413910,8/28/2025,8/28/2025,,The Mosquito Bowl,The Mosquito Bowl,https://www.imdb.com/title/tt36413910/,Movie,,,2026,"Biography, Drama, History, Sport, War",0,11/25/2026,Peter Berg,,
289,tt0478311,10/7/2025,10/7/2025,,Knocked Up,Knocked Up,https://www.imdb.com/title/tt0478311/,Movie,6.9,129,2007,"Comedy, Romance",401999,6/1/2007,Judd Apatow,,
290,tt29567915,12/16/2025,12/16/2025,,Nuremberg,Nuremberg,https://www.imdb.com/title/tt29567915/,Movie,7.3,148,2025,"Biography, Drama, History, Thriller, War",115085,11/7/2025,James Vanderbilt,,
291,tt12789558,12/22/2025,12/22/2025,,Belfast,Belfast,https://www.imdb.com/title/tt12789558/,Movie,7.2,98,2021,"Biography, Drama",139233,11/12/2021,Kenneth Branagh,,
292,tt0146984,12/23/2025,12/23/2025,,The Legend of Bagger Vance,The Legend of Bagger Vance,https://www.imdb.com/title/tt0146984/,Movie,6.7,126,2000,"Drama, Sport",62734,11/3/2000,Robert Redford,,
293,tt0104431,12/24/2025,12/24/2025,,Home Alone 2: Lost in New York,Home Alone 2: Lost in New York,https://www.imdb.com/title/tt0104431/,Movie,6.9,120,1992,"Adventure, Comedy, Crime, Family",460863,11/20/1992,Chris Columbus,,
294,tt0457939,12/24/2025,12/24/2025,,The Holiday,The Holiday,https://www.imdb.com/title/tt0457939/,Movie,7,136,2006,"Comedy, Romance",370217,12/8/2006,Nancy Meyers,,
295,tt1711525,12/24/2025,12/24/2025,,Office Christmas Party,Office Christmas Party,https://www.imdb.com/title/tt1711525/,Movie,5.9,105,2016,Comedy,94770,12/9/2016,"Josh Gordon, Will Speck",,
296,tt0314331,12/26/2025,12/26/2025,,Love Actually,Love Actually,https://www.imdb.com/title/tt0314331/,Movie,7.5,135,2003,"Comedy, Drama, Romance",583533,11/14/2003,Richard Curtis,,
297,tt0468569,12/29/2025,12/29/2025,,The Dark Knight,The Dark Knight,https://www.imdb.com/title/tt0468569/,Movie,9.1,152,2008,"Crime, Thriller",3216467,7/18/2008,Christopher Nolan,,
298,tt1345836,12/29/2025,12/29/2025,,The Dark Knight Rises,The Dark Knight Rises,https://www.imdb.com/title/tt1345836/,Movie,8.4,164,2012,"Crime, Thriller",2022128,7/20/2012,Christopher Nolan,,
299,tt4729430,12/30/2025,12/30/2025,,Klaus,Klaus,https://www.imdb.com/title/tt4729430/,Movie,8.2,96,2019,"Animation, Adventure, Comedy, Family, Fantasy",241563,11/15/2019,"Sergio Pablos, Carlos Martínez López",,
300,tt0141109,12/30/2025,12/30/2025,,Jack Frost,Jack Frost,https://www.imdb.com/title/tt0141109/,Movie,5.5,101,1998,"Comedy, Drama, Family, Fantasy",44861,12/11/1998,Troy Miller,,
301,tt0430105,1/4/2026,1/4/2026,,Four Brothers,Four Brothers,https://www.imdb.com/title/tt0430105/,Movie,6.8,109,2005,"Action, Crime, Drama, Mystery, Thriller",170691,7/1/2005,John Singleton,,
302,tt0780511,1/4/2026,1/4/2026,,Everybody's Fine,Everybody's Fine,https://www.imdb.com/title/tt0780511/,Movie,7.1,99,2009,"Adventure, Drama",67959,12/4/2009,Kirk Jones,,
303,tt0116999,1/9/2026,1/9/2026,,Marvin's Room,Marvin's Room,https://www.imdb.com/title/tt0116999/,Movie,6.7,98,1996,Drama,32172,2/28/1997,Jerry Zaks,,
304,tt0374900,1/10/2026,1/10/2026,,Napoleon Dynamite,Napoleon Dynamite,https://www.imdb.com/title/tt0374900/,Movie,7,96,2004,Comedy,258823,8/27/2004,Jared Hess,,
305,tt0163651,1/10/2026,1/10/2026,,American Pie,American Pie,https://www.imdb.com/title/tt0163651/,Movie,7,95,1999,Comedy,472217,7/9/1999,Paul Weitz,,
306,tt0080339,1/13/2026,1/13/2026,,Airplane!,Airplane!,https://www.imdb.com/title/tt0080339/,Movie,7.7,88,1980,Comedy,291734,7/2/1980,"Jim Abrahams, David Zucker, Jerry Zucker",,
307,tt0094012,1/13/2026,1/13/2026,,Spaceballs,Spaceballs,https://www.imdb.com/title/tt0094012/,Movie,7.1,96,1987,"Adventure, Comedy, Sci-Fi",228429,6/24/1987,Mel Brooks,,
308,tt31050594,1/17/2026,1/17/2026,,Mercy,Mercy,https://www.imdb.com/title/tt31050594/,Movie,6.2,99,2026,"Action, Crime, Drama, Mystery, Sci-Fi, Thriller",79964,1/23/2026,Timur Bekmambetov,,
309,tt4357198,1/17/2026,1/17/2026,,How to Make a Killing,How to Make a Killing,https://www.imdb.com/title/tt4357198/,Movie,6.5,105,2026,"Comedy, Drama, Thriller",40553,2/20/2026,John Patton Ford,,
310,tt14257582,1/18/2026,1/18/2026,,Wolfs,Wolfs,https://www.imdb.com/title/tt14257582/,Movie,6.5,108,2024,"Action, Comedy, Crime, Thriller",107209,9/27/2024,Jon Watts,,
311,tt0090863,1/19/2026,1/19/2026,,The Color of Money,The Color of Money,https://www.imdb.com/title/tt0090863/,Movie,7,119,1986,"Drama, Sport",102425,10/17/1986,Martin Scorsese,5,4/19/2026
312,tt31495504,1/19/2026,1/19/2026,,The Tank,Der Tiger,https://www.imdb.com/title/tt31495504/,Movie,6.5,116,2025,"Action, Drama, Thriller, War",16637,1/2/2026,Dennis Gansel,,
313,tt0064505,1/21/2026,1/21/2026,,The Italian Job,The Italian Job,https://www.imdb.com/title/tt0064505/,Movie,7.2,99,1969,"Action, Comedy, Crime, Thriller",54760,9/3/1969,Peter Collinson,,
314,tt0056172,1/21/2026,1/21/2026,,Lawrence of Arabia,Lawrence of Arabia,https://www.imdb.com/title/tt0056172/,Movie,8.3,227,1962,"Adventure, Biography, Drama, War",345186,12/16/1962,David Lean,,
315,tt0320661,1/22/2026,1/22/2026,,Kingdom of Heaven,Kingdom of Heaven,https://www.imdb.com/title/tt0320661/,Movie,7.3,144,2005,"Action, Adventure, Drama, History, War",359948,5/6/2005,Ridley Scott,,
316,tt0120863,1/22/2026,1/22/2026,,The Thin Red Line,The Thin Red Line,https://www.imdb.com/title/tt0120863/,Movie,7.6,170,1998,"Drama, History, War",213521,1/15/1999,Terrence Malick,,
317,tt32306991,1/23/2026,1/23/2026,,Solo Mio,Solo Mio,https://www.imdb.com/title/tt32306991/,Movie,6.7,96,2026,"Comedy, Romance",14382,2/6/2026,"Charles Kinnane, Daniel Kinnane",,
318,tt5057054,1/23/2026,1/23/2026,,Jack Ryan,Jack Ryan,https://www.imdb.com/title/tt5057054/,TV Series,8,60,2018,"Action, Crime, Drama, Thriller",196364,8/31/2018,,,
319,tt1663662,1/24/2026,1/24/2026,,Pacific Rim,Pacific Rim,https://www.imdb.com/title/tt1663662/,Movie,6.9,131,2013,"Action, Adventure, Sci-Fi",563167,7/12/2013,Guillermo del Toro,,
320,tt0377092,2/1/2026,2/1/2026,,Mean Girls,Mean Girls,https://www.imdb.com/title/tt0377092/,Movie,7.1,97,2004,Comedy,491725,4/30/2004,Mark Waters,,
321,tt2704998,2/1/2026,2/1/2026,,Game Night,Game Night,https://www.imdb.com/title/tt2704998/,Movie,6.9,100,2018,"Action, Adventure, Comedy, Crime, Mystery, Thriller",283220,2/23/2018,"John Francis Daley, Jonathan Goldstein",,
322,tt1798684,2/1/2026,2/1/2026,,Southpaw,Southpaw,https://www.imdb.com/title/tt1798684/,Movie,7.3,124,2015,"Action, Drama, Sport",281747,7/24/2015,Antoine Fuqua,,
323,tt2194499,2/1/2026,2/1/2026,,About Time,About Time,https://www.imdb.com/title/tt2194499/,Movie,7.8,123,2013,"Comedy, Drama, Fantasy, Romance, Sci-Fi",440531,11/8/2013,Richard Curtis,,
324,tt0988045,2/1/2026,2/1/2026,,Sherlock Holmes,Sherlock Holmes,https://www.imdb.com/title/tt0988045/,Movie,7.5,128,2009,"Action, Adventure, Mystery",710505,12/25/2009,Guy Ritchie,,
325,tt1515091,2/1/2026,2/1/2026,,Sherlock Holmes: A Game of Shadows,Sherlock Holmes: A Game of Shadows,https://www.imdb.com/title/tt1515091/,Movie,7.4,129,2011,"Action, Adventure, Mystery",504842,12/16/2011,Guy Ritchie,,
326,tt0302640,2/1/2026,2/1/2026,,The Hot Chick,The Hot Chick,https://www.imdb.com/title/tt0302640/,Movie,5.6,104,2002,"Comedy, Fantasy",111091,12/13/2002,Tom Brady,,
327,tt5950044,2/1/2026,2/1/2026,,Superman,Superman,https://www.imdb.com/title/tt5950044/,Movie,7,129,2025,"Action, Adventure, Sci-Fi",439016,7/11/2025,James Gunn,,
328,tt0120338,2/1/2026,2/1/2026,,Titanic,Titanic,https://www.imdb.com/title/tt0120338/,Movie,8,194,1997,"Drama, Romance",1408973,12/19/1997,James Cameron,,
329,tt0109830,2/1/2026,2/1/2026,,Forrest Gump,Forrest Gump,https://www.imdb.com/title/tt0109830/,Movie,8.8,142,1994,"Drama, Romance",2527553,7/6/1994,Robert Zemeckis,,
330,tt17279496,2/1/2026,2/1/2026,,Civil War,Civil War,https://www.imdb.com/title/tt17279496/,Movie,7,109,2024,"Action, Thriller, War",273286,4/12/2024,Alex Garland,,
331,tt0088763,2/1/2026,2/1/2026,,Back to the Future,Back to the Future,https://www.imdb.com/title/tt0088763/,Movie,8.5,116,1985,"Adventure, Comedy, Sci-Fi",1471220,7/3/1985,Robert Zemeckis,,
332,tt5727208,2/1/2026,2/1/2026,,Uncut Gems,Uncut Gems,https://www.imdb.com/title/tt5727208/,Movie,7.4,135,2019,"Crime, Drama, Thriller",360934,12/25/2019,"Benny Safdie, Josh Safdie",,
333,tt1877830,2/1/2026,2/1/2026,,The Batman,The Batman,https://www.imdb.com/title/tt1877830/,Movie,7.8,176,2022,"Action, Crime, Drama, Mystery",945291,3/4/2022,Matt Reeves,,
334,tt9362722,2/1/2026,2/1/2026,,Spider-Man: Across the Spider-Verse,Spider-Man: Across the Spider-Verse,https://www.imdb.com/title/tt9362722/,Movie,8.5,140,2023,"Animation, Action, Adventure, Family, Fantasy, Sci-Fi",548089,6/2/2023,"Joaquim Dos Santos, Kemp Powers, Justin K. Thompson",,
335,tt0455944,2/1/2026,2/1/2026,,The Equalizer,The Equalizer,https://www.imdb.com/title/tt0455944/,Movie,7.3,132,2014,"Action, Crime, Thriller",471293,9/26/2014,Antoine Fuqua,,
336,tt0372784,2/1/2026,2/1/2026,,Batman Begins,Batman Begins,https://www.imdb.com/title/tt0372784/,Movie,8.2,140,2005,Crime,1739278,6/15/2005,Christopher Nolan,,
337,tt0147800,2/1/2026,2/1/2026,,10 Things I Hate About You,10 Things I Hate About You,https://www.imdb.com/title/tt0147800/,Movie,7.4,97,1999,"Comedy, Drama, Romance",459196,3/31/1999,Gil Junger,,
338,tt0117913,2/1/2026,2/1/2026,,A Time to Kill,A Time to Kill,https://www.imdb.com/title/tt0117913/,Movie,7.5,149,1996,"Crime, Drama, Thriller",211163,7/24/1996,Joel Schumacher,,
339,tt2543472,2/1/2026,2/1/2026,,Wonder,Wonder,https://www.imdb.com/title/tt2543472/,Movie,7.9,113,2017,"Drama, Family",198829,11/17/2017,Stephen Chbosky,,
340,tt0092890,2/1/2026,2/1/2026,,Dirty Dancing,Dirty Dancing,https://www.imdb.com/title/tt0092890/,Movie,7.1,100,1987,"Drama, Music, Romance",283675,8/21/1987,Emile Ardolino,,
341,tt0119643,2/1/2026,2/1/2026,,Meet Joe Black,Meet Joe Black,https://www.imdb.com/title/tt0119643/,Movie,7.2,178,1998,"Drama, Fantasy, Romance",302619,11/13/1998,Martin Brest,,
342,tt5052474,2/1/2026,2/1/2026,,Sicario: Day of the Soldado,Sicario: Day of the Soldado,https://www.imdb.com/title/tt5052474/,Movie,7.1,122,2018,"Action, Crime, Drama, Mystery, Thriller",194392,6/29/2018,Stefano Sollima,,
343,tt0359950,2/1/2026,2/1/2026,,The Secret Life of Walter Mitty,The Secret Life of Walter Mitty,https://www.imdb.com/title/tt0359950/,Movie,7.3,114,2013,"Adventure, Comedy, Drama, Fantasy, Romance",376337,12/25/2013,Ben Stiller,,
344,tt0119822,2/1/2026,2/1/2026,,As Good as It Gets,As Good as It Gets,https://www.imdb.com/title/tt0119822/,Movie,7.7,139,1997,"Comedy, Drama, Romance",339754,12/25/1997,James L. Brooks,,
345,tt0096874,2/1/2026,2/1/2026,,Back to the Future Part II,Back to the Future Part II,https://www.imdb.com/title/tt0096874/,Movie,7.8,108,1989,"Adventure, Comedy, Sci-Fi",627945,11/22/1989,Robert Zemeckis,,
346,tt0097576,2/1/2026,2/1/2026,,Indiana Jones and the Last Crusade,Indiana Jones and the Last Crusade,https://www.imdb.com/title/tt0097576/,Movie,8.2,127,1989,Adventure,869922,5/24/1989,Steven Spielberg,,
347,tt0102685,2/1/2026,2/1/2026,,Point Break,Point Break,https://www.imdb.com/title/tt0102685/,Movie,7.3,122,1991,"Action, Crime, Thriller",228801,7/12/1991,Kathryn Bigelow,,
348,tt1045658,2/1/2026,2/1/2026,,Silver Linings Playbook,Silver Linings Playbook,https://www.imdb.com/title/tt1045658/,Movie,7.7,122,2012,"Comedy, Drama, Romance",777077,12/25/2012,David O. Russell,,
349,tt0111257,2/1/2026,2/1/2026,,Speed,Speed,https://www.imdb.com/title/tt0111257/,Movie,7.3,116,1994,"Action, Adventure, Thriller",426476,6/10/1994,Jan de Bont,,
350,tt7405458,2/1/2026,2/1/2026,,A Man Called Otto,A Man Called Otto,https://www.imdb.com/title/tt7405458/,Movie,7.5,126,2022,"Comedy, Drama",215068,1/13/2023,Marc Forster,,
351,tt1403865,2/1/2026,2/1/2026,,True Grit,True Grit,https://www.imdb.com/title/tt1403865/,Movie,7.6,110,2010,"Drama, Western",378816,12/22/2010,"Ethan Coen, Joel Coen",,
352,tt1355644,2/1/2026,2/1/2026,,Passengers,Passengers,https://www.imdb.com/title/tt1355644/,Movie,7,116,2016,"Drama, Romance, Sci-Fi, Thriller",504150,12/21/2016,Morten Tyldum,,
353,tt0096895,2/1/2026,2/1/2026,,Batman,Batman,https://www.imdb.com/title/tt0096895/,Movie,7.5,126,1989,Crime,435145,6/23/1989,Tim Burton,,
354,tt0421715,2/1/2026,2/1/2026,,The Curious Case of Benjamin Button,The Curious Case of Benjamin Button,https://www.imdb.com/title/tt0421715/,Movie,7.8,166,2008,"Drama, Fantasy, Romance",752879,12/25/2008,David Fincher,,
355,tt0108399,2/1/2026,2/1/2026,,True Romance,True Romance,https://www.imdb.com/title/tt0108399/,Movie,7.9,119,1993,"Crime, Drama, Romance, Thriller",263020,9/10/1993,Tony Scott,,
356,tt0151804,2/1/2026,2/1/2026,,Office Space,Office Space,https://www.imdb.com/title/tt0151804/,Movie,7.6,89,1999,Comedy,311197,2/19/1999,Mike Judge,,
357,tt6048922,2/1/2026,2/1/2026,,Greyhound,Greyhound,https://www.imdb.com/title/tt6048922/,Movie,7,91,2020,"Action, Drama, History, War",136203,7/10/2020,Aaron Schneider,,
358,tt0104694,2/1/2026,2/1/2026,,A League of Their Own,A League of Their Own,https://www.imdb.com/title/tt0104694/,Movie,7.4,128,1992,"Comedy, Drama, Sport",132097,7/1/1992,Penny Marshall,,
359,tt0117500,2/1/2026,2/1/2026,,The Rock,The Rock,https://www.imdb.com/title/tt0117500/,Movie,7.4,136,1996,"Action, Adventure, Thriller",383779,6/7/1996,Michael Bay,,
360,tt0099088,2/1/2026,2/1/2026,,Back to the Future Part III,Back to the Future Part III,https://www.imdb.com/title/tt0099088/,Movie,7.5,118,1990,"Adventure, Comedy, Sci-Fi, Western",525233,5/25/1990,Robert Zemeckis,,
361,tt0790636,2/1/2026,2/1/2026,,Dallas Buyers Club,Dallas Buyers Club,https://www.imdb.com/title/tt0790636/,Movie,7.9,117,2013,"Biography, Drama",551834,11/22/2013,Jean-Marc Vallée,,
362,tt0087469,2/1/2026,2/1/2026,,Indiana Jones and the Temple of Doom,Indiana Jones and the Temple of Doom,https://www.imdb.com/title/tt0087469/,Movie,7.5,118,1984,"Action, Adventure",572802,5/23/1984,Steven Spielberg,,
363,tt1245526,2/1/2026,2/1/2026,,RED,RED,https://www.imdb.com/title/tt1245526/,Movie,7,111,2010,"Action, Comedy, Crime, Thriller",340629,10/15/2010,Robert Schwentke,,
364,tt0234215,2/1/2026,2/1/2026,,The Matrix Reloaded,The Matrix Reloaded,https://www.imdb.com/title/tt0234215/,Movie,7.2,138,2003,"Action, Sci-Fi",675535,5/15/2003,"Lana Wachowski, Lilly Wachowski",,
365,tt5478478,2/1/2026,2/1/2026,,Hostiles,Hostiles,https://www.imdb.com/title/tt5478478/,Movie,7.2,134,2017,"Drama, Western",108601,1/26/2018,Scott Cooper,,
366,tt0093409,2/1/2026,2/1/2026,,Lethal Weapon,Lethal Weapon,https://www.imdb.com/title/tt0093409/,Movie,7.6,109,1987,"Action, Crime, Thriller",298242,3/6/1987,Richard Donner,,
367,tt0140352,2/1/2026,2/1/2026,,The Insider,The Insider,https://www.imdb.com/title/tt0140352/,Movie,7.8,157,1999,"Biography, Drama, History, Thriller",192972,11/5/1999,Michael Mann,,
368,tt0433035,2/1/2026,2/1/2026,,Real Steel,Real Steel,https://www.imdb.com/title/tt0433035/,Movie,7.1,127,2011,"Action, Drama, Sci-Fi, Sport",383857,10/7/2011,Shawn Levy,,
369,tt5580036,2/1/2026,2/1/2026,,"I, Tonya","I, Tonya",https://www.imdb.com/title/tt5580036/,Movie,7.5,119,2017,"Biography, Comedy, Drama, Sport",263398,1/19/2018,Craig Gillespie,,
370,tt0112461,2/1/2026,2/1/2026,,The Basketball Diaries,The Basketball Diaries,https://www.imdb.com/title/tt0112461/,Movie,7.3,102,1995,"Biography, Crime, Drama, Sport",134104,4/21/1995,Scott Kalvert,,
371,tt0101507,2/1/2026,2/1/2026,,Boyz n the Hood,Boyz n the Hood,https://www.imdb.com/title/tt0101507/,Movie,7.8,112,1991,"Crime, Drama",170284,7/12/1991,John Singleton,,
372,tt0074119,2/1/2026,2/1/2026,,All the President's Men,All the President's Men,https://www.imdb.com/title/tt0074119/,Movie,7.9,138,1976,"Drama, History, Thriller",139048,4/9/1976,Alan J. Pakula,,
373,tt0086567,2/1/2026,2/1/2026,,WarGames,WarGames,https://www.imdb.com/title/tt0086567/,Movie,7.1,114,1983,"Action, Drama, Sci-Fi, Thriller",122843,6/3/1983,John Badham,,
374,tt0093748,2/1/2026,2/1/2026,,"Planes, Trains & Automobiles","Planes, Trains & Automobiles",https://www.imdb.com/title/tt0093748/,Movie,7.6,93,1987,"Comedy, Drama",181784,11/25/1987,John Hughes,,
375,tt1034303,2/1/2026,2/1/2026,,Defiance,Defiance,https://www.imdb.com/title/tt1034303/,Movie,7.1,137,2008,"Action, Drama, History, Thriller, War",161688,1/16/2009,Edward Zwick,,
376,tt0120784,2/1/2026,2/1/2026,,Payback,Payback,https://www.imdb.com/title/tt0120784/,Movie,7,100,1999,"Action, Crime, Drama, Thriller",154718,2/5/1999,Brian Helgeland,,
377,tt0097733,2/1/2026,2/1/2026,,Lethal Weapon 2,Lethal Weapon 2,https://www.imdb.com/title/tt0097733/,Movie,7.3,114,1989,"Action, Crime, Thriller",202799,7/7/1989,Richard Donner,,
378,tt1125849,2/1/2026,2/1/2026,,The Wrestler,The Wrestler,https://www.imdb.com/title/tt1125849/,Movie,7.9,109,2008,"Drama, Sport",332406,1/30/2009,Darren Aronofsky,,
379,tt0119256,2/1/2026,2/1/2026,,Hard Eight,Sydney,https://www.imdb.com/title/tt0119256/,Movie,7.1,101,1996,"Crime, Drama",60351,2/28/1997,Paul Thomas Anderson,,
380,tt0099423,2/1/2026,2/1/2026,,Die Hard 2,Die Hard 2,https://www.imdb.com/title/tt0099423/,Movie,7.2,124,1990,"Action, Thriller",409431,7/3/1990,Renny Harlin,,
381,tt6285944,2/1/2026,2/1/2026,,The Banker,The Banker,https://www.imdb.com/title/tt6285944/,Movie,7.3,120,2020,"Biography, Drama",43555,3/20/2020,George Nolfi,,
382,tt7775622,2/1/2026,2/1/2026,,Free Solo,Free Solo,https://www.imdb.com/title/tt7775622/,Movie,8.1,100,2018,"Documentary, Adventure, Sport",88432,12/13/2018,"Jimmy Chin, Elizabeth Chai Vasarhelyi",,
383,tt0086879,2/1/2026,2/1/2026,,Amadeus,Amadeus,https://www.imdb.com/title/tt0086879/,Movie,8.4,160,1984,"Biography, Drama, Music",472318,9/19/1984,Miloš Forman,,
384,tt1485796,2/1/2026,2/1/2026,,The Greatest Showman,The Greatest Showman,https://www.imdb.com/title/tt1485796/,Movie,7.5,105,2017,"Biography, Drama, Musical, Romance",352365,12/20/2017,Michael Gracey,,
385,tt0335266,2/1/2026,2/1/2026,,Lost in Translation,Lost in Translation,https://www.imdb.com/title/tt0335266/,Movie,7.7,102,2003,"Comedy, Drama",533931,10/3/2003,Sofia Coppola,,
386,tt0311113,2/1/2026,2/1/2026,,Master and Commander: The Far Side of the World,Master and Commander: The Far Side of the World,https://www.imdb.com/title/tt0311113/,Movie,7.5,138,2003,"Action, Adventure, Drama, War",258759,11/14/2003,Peter Weir,,
387,tt0110322,2/1/2026,2/1/2026,,Legends of the Fall,Legends of the Fall,https://www.imdb.com/title/tt0110322/,Movie,7.5,133,1994,"Drama, Romance, War, Western",201614,1/13/1995,Edward Zwick,,
388,tt0443272,2/1/2026,2/1/2026,,Lincoln,Lincoln,https://www.imdb.com/title/tt0443272/,Movie,7.3,150,2012,"Biography, Drama, History, War",286802,11/16/2012,Steven Spielberg,,
389,tt1809398,2/1/2026,2/1/2026,,Unbroken,Unbroken,https://www.imdb.com/title/tt1809398/,Movie,7.2,137,2014,"Biography, Drama, Sport, War",200129,12/25/2014,Angelina Jolie,,
390,tt0093105,2/1/2026,2/1/2026,,"Good Morning, Vietnam","Good Morning, Vietnam",https://www.imdb.com/title/tt0093105/,Movie,7.3,121,1987,"Biography, Comedy, Drama, War",167114,1/15/1988,Barry Levinson,,
391,tt0120102,2/1/2026,2/1/2026,,Seven Years in Tibet,Seven Years in Tibet,https://www.imdb.com/title/tt0120102/,Movie,7.1,136,1997,"Adventure, Biography, Drama, History, War",169712,10/10/1997,Jean-Jacques Annaud,,
392,tt0266987,2/1/2026,2/1/2026,,Spy Game,Spy Game,https://www.imdb.com/title/tt0266987/,Movie,7.1,126,2001,"Action, Crime, Thriller",178167,11/21/2001,Tony Scott,,
393,tt0103776,2/1/2026,2/1/2026,,Batman Returns,Batman Returns,https://www.imdb.com/title/tt0103776/,Movie,7.1,126,1992,"Action, Crime, Fantasy",352267,6/19/1992,Tim Burton,,
394,tt0106364,2/1/2026,2/1/2026,,Batman: Mask of the Phantasm,Batman: Mask of the Phantasm,https://www.imdb.com/title/tt0106364/,Movie,7.8,76,1993,"Animation, Action, Adventure, Crime, Family, Mystery, Sci-Fi",64630,12/25/1993,"Kevin Altieri, Boyd Kirkland, Frank Paur, Dan Riba, Eric Radomski, Bruce Timm",,
395,tt0112462,2/1/2026,2/1/2026,,Batman Forever,Batman Forever,https://www.imdb.com/title/tt0112462/,Movie,5.5,121,1995,"Action, Adventure",284464,6/16/1995,Joel Schumacher,,
396,tt0287978,2/1/2026,2/1/2026,,Daredevil,Daredevil,https://www.imdb.com/title/tt0287978/,Movie,5.3,103,2003,"Action, Crime, Drama, Sci-Fi",241667,2/14/2003,Mark Steven Johnson,,
397,tt0286716,2/1/2026,2/1/2026,,Hulk,Hulk,https://www.imdb.com/title/tt0286716/,Movie,5.7,138,2003,"Action, Sci-Fi",294731,6/20/2003,Ang Lee,,
398,tt0348150,2/1/2026,2/1/2026,,Superman Returns,Superman Returns,https://www.imdb.com/title/tt0348150/,Movie,6.1,154,2006,"Action, Adventure, Sci-Fi",304607,6/30/2006,Bryan Singer,,
399,tt1133985,2/1/2026,2/1/2026,,Green Lantern,Green Lantern,https://www.imdb.com/title/tt1133985/,Movie,5.5,114,2011,"Action, Adventure, Sci-Fi",311067,6/17/2011,Martin Campbell,,
400,tt0770828,2/1/2026,2/1/2026,,Man of Steel,Man of Steel,https://www.imdb.com/title/tt0770828/,Movie,7.1,143,2013,"Action, Adventure, Sci-Fi",874812,6/14/2013,Zack Snyder,,
401,tt1431045,2/1/2026,2/1/2026,,Deadpool,Deadpool,https://www.imdb.com/title/tt1431045/,Movie,8,108,2016,"Action, Comedy, Sci-Fi",1268523,2/12/2016,Tim Miller,,
402,tt0451279,2/1/2026,2/1/2026,,Wonder Woman,Wonder Woman,https://www.imdb.com/title/tt0451279/,Movie,7.3,141,2017,"Action, Adventure, Fantasy, Sci-Fi, War",740257,6/2/2017,Patty Jenkins,,
403,tt5463162,2/1/2026,2/1/2026,,Deadpool 2,Deadpool 2,https://www.imdb.com/title/tt5463162/,Movie,7.6,119,2018,"Action, Adventure, Comedy, Sci-Fi",755124,5/18/2018,David Leitch,,
404,tt3554046,2/1/2026,2/1/2026,,Space Jam: A New Legacy,Space Jam: A New Legacy,https://www.imdb.com/title/tt3554046/,Movie,4.5,115,2021,"Animation, Adventure, Comedy, Family, Fantasy, Sci-Fi, Sport",88173,7/15/2021,Malcolm D. Lee,,
405,tt0430357,2/1/2026,2/1/2026,,Miami Vice,Miami Vice,https://www.imdb.com/title/tt0430357/,Movie,6.1,132,2006,"Action, Crime, Drama, Thriller",133157,7/28/2006,Michael Mann,,
406,tt0375912,2/2/2026,2/2/2026,,Layer Cake,Layer Cake,https://www.imdb.com/title/tt0375912/,Movie,7.2,105,2004,"Crime, Drama, Thriller",209101,6/3/2005,Matthew Vaughn,,
407,tt29768334,2/2/2026,2/2/2026,,Train Dreams,Train Dreams,https://www.imdb.com/title/tt29768334/,Movie,7.5,102,2025,Drama,114113,11/21/2025,Clint Bentley,,
408,tt32357218,2/7/2026,2/7/2026,,Shelter,Shelter,https://www.imdb.com/title/tt32357218/,Movie,6.1,107,2026,"Action, Thriller",45088,1/30/2026,Ric Roman Waugh,,
409,tt14107334,2/7/2026,2/7/2026,,The Running Man,The Running Man,https://www.imdb.com/title/tt14107334/,Movie,6.3,133,2025,"Action, Adventure, Sci-Fi, Thriller",121849,11/14/2025,Edgar Wright,,
410,tt11214558,2/7/2026,2/7/2026,,The Smashing Machine,The Smashing Machine,https://www.imdb.com/title/tt11214558/,Movie,6.3,123,2025,"Action, Biography, Drama, History, Sport",77036,10/3/2025,Benny Safdie,,
411,tt7737786,2/7/2026,2/7/2026,,Greenland,Greenland,https://www.imdb.com/title/tt7737786/,Movie,6.4,119,2020,"Action, Adventure, Thriller",175582,5/8/2021,Ric Roman Waugh,,
412,tt0120737,2/7/2026,2/7/2026,,The Lord of the Rings: The Fellowship of the Ring,The Lord of the Rings: The Fellowship of the Ring,https://www.imdb.com/title/tt0120737/,Movie,8.9,178,2001,"Adventure, Drama, Fantasy",2230914,12/19/2001,Peter Jackson,,
413,tt0167261,2/7/2026,2/7/2026,,The Lord of the Rings: The Two Towers,The Lord of the Rings: The Two Towers,https://www.imdb.com/title/tt0167261/,Movie,8.8,179,2002,"Adventure, Drama, Fantasy",1978555,12/18/2002,Peter Jackson,,
414,tt0167260,2/7/2026,2/7/2026,,The Lord of the Rings: The Return of the King,The Lord of the Rings: The Return of the King,https://www.imdb.com/title/tt0167260/,Movie,9,201,2003,"Adventure, Drama, Fantasy",2187467,12/17/2003,Peter Jackson,,
415,tt21357150,2/7/2026,2/7/2026,,Avengers: Doomsday,Avengers: Doomsday,https://www.imdb.com/title/tt21357150/,Movie,,165,2026,"Action, Adventure, Sci-Fi",0,12/18/2026,"Anthony Russo, Joe Russo",,
416,tt7181546,2/7/2026,2/7/2026,,Ballerina,Ballerina,https://www.imdb.com/title/tt7181546/,Movie,6.8,124,2025,"Action, Adventure, Crime, Drama, Thriller",161362,6/6/2025,Len Wiseman,,
417,tt0080684,2/7/2026,2/7/2026,,Star Wars: Episode V - The Empire Strikes Back,Star Wars: Episode V - The Empire Strikes Back,https://www.imdb.com/title/tt0080684/,Movie,8.7,124,1980,"Adventure, Fantasy, Sci-Fi",1520045,6/18/1980,Irvin Kershner,,
418,tt0047478,2/7/2026,2/7/2026,,Seven Samurai,Shichinin no samurai,https://www.imdb.com/title/tt0047478/,Movie,8.6,207,1954,"Action, Drama",404935,11/19/1956,Akira Kurosawa,,
419,tt0047396,2/7/2026,2/7/2026,,Rear Window,Rear Window,https://www.imdb.com/title/tt0047396/,Movie,8.4,112,1954,"Drama, Mystery, Thriller",572802,9/1/1954,Alfred Hitchcock,,
420,tt4633694,2/7/2026,2/7/2026,,Spider-Man: Into the Spider-Verse,Spider-Man: Into the Spider-Verse,https://www.imdb.com/title/tt4633694/,Movie,8.4,117,2018,"Animation, Action, Adventure, Family, Fantasy, Sci-Fi",811673,12/14/2018,"Bob Persichetti, Peter Ramsey, Rodney Rothman",,
421,tt0405094,2/7/2026,2/7/2026,,The Lives of Others,Das Leben der Anderen,https://www.imdb.com/title/tt0405094/,Movie,8.4,137,2006,"Drama, Mystery, Thriller",446331,3/30/2007,Florian Henckel von Donnersmarck,,
422,tt0364569,2/7/2026,2/7/2026,,Oldboy,Oldeuboi,https://www.imdb.com/title/tt0364569/,Movie,8.3,120,2003,"Action, Drama, Mystery, Thriller",729657,11/21/2003,Park Chan-wook,,
423,tt7286456,2/7/2026,2/7/2026,,Joker,Joker,https://www.imdb.com/title/tt7286456/,Movie,8.3,122,2019,Drama,1720027,10/4/2019,Todd Phillips,,
424,tt8267604,2/7/2026,2/7/2026,,Capernaum,Capharnaüm,https://www.imdb.com/title/tt8267604/,Movie,8.4,126,2018,Drama,126397,9/20/2018,Nadine Labaki,,
425,tt1205489,2/7/2026,2/7/2026,,Gran Torino,Gran Torino,https://www.imdb.com/title/tt1205489/,Movie,8.1,116,2008,Drama,868690,1/9/2009,Clint Eastwood,,
426,tt0107207,2/7/2026,2/7/2026,,In the Name of the Father,In the Name of the Father,https://www.imdb.com/title/tt0107207/,Movie,8.1,133,1993,"Biography, Crime, Drama",204347,2/25/1994,Jim Sheridan,,
427,tt0325980,2/7/2026,2/7/2026,,Pirates of the Caribbean: The Curse of the Black Pearl,Pirates of the Caribbean: The Curse of the Black Pearl,https://www.imdb.com/title/tt0325980/,Movie,8.1,143,2003,"Action, Adventure, Fantasy",1342264,7/9/2003,Gore Verbinski,,
428,tt0213149,2/7/2026,2/7/2026,,Pearl Harbor,Pearl Harbor,https://www.imdb.com/title/tt0213149/,Movie,6.3,183,2001,"Action, Drama, Romance, War",372227,5/25/2001,Michael Bay,,
429,tt0104691,2/7/2026,2/7/2026,,The Last of the Mohicans,The Last of the Mohicans,https://www.imdb.com/title/tt0104691/,Movie,7.6,112,1992,"Action, Adventure, Drama, Romance, War",209171,9/25/1992,Michael Mann,,
430,tt32323252,2/7/2026,2/7/2026,,Christy,Christy,https://www.imdb.com/title/tt32323252/,Movie,6.6,135,2025,"Biography, Drama, History, Sport",18770,11/7/2025,David Michôd,,
431,tt1674782,2/7/2026,2/7/2026,,Karate Kid: Legends,Karate Kid: Legends,https://www.imdb.com/title/tt1674782/,Movie,6.3,94,2025,"Action, Drama, Family, Sport",49955,5/30/2025,Jonathan Entwistle,,
432,tt21064584,2/7/2026,2/7/2026,,The Iron Claw,The Iron Claw,https://www.imdb.com/title/tt21064584/,Movie,7.5,132,2023,"Biography, Drama, Sport",121443,12/22/2023,Sean Durkin,,
433,tt0106611,2/7/2026,2/7/2026,,Cool Runnings,Cool Runnings,https://www.imdb.com/title/tt0106611/,Movie,7,98,1993,"Adventure, Comedy, Family, History, Sport",124643,10/1/1993,Jon Turteltaub,,
434,tt5848272,2/7/2026,2/7/2026,,Ralph Breaks the Internet,Ralph Breaks the Internet,https://www.imdb.com/title/tt5848272/,Movie,7,112,2018,"Animation, Adventure, Comedy, Family, Fantasy, Sci-Fi, Sport",208568,11/21/2018,"Phil Johnston, Rich Moore",,
435,tt0091326,2/7/2026,2/7/2026,,The Karate Kid Part II,The Karate Kid Part II,https://www.imdb.com/title/tt0091326/,Movie,6.2,113,1986,"Action, Family, Sport",110879,6/20/1986,John G. Avildsen,,
436,tt0105812,2/7/2026,2/7/2026,,White Men Can't Jump,White Men Can't Jump,https://www.imdb.com/title/tt0105812/,Movie,6.8,115,1992,"Comedy, Sport",104450,3/27/1992,Ron Shelton,,
437,tt0097647,2/7/2026,2/7/2026,,The Karate Kid Part III,The Karate Kid Part III,https://www.imdb.com/title/tt0097647/,Movie,5.4,112,1989,"Action, Drama, Family, Sport",78583,6/30/1989,John G. Avildsen,,
438,tt0385726,2/7/2026,2/7/2026,,Glory Road,Glory Road,https://www.imdb.com/title/tt0385726/,Movie,7.2,118,2006,"Biography, Drama, Sport",51633,1/13/2006,James Gartner,,
439,tt3322364,2/7/2026,2/7/2026,,Concussion,Concussion,https://www.imdb.com/title/tt3322364/,Movie,7.1,123,2015,"Biography, Drama, Sport",105607,12/25/2015,Peter Landesman,,
440,tt6436620,2/7/2026,2/7/2026,,White Men Can't Jump,White Men Can't Jump,https://www.imdb.com/title/tt6436620/,Movie,5.2,101,2023,"Comedy, Drama, Sport",11984,5/19/2023,Calmatic,,
441,tt30060782,2/7/2026,2/7/2026,,Creed IV,Creed IV,https://www.imdb.com/title/tt30060782/,Movie,,,,"Action, Drama, Sport",0,,Michael B. Jordan,,
442,tt14905854,2/7/2026,2/7/2026,,Hamnet,Hamnet,https://www.imdb.com/title/tt14905854/,Movie,7.8,125,2025,"Biography, Drama, History, Romance",131142,12/5/2025,Chloé Zhao,,
443,tt31193180,2/7/2026,2/7/2026,,Sinners,Sinners,https://www.imdb.com/title/tt31193180/,Movie,7.5,137,2025,Horror,518665,4/18/2025,Ryan Coogler,,
444,tt0132245,2/7/2026,2/7/2026,,Driven,Driven,https://www.imdb.com/title/tt0132245/,Movie,4.6,116,2001,"Action, Drama, Sport",45439,4/27/2001,Renny Harlin,,
445,tt5439796,2/7/2026,2/7/2026,,Logan Lucky,Logan Lucky,https://www.imdb.com/title/tt5439796/,Movie,7,118,2017,"Action, Comedy, Crime, Drama",178074,8/18/2017,Steven Soderbergh,,
446,tt1013752,2/7/2026,2/7/2026,,Fast & Furious,Fast & Furious,https://www.imdb.com/title/tt1013752/,Movie,6.5,107,2009,"Action, Thriller",339556,4/3/2009,Justin Lin,,
447,tt2820852,2/7/2026,2/7/2026,,Furious 7,Fast & Furious 7,https://www.imdb.com/title/tt2820852/,Movie,7.1,137,2015,"Action, Thriller",443881,4/3/2015,James Wan,,
448,tt5433138,2/7/2026,2/7/2026,,F9: The Fast Saga,F9,https://www.imdb.com/title/tt5433138/,Movie,5.2,143,2021,"Action, Crime, Thriller",183297,6/25/2021,Justin Lin,,
449,tt4630562,2/7/2026,2/7/2026,,The Fate of the Furious,The Fate of the Furious,https://www.imdb.com/title/tt4630562/,Movie,6.6,136,2017,"Action, Crime, Thriller",277819,4/14/2017,F. Gary Gray,,
450,tt1596343,2/7/2026,2/7/2026,,Fast Five,Fast Five,https://www.imdb.com/title/tt1596343/,Movie,7.3,130,2011,"Action, Crime, Thriller",437415,4/29/2011,Justin Lin,,
451,tt1905041,2/7/2026,2/7/2026,,Fast & Furious 6,Furious 6,https://www.imdb.com/title/tt1905041/,Movie,7,130,2013,"Action, Adventure, Crime, Thriller",443605,5/24/2013,Justin Lin,,
452,tt0463985,2/7/2026,2/7/2026,,The Fast and the Furious: Tokyo Drift,The Fast and the Furious: Tokyo Drift,https://www.imdb.com/title/tt0463985/,Movie,6.1,104,2006,"Action, Crime, Thriller",337288,6/16/2006,Justin Lin,,
453,tt5433140,2/7/2026,2/7/2026,,Fast X,Fast X,https://www.imdb.com/title/tt5433140/,Movie,5.7,141,2023,"Action, Adventure, Crime, Mystery, Thriller",149312,5/19/2023,Louis Leterrier,,
454,tt6806448,2/7/2026,2/7/2026,,Fast & Furious Presents: Hobbs & Shaw,Fast & Furious Presents: Hobbs & Shaw,https://www.imdb.com/title/tt6806448/,Movie,6.4,137,2019,"Action, Adventure, Thriller",260401,8/2/2019,David Leitch,,
455,tt0070735,2/7/2026,2/7/2026,,The Sting,The Sting,https://www.imdb.com/title/tt0070735/,Movie,8.2,129,1973,"Comedy, Crime, Drama",305028,12/25/1973,George Roy Hill,,
456,tt0071269,2/7/2026,2/7/2026,,California Split,California Split,https://www.imdb.com/title/tt0071269/,Movie,7.1,108,1974,"Comedy, Drama",9424,1974-08,Robert Altman,,
457,tt0253474,2/7/2026,2/7/2026,,The Pianist,The Pianist,https://www.imdb.com/title/tt0253474/,Movie,8.5,150,2002,"Biography, Drama, Music, War",1022238,3/28/2003,Roman Polanski,,
458,tt0100150,2/7/2026,2/7/2026,,Miller's Crossing,Miller's Crossing,https://www.imdb.com/title/tt0100150/,Movie,7.7,115,1990,"Crime, Drama, Thriller",149069,10/5/1990,"Joel Coen, Ethan Coen",,
459,tt0094737,2/7/2026,2/7/2026,,Big,Big,https://www.imdb.com/title/tt0094737/,Movie,7.3,104,1988,"Comedy, Drama, Fantasy, Romance",262988,6/3/1988,Penny Marshall,,
460,tt0070379,2/7/2026,2/7/2026,,Mean Streets,Mean Streets,https://www.imdb.com/title/tt0070379/,Movie,7.1,112,1973,"Crime, Drama, Thriller",129447,10/14/1973,Martin Scorsese,,
461,tt0106519,2/7/2026,2/7/2026,,Carlito's Way,Carlito's Way,https://www.imdb.com/title/tt0106519/,Movie,7.9,144,1993,"Crime, Drama, Thriller",250171,11/12/1993,Brian De Palma,,
462,tt0099939,2/7/2026,2/7/2026,,King of New York,King of New York,https://www.imdb.com/title/tt0099939/,Movie,6.9,103,1990,"Crime, Thriller",49618,8/29/1991,Abel Ferrara,,
463,tt1321870,2/7/2026,2/7/2026,,Gangster Squad,Gangster Squad,https://www.imdb.com/title/tt1321870/,Movie,6.7,113,2013,"Action, Crime, Drama, Thriller",229926,1/11/2013,Ruben Fleischer,,
464,tt1152836,2/7/2026,2/7/2026,,Public Enemies,Public Enemies,https://www.imdb.com/title/tt1152836/,Movie,6.9,140,2009,"Biography, Crime, Drama, History",336712,7/1/2009,Michael Mann,,
465,tt3894190,2/7/2026,2/7/2026,,Black Souls,Anime nere,https://www.imdb.com/title/tt3894190/,Movie,6.8,109,2014,"Crime, Drama",3323,9/18/2014,Francesco Munzi,,
466,tt0101516,2/7/2026,2/7/2026,,Bugsy,Bugsy,https://www.imdb.com/title/tt0101516/,Movie,6.8,136,1991,"Biography, Crime, Drama",33926,12/20/1991,Barry Levinson,,
467,tt0056210,2/7/2026,2/7/2026,,Mafioso,Mafioso,https://www.imdb.com/title/tt0056210/,Movie,7.6,105,1962,"Comedy, Crime, Drama",3374,3/4/1965,Alberto Lattuada,,
468,tt0929425,2/7/2026,2/7/2026,,Gomorrah,Gomorra,https://www.imdb.com/title/tt0929425/,Movie,7,137,2008,"Crime, Drama",53460,4/10/2009,Matteo Garrone,,
469,tt4025514,2/7/2026,2/7/2026,,Suburra,Suburra,https://www.imdb.com/title/tt4025514/,Movie,7.4,130,2015,"Action, Crime, Drama, Thriller",23347,10/14/2015,Stefano Sollima,,
470,tt3079380,2/7/2026,2/7/2026,,Spy,Spy,https://www.imdb.com/title/tt3079380/,Movie,7,120,2015,"Action, Comedy",276138,6/5/2015,Paul Feig,,
471,tt21235248,2/7/2026,2/7/2026,,Ghostbusters: Frozen Empire,Ghostbusters: Frozen Empire,https://www.imdb.com/title/tt21235248/,Movie,6.1,115,2024,"Action, Adventure, Comedy, Fantasy, Sci-Fi",107589,3/22/2024,Gil Kenan,,
472,tt0103074,2/7/2026,2/7/2026,,Thelma & Louise,Thelma & Louise,https://www.imdb.com/title/tt0103074/,Movie,7.6,130,1991,"Adventure, Crime, Drama",195895,5/24/1991,Ridley Scott,,
473,tt0443680,2/7/2026,2/7/2026,,The Assassination of Jesse James by the Coward Robert Ford,The Assassination of Jesse James by the Coward Robert Ford,https://www.imdb.com/title/tt0443680/,Movie,7.5,160,2007,"Biography, Crime, Drama, History, Western",205936,10/19/2007,Andrew Dominik,,
474,tt0449467,2/7/2026,2/7/2026,,Babel,Babel,https://www.imdb.com/title/tt0449467/,Movie,7.4,143,2006,Drama,330632,11/10/2006,Alejandro G. Iñárritu,,
475,tt2935510,2/7/2026,2/7/2026,,Ad Astra,Ad Astra,https://www.imdb.com/title/tt2935510/,Movie,6.5,123,2019,"Adventure, Drama, Mystery, Sci-Fi, Thriller",283668,9/20/2019,James Gray,,
476,tt3640424,2/7/2026,2/7/2026,,Allied,Allied,https://www.imdb.com/title/tt3640424/,Movie,7.1,124,2016,"Action, Drama, Romance, Thriller, War",181360,11/23/2016,Robert Zemeckis,,
477,tt0118972,2/7/2026,2/7/2026,,The Devil's Own,The Devil's Own,https://www.imdb.com/title/tt0118972/,Movie,6.2,111,1997,"Action, Crime, Drama, Thriller",78662,3/26/1997,Alan J. Pakula,,
478,tt1764234,2/7/2026,2/7/2026,,Killing Them Softly,Killing Them Softly,https://www.imdb.com/title/tt1764234/,Movie,6.2,97,2012,"Crime, Drama, Thriller",161513,11/30/2012,Andrew Dominik,,
479,tt13320622,2/7/2026,2/7/2026,,The Lost City,The Lost City,https://www.imdb.com/title/tt13320622/,Movie,6.1,112,2022,"Action, Adventure, Comedy, Romance",178987,3/25/2022,"Aaron Nee, Adam Nee",,
480,tt0365737,2/7/2026,2/7/2026,,Syriana,Syriana,https://www.imdb.com/title/tt0365737/,Movie,6.8,128,2005,"Drama, Thriller",139075,12/9/2005,Stephen Gaghan,,
481,tt2091473,2/7/2026,2/7/2026,,Promised Land,Promised Land,https://www.imdb.com/title/tt2091473/,Movie,6.6,106,2012,Drama,41163,1/4/2013,Gus Van Sant,,
482,tt1535108,2/7/2026,2/7/2026,,Elysium,Elysium,https://www.imdb.com/title/tt1535108/,Movie,6.6,109,2013,"Action, Drama, Sci-Fi, Thriller",494501,8/9/2013,Neill Blomkamp,,
483,tt0110148,2/7/2026,2/7/2026,,Interview with the Vampire: The Vampire Chronicles,Interview with the Vampire: The Vampire Chronicles,https://www.imdb.com/title/tt0110148/,Movie,7.5,123,1994,"Drama, Fantasy, Horror",380020,11/11/1994,Neil Jordan,,
484,tt0369339,2/7/2026,2/7/2026,,Collateral,Collateral,https://www.imdb.com/title/tt0369339/,Movie,7.5,120,2004,"Action, Crime, Drama, Thriller",472774,8/6/2004,Michael Mann,5,4/19/2026
485,tt3513548,2/7/2026,2/7/2026,,Richard Jewell,Richard Jewell,https://www.imdb.com/title/tt3513548/,Movie,7.5,131,2019,"Biography, Crime, Drama",108174,12/13/2019,Clint Eastwood,,
486,tt1616195,2/7/2026,2/7/2026,,J. Edgar,J. Edgar,https://www.imdb.com/title/tt1616195/,Movie,6.5,137,2011,"Biography, Drama, Romance",138909,11/11/2011,Clint Eastwood,,
487,tt0959337,2/7/2026,2/7/2026,,Revolutionary Road,Revolutionary Road,https://www.imdb.com/title/tt0959337/,Movie,7.3,119,2008,"Drama, Romance",238116,1/23/2009,Sam Mendes,,
488,tt0758774,2/7/2026,2/7/2026,,Body of Lies,Body of Lies,https://www.imdb.com/title/tt0758774/,Movie,7,128,2008,"Action, Drama, Thriller",251846,10/10/2008,Ridley Scott,,
489,tt0108550,2/7/2026,2/7/2026,,What's Eating Gilbert Grape,What's Eating Gilbert Grape,https://www.imdb.com/title/tt0108550/,Movie,7.7,118,1993,Drama,270821,3/4/1994,Lasse Hallström,,
490,tt15203646,2/7/2026,2/7/2026,,Bad Monkey,Bad Monkey,https://www.imdb.com/title/tt15203646/,TV Series,7.4,,2024,"Comedy, Crime, Drama",30341,8/14/2024,,,
491,tt0119567,2/7/2026,2/7/2026,,The Lost World: Jurassic Park,The Lost World: Jurassic Park,https://www.imdb.com/title/tt0119567/,Movie,6.6,129,1997,"Action, Adventure, Sci-Fi",482131,5/22/1997,Steven Spielberg,,
492,tt0227005,2/7/2026,2/7/2026,,Made,Made,https://www.imdb.com/title/tt0227005/,Movie,6.3,95,2001,"Comedy, Crime, Drama",20509,8/31/2001,Jon Favreau,,
493,tt0369436,2/7/2026,2/7/2026,,Four Christmases,Four Christmases,https://www.imdb.com/title/tt0369436/,Movie,5.8,88,2008,"Comedy, Drama, Romance",89029,11/26/2008,Seth Gordon,,
494,tt28309594,2/7/2026,2/7/2026,,Nonnas,Nonnas,https://www.imdb.com/title/tt28309594/,Movie,6.8,111,2025,"Comedy, Drama, Family",49030,5/9/2025,Stephen Chbosky,,
495,tt0115907,2/7/2026,2/7/2026,,City Hall,City Hall,https://www.imdb.com/title/tt0115907/,Movie,6.2,111,1996,"Crime, Drama, Mystery, Thriller",24466,2/16/1996,Harold Becker,,
496,tt0104348,2/7/2026,2/7/2026,,Glengarry Glen Ross,Glengarry Glen Ross,https://www.imdb.com/title/tt0104348/,Movie,7.6,100,1992,"Crime, Drama, Mystery",127000,10/2/1992,James Foley,,
497,tt0078718,2/7/2026,2/7/2026,,And Justice for All,...And Justice for All,https://www.imdb.com/title/tt0078718/,Movie,7.4,119,1979,"Crime, Drama, Thriller",46425,10/19/1979,Norman Jewison,,
498,tt0425210,2/7/2026,2/7/2026,,Lucky Number Slevin,Lucky Number Slevin,https://www.imdb.com/title/tt0425210/,Movie,7.7,110,2006,"Crime, Drama, Thriller",340871,4/7/2006,Paul McGuigan,,
499,tt0317740,2/7/2026,2/7/2026,,The Italian Job,The Italian Job,https://www.imdb.com/title/tt0317740/,Movie,7,111,2003,"Action, Crime, Thriller",410016,5/30/2003,F. Gary Gray,,
500,tt1980209,2/7/2026,2/7/2026,,Pain & Gain,Pain & Gain,https://www.imdb.com/title/tt1980209/,Movie,6.4,129,2013,"Action, Biography, Comedy, Crime, Drama, Mystery",242756,4/26/2013,Michael Bay,,
501,tt1235522,2/7/2026,2/7/2026,,Broken City,Broken City,https://www.imdb.com/title/tt1235522/,Movie,6.1,109,2013,"Action, Crime, Drama, Mystery, Thriller",86261,1/18/2013,Allen Hughes,,
502,tt4572514,2/7/2026,2/7/2026,,Patriots Day,Patriots Day,https://www.imdb.com/title/tt4572514/,Movie,7.3,133,2016,"Action, Crime, Drama, History, Thriller",123137,1/13/2017,Peter Berg,,
503,tt0071315,2/7/2026,2/7/2026,,Chinatown,Chinatown,https://www.imdb.com/title/tt0071315/,Movie,8.1,130,1974,"Drama, Mystery, Thriller",379313,6/20/1974,Roman Polanski,,
504,tt0305224,2/7/2026,2/7/2026,,Anger Management,Anger Management,https://www.imdb.com/title/tt0305224/,Movie,6.3,106,2003,Comedy,243787,4/11/2003,Peter Segal,,
505,tt0107473,2/7/2026,2/7/2026,,Mad Dog and Glory,Mad Dog and Glory,https://www.imdb.com/title/tt0107473/,Movie,6.3,97,1993,"Comedy, Crime, Drama, Romance",24192,3/5/1993,John McNaughton,,
506,tt0101540,2/7/2026,2/7/2026,,Cape Fear,Cape Fear,https://www.imdb.com/title/tt0101540/,Movie,7.3,128,1991,"Crime, Drama, Thriller",248981,11/15/1991,Martin Scorsese,,
507,tt0076451,2/7/2026,2/7/2026,,"New York, New York","New York, New York",https://www.imdb.com/title/tt0076451/,Movie,6.6,155,1977,"Drama, Music, Musical",23979,6/21/1977,Martin Scorsese,,
508,tt0107818,2/7/2026,2/7/2026,,Philadelphia,Philadelphia,https://www.imdb.com/title/tt0107818/,Movie,7.7,125,1993,Drama,276297,1/14/1994,Jonathan Demme,,
509,tt0104797,2/7/2026,2/7/2026,,Malcolm X,Malcolm X,https://www.imdb.com/title/tt0104797/,Movie,7.7,202,1992,"Biography, Drama, History",112235,11/18/1992,Spike Lee,,
510,tt0454848,2/7/2026,2/7/2026,,Inside Man,Inside Man,https://www.imdb.com/title/tt0454848/,Movie,7.6,129,2006,"Crime, Drama, Mystery, Thriller",428248,3/24/2006,Spike Lee,,
511,tt0174856,2/7/2026,2/7/2026,,The Hurricane,The Hurricane,https://www.imdb.com/title/tt0174856/,Movie,7.6,146,1999,"Biography, Drama, Sport",108805,1/14/2000,Norman Jewison,,
512,tt0196229,2/7/2026,2/7/2026,,Zoolander,Zoolander,https://www.imdb.com/title/tt0196229/,Movie,6.5,90,2001,Comedy,320050,9/28/2001,Ben Stiller,,
513,tt0076759,2/7/2026,2/7/2026,,Star Wars: Episode IV - A New Hope,Star Wars,https://www.imdb.com/title/tt0076759/,Movie,8.6,121,1977,"Action, Adventure, Fantasy, Sci-Fi",1585156,5/25/1977,George Lucas,,
514,tt0086190,2/7/2026,2/7/2026,,Star Wars: Episode VI - Return of the Jedi,Star Wars: Episode VI - Return of the Jedi,https://www.imdb.com/title/tt0086190/,Movie,8.3,131,1983,"Action, Adventure, Fantasy, Sci-Fi",1221432,5/25/1983,Richard Marquand,,
515,tt2488496,2/7/2026,2/7/2026,,Star Wars: Episode VII - The Force Awakens,Star Wars: Episode VII - The Force Awakens,https://www.imdb.com/title/tt2488496/,Movie,7.7,138,2015,"Action, Adventure, Sci-Fi",1033909,12/18/2015,J.J. Abrams,,
516,tt0383574,2/7/2026,2/7/2026,,Pirates of the Caribbean: Dead Man's Chest,Pirates of the Caribbean: Dead Man's Chest,https://www.imdb.com/title/tt0383574/,Movie,7.4,151,2006,"Action, Adventure, Fantasy",834965,7/7/2006,Gore Verbinski,,
517,tt0121765,2/7/2026,2/7/2026,,Star Wars: Episode II - Attack of the Clones,Star Wars: Episode II - Attack of the Clones,https://www.imdb.com/title/tt0121765/,Movie,6.6,142,2002,"Action, Adventure, Fantasy, Sci-Fi",829796,5/16/2002,George Lucas,,
518,tt2975590,2/7/2026,2/7/2026,,Batman v Superman: Dawn of Justice,Batman v Superman: Dawn of Justice,https://www.imdb.com/title/tt2975590/,Movie,6.4,151,2016,Sci-Fi,797668,3/25/2016,Zack Snyder,,
519,tt1386697,2/7/2026,2/7/2026,,Suicide Squad,Suicide Squad,https://www.imdb.com/title/tt1386697/,Movie,5.9,123,2016,"Action, Adventure, Fantasy, Sci-Fi",765287,8/5/2016,David Ayer,,
520,tt0449088,2/7/2026,2/7/2026,,Pirates of the Caribbean: At World's End,Pirates of the Caribbean: At World's End,https://www.imdb.com/title/tt0449088/,Movie,7.2,169,2007,"Action, Adventure, Fantasy",751461,5/25/2007,Gore Verbinski,,
521,tt0369610,2/7/2026,2/7/2026,,Jurassic World,Jurassic World,https://www.imdb.com/title/tt0369610/,Movie,6.9,124,2015,"Action, Adventure, Sci-Fi",736353,6/12/2015,Colin Trevorrow,,
522,tt0418279,2/7/2026,2/7/2026,,Transformers,Transformers,https://www.imdb.com/title/tt0418279/,Movie,7.1,144,2007,"Action, Adventure, Sci-Fi",724857,7/3/2007,Michael Bay,,
523,tt2527336,2/7/2026,2/7/2026,,Star Wars: Episode VIII - The Last Jedi,Star Wars: Episode VIII - The Last Jedi,https://www.imdb.com/title/tt2527336/,Movie,6.8,152,2017,"Action, Adventure, Fantasy, Sci-Fi",725767,12/15/2017,Rian Johnson,,
524,tt1727824,2/7/2026,2/7/2026,,Bohemian Rhapsody,Bohemian Rhapsody,https://www.imdb.com/title/tt1727824/,Movie,7.9,134,2018,"Biography, Drama, Music",653117,11/2/2018,Bryan Singer,,
525,tt1477834,2/7/2026,2/7/2026,,Aquaman,Aquaman,https://www.imdb.com/title/tt1477834/,Movie,6.8,143,2018,"Action, Adventure, Fantasy, Sci-Fi",558806,12/21/2018,James Wan,,
526,tt2527338,2/7/2026,2/7/2026,,Star Wars: Episode IX - The Rise of Skywalker,Star Wars: Episode IX - The Rise of Skywalker,https://www.imdb.com/title/tt2527338/,Movie,6.3,141,2019,"Action, Adventure, Fantasy, Sci-Fi",549552,12/20/2019,J.J. Abrams,,
527,tt0458352,2/7/2026,2/7/2026,,The Devil Wears Prada,The Devil Wears Prada,https://www.imdb.com/title/tt0458352/,Movie,7,109,2006,"Comedy, Drama",569850,6/30/2006,David Frankel,,
528,tt2283362,2/7/2026,2/7/2026,,Jumanji: Welcome to the Jungle,Jumanji: Welcome to the Jungle,https://www.imdb.com/title/tt2283362/,Movie,6.9,119,2017,"Action, Adventure, Comedy, Fantasy",510363,12/20/2017,Jake Kasdan,,
529,tt0120591,2/7/2026,2/7/2026,,Armageddon,Armageddon,https://www.imdb.com/title/tt0120591/,Movie,6.7,151,1998,"Action, Adventure, Sci-Fi, Thriller",483035,7/1/1998,Michael Bay,,
530,tt6334354,2/7/2026,2/7/2026,,The Suicide Squad,The Suicide Squad,https://www.imdb.com/title/tt6334354/,Movie,7.2,132,2021,"Action, Adventure, Comedy, Sci-Fi",464485,8/5/2021,James Gunn,,
531,tt0181852,2/7/2026,2/7/2026,,Terminator 3: Rise of the Machines,Terminator 3: Rise of the Machines,https://www.imdb.com/title/tt0181852/,Movie,6.3,109,2003,"Action, Sci-Fi",439913,7/2/2003,Jonathan Mostow,,
532,tt0113497,2/7/2026,2/7/2026,,Jumanji,Jumanji,https://www.imdb.com/title/tt0113497/,Movie,7.1,104,1995,"Adventure, Comedy, Family, Fantasy",418426,12/15/1995,Joe Johnston,,
533,tt0100405,2/7/2026,2/7/2026,,Pretty Woman,Pretty Woman,https://www.imdb.com/title/tt0100405/,Movie,7.1,119,1990,"Comedy, Romance",410808,3/23/1990,Garry Marshall,,
534,tt0429493,2/9/2026,2/9/2026,,The A-Team,The A-Team,https://www.imdb.com/title/tt0429493/,Movie,6.7,118,2010,"Action, Adventure, Crime, Thriller",278297,6/11/2010,Joe Carnahan,,
535,tt2381941,2/9/2026,2/9/2026,,Focus,Focus,https://www.imdb.com/title/tt2381941/,Movie,6.6,105,2015,"Comedy, Crime, Drama, Romance",296990,2/27/2015,"Glenn Ficarra, John Requa",,
536,tt8936646,2/9/2026,2/9/2026,,Extraction,Extraction,https://www.imdb.com/title/tt8936646/,Movie,6.8,116,2020,"Action, Crime, Thriller",293233,4/24/2020,Sam Hargrave,,
537,tt12263384,2/9/2026,2/9/2026,,Extraction II,Extraction 2,https://www.imdb.com/title/tt12263384/,Movie,7,122,2023,"Action, Crime, Thriller",175869,6/16/2023,Sam Hargrave,,
538,tt2312718,2/9/2026,2/9/2026,,Homefront,Homefront,https://www.imdb.com/title/tt2312718/,Movie,6.5,100,2013,"Action, Crime, Thriller",144540,11/27/2013,Gary Fleder,,
539,tt15326988,2/10/2026,2/10/2026,,Ghosted,Ghosted,https://www.imdb.com/title/tt15326988/,Movie,5.8,117,2023,"Action, Adventure, Comedy, Romance",82084,4/21/2023,Dexter Fletcher,,
540,tt7984766,2/12/2026,2/12/2026,,The King,The King,https://www.imdb.com/title/tt7984766/,Movie,7.3,140,2019,"Biography, Drama, History, War",182104,11/1/2019,David Michôd,,
541,tt5657856,2/19/2026,2/19/2026,,Brawl in Cell Block 99,Brawl in Cell Block 99,https://www.imdb.com/title/tt5657856/,Movie,7.1,132,2017,"Crime, Drama, Thriller",83910,10/6/2017,S. Craig Zahler,,
542,tt6513120,2/19/2026,2/19/2026,,Fighting with My Family,Fighting with My Family,https://www.imdb.com/title/tt6513120/,Movie,7,108,2019,"Biography, Comedy, Drama, Sport",93932,2/22/2019,Stephen Merchant,,
543,tt6491178,2/19/2026,2/19/2026,,Dragged Across Concrete,Dragged Across Concrete,https://www.imdb.com/title/tt6491178/,Movie,6.9,159,2018,"Action, Crime, Drama, Thriller",62960,3/22/2019,S. Craig Zahler,,
544,tt2387559,2/19/2026,2/19/2026,,Delivery Man,Delivery Man,https://www.imdb.com/title/tt2387559/,Movie,6.3,105,2013,"Comedy, Drama",86203,11/22/2013,Ken Scott,,
545,tt0300051,2/20/2026,2/20/2026,,Jersey Girl,Jersey Girl,https://www.imdb.com/title/tt0300051/,Movie,6.2,102,2004,"Comedy, Drama, Romance",74974,3/26/2004,Kevin Smith,,
546,tt0498399,2/22/2026,2/22/2026,,We Own the Night,We Own the Night,https://www.imdb.com/title/tt0498399/,Movie,6.8,117,2007,"Crime, Drama, Thriller",97109,10/12/2007,James Gray,,
547,tt0117381,2/23/2026,2/23/2026,,Primal Fear,Primal Fear,https://www.imdb.com/title/tt0117381/,Movie,7.7,129,1996,"Crime, Drama, Mystery, Thriller",294577,4/3/1996,Gregory Hoblit,,
548,tt0974015,2/26/2026,2/26/2026,,Justice League,Justice League,https://www.imdb.com/title/tt0974015/,Movie,6,120,2017,Sci-Fi,508951,11/17/2017,Zack Snyder,,
549,tt10838180,2/26/2026,2/26/2026,,The Matrix Resurrections,The Matrix Resurrections,https://www.imdb.com/title/tt10838180/,Movie,5.6,148,2021,"Action, Sci-Fi",306099,12/22/2021,Lana Wachowski,,
550,tt0242653,2/26/2026,2/26/2026,,The Matrix Revolutions,The Matrix Revolutions,https://www.imdb.com/title/tt0242653/,Movie,6.7,129,2003,"Action, Sci-Fi",579258,11/5/2003,"Lana Wachowski, Lilly Wachowski",,
551,tt10696784,2/28/2026,2/28/2026,,The Harder They Fall,The Harder They Fall,https://www.imdb.com/title/tt10696784/,Movie,6.6,139,2021,"Action, Drama, Western",78449,11/3/2021,Jeymes Samuel,,
552,tt0250934,3/2/2026,3/2/2026,,61*,61*,https://www.imdb.com/title/tt0250934/,TV Movie,7.7,129,2001,"Biography, Drama, History, Sport",17542,4/28/2001,Billy Crystal,,
553,tt2404435,3/18/2026,3/18/2026,,The Magnificent Seven,The Magnificent Seven,https://www.imdb.com/title/tt2404435/,Movie,6.9,132,2016,"Action, Adventure, Drama, Western",248254,9/23/2016,Antoine Fuqua,,
554,tt31450459,3/19/2026,3/19/2026,,Digger,Digger,https://www.imdb.com/title/tt31450459/,Movie,,128,2026,"Comedy, Drama",0,10/2/2026,Alejandro G. Iñárritu,,
555,tt9148786,3/19/2026,3/19/2026,,The Riders,The Riders,https://www.imdb.com/title/tt9148786/,Movie,,,,"Drama, Thriller",0,,Edward Berger,,
556,tt36983905,3/19/2026,3/19/2026,,The Uprising,The Uprising,https://www.imdb.com/title/tt36983905/,Movie,,127,2026,"Action, Drama, History, War",0,9/11/2026,Paul Greengrass,,
557,tt12455636,3/19/2026,3/19/2026,,Here Comes the Flood,Here Comes the Flood,https://www.imdb.com/title/tt12455636/,Movie,,,2027,"Crime, Drama, Romance, Thriller",0,2027,Fernando Meirelles,,
558,tt31121364,3/21/2026,3/21/2026,,Death by Lightning,Death by Lightning,https://www.imdb.com/title/tt31121364/,TV Mini Series,7.6,50,2025,"Biography, Drama, History",19742,11/6/2025,,,
559,tt1855199,3/26/2026,3/26/2026,,End of Watch,End of Watch,https://www.imdb.com/title/tt1855199/,Movie,7.6,109,2012,"Action, Crime, Drama, Thriller",295156,9/21/2012,David Ayer,,
560,tt1615147,4/6/2026,4/6/2026,,Margin Call,Margin Call,https://www.imdb.com/title/tt1615147/,Movie,7.1,107,2011,"Drama, Thriller",164177,9/29/2011,J.C. Chandor,,
561,tt0418763,4/11/2026,4/11/2026,,Jarhead,Jarhead,https://www.imdb.com/title/tt0418763/,Movie,7,125,2005,"Biography, Drama, War",226739,11/4/2005,Sam Mendes,,
562,tt1078912,4/15/2026,4/15/2026,,Night at the Museum: Battle of the Smithsonian,Night at the Museum: Battle of the Smithsonian,https://www.imdb.com/title/tt1078912/,Movie,6,105,2009,"Adventure, Comedy, Family, Fantasy",231810,5/22/2009,Shawn Levy,,
563,tt0106356,4/27/2026,4/27/2026,,Barbarians at the Gate,Barbarians at the Gate,https://www.imdb.com/title/tt0106356/,TV Movie,7.2,107,1993,"Biography, Comedy, Drama",3731,3/20/1993,Glenn Jordan,,
564,tt5362988,5/6/2026,5/6/2026,,Wind River,Wind River,https://www.imdb.com/title/tt5362988/,Movie,7.7,107,2017,"Crime, Drama, Mystery, Thriller, Western",319329,8/18/2017,Taylor Sheridan,,
565,tt1065073,5/6/2026,5/6/2026,,Boyhood,Boyhood,https://www.imdb.com/title/tt1065073/,Movie,7.9,165,2014,"Comedy, Drama",383396,8/15/2014,Richard Linklater,,
566,tt0381681,5/6/2026,5/6/2026,,Before Sunset,Before Sunset,https://www.imdb.com/title/tt0381681/,Movie,8.1,80,2004,"Drama, Romance",318897,7/30/2004,Richard Linklater,,
567,tt0375063,5/6/2026,5/6/2026,,Sideways,Sideways,https://www.imdb.com/title/tt0375063/,Movie,7.5,127,2004,"Comedy, Drama, Romance",218324,10/22/2004,Alexander Payne,,
568,tt10954984,5/6/2026,5/6/2026,,Nope,Nope,https://www.imdb.com/title/tt10954984/,Movie,6.8,130,2022,"Horror, Mystery, Sci-Fi, Thriller",321973,7/22/2022,Jordan Peele,,
569,tt0780536,5/6/2026,5/6/2026,,In Bruges,In Bruges,https://www.imdb.com/title/tt0780536/,Movie,7.9,107,2008,"Comedy, Crime, Drama, Thriller",497171,2/29/2008,Martin McDonagh,,
570,tt28332337,5/6/2026,5/6/2026,,Eephus,Eephus,https://www.imdb.com/title/tt28332337/,Movie,6.7,99,2024,"Comedy, Drama, Sport",2714,1/1/2025,Carson Lund,,
571,tt4925292,5/6/2026,5/6/2026,,Lady Bird,Lady Bird,https://www.imdb.com/title/tt4925292/,Movie,7.4,94,2017,"Comedy, Drama",367756,12/1/2017,Greta Gerwig,,
572,tt0206634,5/7/2026,5/7/2026,,Children of Men,Children of Men,https://www.imdb.com/title/tt0206634/,Movie,7.9,109,2006,"Drama, Sci-Fi, Thriller",570543,1/5/2007,Alfonso Cuarón,,
573,tt2582782,5/7/2026,5/7/2026,,Hell or High Water,Hell or High Water,https://www.imdb.com/title/tt2582782/,Movie,7.6,102,2016,"Crime, Drama, Thriller, Western",281027,8/26/2016,David Mackenzie,,
574,tt0443706,5/7/2026,5/7/2026,,Zodiac,Zodiac,https://www.imdb.com/title/tt0443706/,Movie,7.7,157,2007,"Crime, Drama, Mystery, Thriller",685604,3/2/2007,David Fincher,,
575,tt0072890,5/7/2026,5/7/2026,,Dog Day Afternoon,Dog Day Afternoon,https://www.imdb.com/title/tt0072890/,Movie,8,125,1975,"Biography, Crime, Drama, Thriller",293870,12/25/1975,Sidney Lumet,,
576,tt33612209,5/7/2026,5/7/2026,,The Devil Wears Prada 2,The Devil Wears Prada 2,https://www.imdb.com/title/tt33612209/,Movie,6.3,119,2026,"Comedy, Drama",105476,5/1/2026,David Frankel,,
577,tt0078748,5/7/2026,5/7/2026,,Alien,Alien,https://www.imdb.com/title/tt0078748/,Movie,8.4,117,1979,"Horror, Sci-Fi",1074189,6/22/1979,Ridley Scott,,
578,tt0021749,5/7/2026,5/7/2026,,City Lights,City Lights,https://www.imdb.com/title/tt0021749/,Movie,8.5,87,1931,"Comedy, Drama, Romance",217890,3/7/1931,Charles Chaplin,,
579,tt0027977,5/7/2026,5/7/2026,,Modern Times,Modern Times,https://www.imdb.com/title/tt0027977/,Movie,8.5,87,1936,"Comedy, Drama, Romance",287302,2/25/1936,Charles Chaplin,,
580,tt0118749,5/7/2026,5/7/2026,,Boogie Nights,Boogie Nights,https://www.imdb.com/title/tt0118749/,Movie,7.9,155,1997,Drama,308849,10/31/1997,Paul Thomas Anderson,,
581,tt27681354,5/7/2026,5/7/2026,,In the Grey,In the Grey,https://www.imdb.com/title/tt27681354/,Movie,6.3,98,2026,"Action, Crime, Drama, Thriller",36684,5/15/2026,Guy Ritchie,,
582,tt10794054,5/7/2026,5/7/2026,,The Weight,The Weight,https://www.imdb.com/title/tt10794054/,Movie,7.4,115,2026,"Action, Adventure, Crime, Drama, Thriller",223,9/18/2026,Padraic McKinley,,
583,tt0448134,5/7/2026,5/7/2026,,Sunshine,Sunshine,https://www.imdb.com/title/tt0448134/,Movie,7.2,107,2007,"Sci-Fi, Thriller",290007,7/27/2007,Danny Boyle,,
584,tt15799564,5/7/2026,5/7/2026,,Wild Horse Nine,Wild Horse Nine,https://www.imdb.com/title/tt15799564/,Movie,,118,2026,"Comedy, Crime, Drama, Thriller",0,11/6/2026,Martin McDonagh,,
585,tt15047880,5/7/2026,5/7/2026,,Disclosure Day,Disclosure Day,https://www.imdb.com/title/tt15047880/,Movie,6.4,145,2026,"Action, Drama, Mystery, Sci-Fi, Thriller",143384,6/12/2026,Steven Spielberg,,
586,tt2503944,5/10/2026,5/10/2026,,Burnt,Burnt,https://www.imdb.com/title/tt2503944/,Movie,6.6,101,2015,"Comedy, Drama",144211,10/30/2015,John Wells,,
587,tt0076740,5/11/2026,5/11/2026,,Sorcerer,Sorcerer,https://www.imdb.com/title/tt0076740/,Movie,7.7,121,1977,"Adventure, Drama, Thriller",37512,6/24/1977,William Friedkin,,
588,tt0465538,5/11/2026,5/11/2026,,Michael Clayton,Michael Clayton,https://www.imdb.com/title/tt0465538/,Movie,7.2,119,2007,"Crime, Drama, Mystery, Thriller",184983,10/12/2007,Tony Gilroy,,
589,tt1010048,5/11/2026,5/11/2026,,Slumdog Millionaire,Slumdog Millionaire,https://www.imdb.com/title/tt1010048/,Movie,8,120,2008,"Crime, Drama, Romance",914348,12/25/2008,"Danny Boyle, Loveleen Tandan",,
590,tt4975722,5/11/2026,5/11/2026,,Moonlight,Moonlight,https://www.imdb.com/title/tt4975722/,Movie,7.4,111,2016,Drama,355258,11/18/2016,Barry Jenkins,,
591,tt0057012,5/11/2026,5/11/2026,,Dr. Strangelove or: How I Learned to Stop Worrying and Love the Bomb,Dr. Strangelove or: How I Learned to Stop Worrying and Love the Bomb,https://www.imdb.com/title/tt0057012/,Movie,8.3,95,1964,"Comedy, War",553659,1/29/1964,Stanley Kubrick,,
592,tt0105151,5/11/2026,5/11/2026,,The Player,The Player,https://www.imdb.com/title/tt0105151/,Movie,7.5,124,1992,"Comedy, Crime, Drama, Thriller",72878,5/8/1992,Robert Altman,,
593,tt0108052,5/11/2026,5/11/2026,,Schindler's List,Schindler's List,https://www.imdb.com/title/tt0108052/,Movie,9,196,1993,"Biography, Drama, History",1599422,2/4/1994,Steven Spielberg,,
594,tt0083190,5/11/2026,5/11/2026,,Thief,Thief,https://www.imdb.com/title/tt0083190/,Movie,7.4,123,1981,"Action, Crime, Drama, Thriller",51203,3/27/1981,Michael Mann,,
595,tt0062136,5/11/2026,5/11/2026,,Playtime,Playtime,https://www.imdb.com/title/tt0062136/,Movie,7.8,155,1967,Comedy,30040,6/27/1973,Jacques Tati,,
596,tt2562232,5/11/2026,5/11/2026,,Birdman or (The Unexpected Virtue of Ignorance),Birdman or (The Unexpected Virtue of Ignorance),https://www.imdb.com/title/tt2562232/,Movie,7.7,119,2014,"Comedy, Drama",702448,11/14/2014,Alejandro G. Iñárritu,,
597,tt0045152,5/11/2026,5/11/2026,,Singin' in the Rain,Singin' in the Rain,https://www.imdb.com/title/tt0045152/,Movie,8.3,103,1952,"Comedy, Musical, Romance",285214,4/10/1952,"Stanley Donen, Gene Kelly",,
598,tt24169886,5/11/2026,5/11/2026,,The Instigators,The Instigators,https://www.imdb.com/title/tt24169886/,Movie,6.2,101,2024,"Action, Comedy, Crime, Drama, Mystery, Thriller",45045,8/9/2024,Doug Liman,,
599,tt10696896,5/11/2026,5/11/2026,,Stillwater,Stillwater,https://www.imdb.com/title/tt10696896/,Movie,6.6,139,2021,"Crime, Drama, Mystery, Thriller",64886,7/30/2021,Tom McCarthy,,
600,tt0491175,5/11/2026,5/11/2026,,Suburbicon,Suburbicon,https://www.imdb.com/title/tt0491175/,Movie,5.8,105,2017,"Comedy, Crime, Drama, Mystery, Thriller",50263,10/27/2017,George Clooney,,
601,tt1385826,5/11/2026,5/11/2026,,The Adjustment Bureau,The Adjustment Bureau,https://www.imdb.com/title/tt1385826/,Movie,7,106,2011,"Crime, Drama, Mystery, Romance, Sci-Fi, Thriller",284612,3/4/2011,George Nolfi,,
602,tt1212419,5/11/2026,5/11/2026,,Hereafter,Hereafter,https://www.imdb.com/title/tt1212419/,Movie,6.5,129,2010,"Drama, Fantasy, Romance",98772,10/22/2010,Clint Eastwood,,
603,tt0338466,5/11/2026,5/11/2026,,Stuck on You,Stuck on You,https://www.imdb.com/title/tt0338466/,Movie,5.8,118,2003,Comedy,56934,12/12/2003,"Bobby Farrelly, Peter Farrelly",,
604,tt0302674,5/11/2026,5/11/2026,,Gerry,Gerry,https://www.imdb.com/title/tt0302674/,Movie,6,103,2002,"Adventure, Drama, Mystery",20813,9/20/2002,Gus Van Sant,,
605,tt20215968,5/11/2026,5/11/2026,,Hit Man,Hit Man,https://www.imdb.com/title/tt20215968/,Movie,6.8,115,2023,"Comedy, Crime, Romance",133731,6/7/2024,Richard Linklater,,
606,tt7693316,5/11/2026,5/11/2026,,Devotion,Devotion,https://www.imdb.com/title/tt7693316/,Movie,6.6,139,2022,"Action, Adventure, Biography, Drama, War",33161,11/23/2022,J.D. Dillard,,
607,tt17490712,5/11/2026,5/11/2026,,Mortal Kombat II,Mortal Kombat II,https://www.imdb.com/title/tt17490712/,Movie,6.3,116,2026,"Action, Adventure, Fantasy, Sci-Fi",84480,5/8/2026,Simon McQuoid,,
608,tt33071426,5/11/2026,5/11/2026,,The Drama,The Drama,https://www.imdb.com/title/tt33071426/,Movie,7.1,105,2026,"Comedy, Drama, Romance",115480,4/3/2026,Kristoffer Borgli,,
609,tt0293429,5/11/2026,5/11/2026,,Mortal Kombat,Mortal Kombat,https://www.imdb.com/title/tt0293429/,Movie,6.1,110,2021,"Action, Adventure, Fantasy, Sci-Fi, Thriller",221824,4/23/2021,Simon McQuoid,,
610,tt15940132,5/11/2026,5/11/2026,,War Machine,War Machine,https://www.imdb.com/title/tt15940132/,Movie,6.3,106,2026,"Action, Sci-Fi, Thriller",115304,3/6/2026,Patrick Hughes,,
611,tt31514146,5/11/2026,5/11/2026,,I Swear,I Swear,https://www.imdb.com/title/tt31514146/,Movie,8.4,120,2025,"Biography, Drama",59407,4/24/2026,Kirk Jones,,
612,tt0329575,5/13/2026,5/13/2026,,Seabiscuit,Seabiscuit,https://www.imdb.com/title/tt0329575/,Movie,7.3,140,2003,"Drama, History, Sport",79385,7/25/2003,Gary Ross,,
613,tt0185014,5/14/2026,5/14/2026,,Wonder Boys,Wonder Boys,https://www.imdb.com/title/tt0185014/,Movie,7.2,107,2000,"Comedy, Drama",69357,2/25/2000,Curtis Hanson,,
614,tt1255919,5/14/2026,5/14/2026,,Holmes & Watson,Holmes & Watson,https://www.imdb.com/title/tt1255919/,Movie,4,90,2018,"Comedy, Crime, Mystery",42787,12/25/2018,Etan Cohen,,
615,tt34385689,5/17/2026,5/17/2026,,Paper Tiger,Paper Tiger,https://www.imdb.com/title/tt34385689/,Movie,6.8,115,2026,"Crime, Drama, Thriller",359,11/20/2026,James Gray,,
616,tt0118883,5/17/2026,5/17/2026,,Conspiracy Theory,Conspiracy Theory,https://www.imdb.com/title/tt0118883/,Movie,6.7,135,1997,"Action, Crime, Drama, Mystery, Thriller",115186,8/8/1997,Richard Donner,,
617,tt3083008,5/21/2026,5/21/2026,,The Program,The Program,https://www.imdb.com/title/tt3083008/,Movie,6.5,104,2015,"Biography, Drama, Sport",20613,3/18/2016,Stephen Frears,,
618,tt0190590,5/21/2026,5/21/2026,,"O Brother, Where Art Thou?","O Brother, Where Art Thou?",https://www.imdb.com/title/tt0190590/,Movie,7.7,107,2000,"Adventure, Comedy, Crime, Drama, Music",354983,2/2/2001,"Joel Coen, Ethan Coen",,
619,tt2042568,5/21/2026,5/21/2026,,Inside Llewyn Davis,Inside Llewyn Davis,https://www.imdb.com/title/tt2042568/,Movie,7.4,104,2013,"Drama, Music",172981,1/10/2014,"Ethan Coen, Joel Coen",,
620,tt4595882,5/22/2026,5/22/2026,,Can You Ever Forgive Me?,Can You Ever Forgive Me?,https://www.imdb.com/title/tt4595882/,Movie,7.1,106,2018,"Biography, Comedy, Crime, Drama",59055,11/2/2018,Marielle Heller,,
621,tt4686844,5/22/2026,5/22/2026,,The Death of Stalin,The Death of Stalin,https://www.imdb.com/title/tt4686844/,Movie,7.3,107,2017,"Comedy, Drama, History",127970,3/9/2018,Armando Iannucci,,
622,tt0084855,5/22/2026,5/22/2026,,The Verdict,The Verdict,https://www.imdb.com/title/tt0084855/,Movie,7.7,129,1982,Drama,51213,12/17/1982,Sidney Lumet,,
623,tt0074958,5/22/2026,5/22/2026,,Network,Network,https://www.imdb.com/title/tt0074958/,Movie,8,121,1976,Drama,187306,11/27/1976,Sidney Lumet,,
624,tt0061512,5/22/2026,5/22/2026,,Cool Hand Luke,Cool Hand Luke,https://www.imdb.com/title/tt0061512/,Movie,8,127,1967,"Crime, Drama",197116,11/1/1967,Stuart Rosenberg,,
625,tt1245492,5/23/2026,5/23/2026,,This Is the End,This Is the End,https://www.imdb.com/title/tt1245492/,Movie,6.6,107,2013,"Adventure, Comedy, Fantasy, Sci-Fi, Thriller",458472,6/12/2013,"Evan Goldberg, Seth Rogen",,
626,tt0910936,5/23/2026,5/23/2026,,Pineapple Express,Pineapple Express,https://www.imdb.com/title/tt0910936/,Movie,6.9,111,2008,"Action, Comedy, Crime",375004,8/6/2008,David Gordon Green,,
627,tt0787475,5/23/2026,5/23/2026,,Hot Rod,Hot Rod,https://www.imdb.com/title/tt0787475/,Movie,6.7,88,2007,"Comedy, Sport",100064,8/3/2007,Akiva Schaffer,,
628,tt32547691,5/30/2026,5/30/2026,,Pressure,Pressure,https://www.imdb.com/title/tt32547691/,Movie,7.3,100,2026,"Drama, History, Thriller, War",23405,5/29/2026,Anthony Maras,,
629,tt0387199,6/2/2026,6/2/2026,,Entourage,Entourage,https://www.imdb.com/title/tt0387199/,TV Series,8.4,30,2004,"Comedy, Drama",185099,7/18/2004,,,
630,tt1879016,6/3/2026,6/3/2026,,Operation Mincemeat,Operation Mincemeat,https://www.imdb.com/title/tt1879016/,Movie,6.6,128,2021,"Drama, War",44613,5/11/2022,John Madden,,
631,tt1104001,6/3/2026,6/3/2026,,Tron: Legacy,Tron: Legacy,https://www.imdb.com/title/tt1104001/,Movie,6.8,125,2010,"Action, Adventure, Sci-Fi",389323,12/17/2010,Joseph Kosinski,,
632,tt6604188,6/3/2026,6/3/2026,,Tron: Ares,Tron: Ares,https://www.imdb.com/title/tt6604188/,Movie,6.1,119,2025,"Action, Adventure, Sci-Fi",85517,10/10/2025,Joachim Rønning,,
633,tt34379051,6/4/2026,6/4/2026,,By Any Means,By Any Means,https://www.imdb.com/title/tt34379051/,Movie,,107,2026,"Action, Crime, Thriller",0,9/4/2026,Elegance Bratton,,
634,tt32273171,6/11/2026,6/11/2026,,The Death of Robin Hood,The Death of Robin Hood,https://www.imdb.com/title/tt32273171/,Movie,6,122,2026,"Action, Adventure, Drama",15479,6/19/2026,Michael Sarnoski,,
635,tt19035928,6/11/2026,6/11/2026,,Lucky Strike,Lucky Strike,https://www.imdb.com/title/tt19035928/,Movie,5.3,103,2026,"Action, Drama, Thriller, War",2022,8/4/2026,Rod Lurie,,
636,tt32321803,6/11/2026,6/11/2026,,The Get Out,The Get Out,https://www.imdb.com/title/tt32321803/,Movie,5.6,111,2026,"Action, Thriller",2632,6/25/2026,Derrick Borte,,
637,tt6628920,6/11/2026,6/11/2026,,Idiots,Idiots,https://www.imdb.com/title/tt6628920/,Movie,5.3,98,2026,"Comedy, Crime",226,8/28/2026,Macon Blair,,
638,tt17055444,6/11/2026,6/11/2026,,Hershey,Hershey,https://www.imdb.com/title/tt17055444/,Movie,,110,2026,"Drama, History, Romance",0,11/25/2026,Mark Waters,,
639,tt36593129,6/11/2026,6/11/2026,,The Comeback King,The Comeback King,https://www.imdb.com/title/tt36593129/,Movie,,,2027,Comedy,0,2/5/2027,Judd Apatow,,
640,tt0087985,6/11/2026,6/11/2026,,Red Dawn,Red Dawn,https://www.imdb.com/title/tt0087985/,Movie,6.4,114,1984,"Action, Drama, Thriller, War",69423,8/10/1984,John Milius,,
641,tt0227445,6/12/2026,6/12/2026,,The Score,The Score,https://www.imdb.com/title/tt0227445/,Movie,6.8,124,2001,"Crime, Drama, Thriller",145210,7/13/2001,Frank Oz,,
642,tt0067023,6/18/2026,6/18/2026,,Duel,Duel,https://www.imdb.com/title/tt0067023/,TV Movie,7.6,90,1971,"Action, Thriller",86703,11/13/1971,Steven Spielberg,,
643,tt0075860,6/18/2026,6/18/2026,,Close Encounters of the Third Kind,Close Encounters of the Third Kind,https://www.imdb.com/title/tt0075860/,Movie,7.6,138,1977,"Drama, Sci-Fi",238145,12/14/1977,Steven Spielberg,,
644,tt0083866,6/18/2026,6/18/2026,,E.T. the Extra-Terrestrial,E.T. the Extra-Terrestrial,https://www.imdb.com/title/tt0083866/,Movie,7.9,115,1982,"Adventure, Family, Sci-Fi",475782,6/11/1982,Steven Spielberg,,
645,tt3699508,6/18/2026,6/18/2026,,Jarhead 2: Field of Fire,Jarhead 2: Field of Fire,https://www.imdb.com/title/tt3699508/,Video,5.4,103,2014,"Action, Drama, War",7169,8/8/2014,Don Michael Paul,,
646,tt0106977,6/24/2026,6/24/2026,,The Fugitive,The Fugitive,https://www.imdb.com/title/tt0106977/,Movie,7.8,130,1993,"Action, Crime, Drama, Mystery, Thriller",349633,8/6/1993,Andrew Davis,,
647,tt0120768,6/24/2026,6/24/2026,,The Negotiator,The Negotiator,https://www.imdb.com/title/tt0120768/,Movie,7.3,140,1998,"Action, Crime, Drama, Mystery, Thriller",170186,7/29/1998,F. Gary Gray,,
648,tt29355505,6/24/2026,6/24/2026,,Toy Story 5,Toy Story 5,https://www.imdb.com/title/tt29355505/,Movie,7.4,102,2026,"Animation, Adventure, Comedy, Drama, Family, Fantasy",71338,6/19/2026,"Andrew Stanton, McKenna Harris",,
649,tt6264654,6/24/2026,6/24/2026,,Free Guy,Free Guy,https://www.imdb.com/title/tt6264654/,Movie,7.1,115,2021,"Action, Adventure, Comedy, Fantasy, Romance, Sci-Fi",495954,8/13/2021,Shawn Levy,,
650,tt0081505,6/24/2026,6/24/2026,,The Shining,The Shining,https://www.imdb.com/title/tt0081505/,Movie,8.4,146,1980,"Drama, Horror",1239997,6/13/1980,Stanley Kubrick,,
651,tt0082136,6/30/2026,6/30/2026,,The Cannonball Run,The Cannonball Run,https://www.imdb.com/title/tt0082136/,Movie,6.3,95,1981,"Action, Comedy, Sport",44124,6/19/1981,Hal Needham,,
652,tt0087032,6/30/2026,6/30/2026,,Cannonball Run II,Cannonball Run II,https://www.imdb.com/title/tt0087032/,Movie,5.1,108,1984,"Action, Comedy",19053,6/29/1984,Hal Needham,,
653,tt32267691,7/2/2026,7/2/2026,,Power Ballad,Power Ballad,https://www.imdb.com/title/tt32267691/,Movie,6.7,98,2026,"Comedy, Drama, Music, Musical",7311,6/5/2026,John Carney,,
654,tt33070884,7/2/2026,7/2/2026,,The Brink of War,The Brink of War,https://www.imdb.com/title/tt33070884/,Movie,6.6,117,2026,"Drama, History, Thriller, War",1121,8/14/2026,Michael Russell Gunn,,
655,tt34895535,7/2/2026,7/2/2026,,Nimrods,Nimrods,https://www.imdb.com/title/tt34895535/,Movie,7.1,107,2025,"Comedy, Drama, Music",1065,8/14/2026,Lee Kirk,,
656,tt32338669,7/2/2026,7/2/2026,,Mutiny,Mutiny,https://www.imdb.com/title/tt32338669/,Movie,5.8,95,2026,"Action, Crime, Thriller",6699,8/21/2026,Jean-François Richet,,
657,tt3322312,7/2/2026,7/2/2026,,Daredevil,Daredevil,https://www.imdb.com/title/tt3322312/,TV Series,8.6,60,2015,"Action, Crime, Drama, Sci-Fi, Thriller",540073,4/10/2015,,,
658,tt5675620,7/2/2026,7/2/2026,,The Punisher,The Punisher,https://www.imdb.com/title/tt5675620/,TV Series,8.4,60,2017,"Action, Crime, Drama, Thriller",312317,11/17/2017,,,
659,tt9140554,7/2/2026,7/2/2026,,Loki,Loki,https://www.imdb.com/title/tt9140554/,TV Series,8.2,50,2021,"Action, Adventure, Fantasy, Sci-Fi",482824,6/9/2021,,,
660,tt13966962,7/2/2026,7/2/2026,,Echo,Echo,https://www.imdb.com/title/tt13966962/,TV Mini Series,5.9,45,2023,"Action, Adventure, Crime, Drama, Mystery, Sci-Fi",50544,1/9/2024,,,
661,tt10857164,7/2/2026,7/2/2026,,Ms. Marvel,Ms. Marvel,https://www.imdb.com/title/tt10857164/,TV Mini Series,6.2,50,2022,"Action, Adventure, Comedy, Family, Fantasy, Mystery, Sci-Fi",133408,6/8/2022,,,
662,tt13623126,7/2/2026,7/2/2026,,Ironheart,Ironheart,https://www.imdb.com/title/tt13623126/,TV Mini Series,4.5,50,2025,"Action, Adventure, Fantasy, Sci-Fi",69502,6/24/2025,,,
663,tt15571732,7/2/2026,7/2/2026,,Agatha All Along,Agatha All Along,https://www.imdb.com/title/tt15571732/,TV Mini Series,7.2,40,2024,"Action, Adventure, Comedy, Drama, Fantasy, Sci-Fi",91464,9/18/2024,,,
664,tt18923754,7/2/2026,7/2/2026,,Daredevil: Born Again,Daredevil: Born Again,https://www.imdb.com/title/tt18923754/,TV Series,8.1,60,2025,"Action, Crime, Drama, Fantasy, Sci-Fi, Thriller",115189,3/4/2025,,,
665,tt21066182,7/2/2026,7/2/2026,,Wonder Man,Wonder Man,https://www.imdb.com/title/tt21066182/,TV Series,7.4,30,2026,"Action, Adventure, Comedy, Drama, Fantasy, Sci-Fi",38932,1/27/2026,,,
666,tt0031679,7/7/2026,7/7/2026,,Mr. Smith Goes to Washington,Mr. Smith Goes to Washington,https://www.imdb.com/title/tt0031679/,Movie,8.1,129,1939,"Comedy, Drama",130278,10/19/1939,Frank Capra,,
667,tt14173636,7/13/2026,7/13/2026,,The Invite,The Invite,https://www.imdb.com/title/tt14173636/,Movie,7.6,107,2026,"Comedy, Drama, Romance",48586,7/10/2026,Olivia Wilde,,
668,tt33499146,7/13/2026,7/13/2026,,The Dink,The Dink,https://www.imdb.com/title/tt33499146/,Movie,6.1,102,2026,"Comedy, Romance, Sport",9432,7/24/2026,Josh Greenbaum,,
669,tt0163025,7/16/2026,7/16/2026,,Jurassic Park III,Jurassic Park III,https://www.imdb.com/title/tt0163025/,Movie,6,92,2001,"Action, Adventure, Sci-Fi, Thriller",375049,7/18/2001,Joe Johnston,,
670,tt8041270,7/16/2026,7/16/2026,,Jurassic World: Dominion,Jurassic World: Dominion,https://www.imdb.com/title/tt8041270/,Movie,5.6,147,2022,"Action, Adventure, Sci-Fi, Thriller",250510,6/10/2022,Colin Trevorrow,,
671,tt4881806,7/16/2026,7/16/2026,,Jurassic World: Fallen Kingdom,Jurassic World: Fallen Kingdom,https://www.imdb.com/title/tt4881806/,Movie,6.2,128,2018,"Action, Adventure, Sci-Fi",386403,6/22/2018,J.A. Bayona,,
672,tt11995650,7/16/2026,7/16/2026,,I Play Rocky,I Play Rocky,https://www.imdb.com/title/tt11995650/,Movie,,128,2026,"Biography, Drama, Sport",0,11/20/2026,Peter Farrelly,,
673,tt16026746,7/16/2026,7/16/2026,,X-Men '97,X-Men '97,https://www.imdb.com/title/tt16026746/,TV Series,8.7,22,2024,"Animation, Action, Adventure, Drama, Sci-Fi",58909,3/20/2024,,,
674,tt30460310,7/16/2026,7/16/2026,,Spider-Noir,Spider-Noir,https://www.imdb.com/title/tt30460310/,TV Series,7.7,45,2026,"Action, Adventure, Crime, Drama, Fantasy, Mystery, Sci-Fi, Thriller",66882,5/25/2026,,,
675,tt0120903,7/16/2026,7/16/2026,,X-Men,X-Men,https://www.imdb.com/title/tt0120903/,Movie,7.3,104,2000,"Action, Adventure, Sci-Fi",700826,7/14/2000,Bryan Singer,,
676,tt3315342,7/16/2026,7/16/2026,,Logan,Logan,https://www.imdb.com/title/tt3315342/,Movie,8.1,137,2017,"Action, Drama, Sci-Fi, Thriller",937588,3/3/2017,James Mangold,,
677,tt3385516,7/16/2026,7/16/2026,,X-Men: Apocalypse,X-Men: Apocalypse,https://www.imdb.com/title/tt3385516/,Movie,6.8,144,2016,"Action, Adventure, Sci-Fi",497575,5/27/2016,Bryan Singer,,
678,tt21361444,7/16/2026,7/16/2026,,Avengers: Secret Wars,Avengers: Secret Wars,https://www.imdb.com/title/tt21361444/,Movie,,,2027,"Action, Adventure, Sci-Fi",0,12/17/2027,"Anthony Russo, Joe Russo",,
679,tt16366836,7/16/2026,7/16/2026,,Venom: The Last Dance,Venom: The Last Dance,https://www.imdb.com/title/tt16366836/,Movie,6,110,2024,"Action, Fantasy, Horror, Sci-Fi, Thriller",163065,10/25/2024,Kelly Marcel,,
680,tt1270797,7/16/2026,7/16/2026,,Venom,Venom,https://www.imdb.com/title/tt1270797/,Movie,6.6,112,2018,"Action, Adventure, Sci-Fi",615298,10/5/2018,Ruben Fleischer,,
681,tt6565702,7/16/2026,7/16/2026,,X-Men: Dark Phoenix,X-Men: Dark Phoenix,https://www.imdb.com/title/tt6565702/,Movie,5.7,113,2019,"Action, Adventure, Sci-Fi",232031,6/7/2019,Simon Kinberg,,
682,tt0376994,7/16/2026,7/16/2026,,X-Men: The Last Stand,X-Men: The Last Stand,https://www.imdb.com/title/tt0376994/,Movie,6.6,104,2006,"Action, Adventure, Sci-Fi",577904,5/26/2006,Brett Ratner,,
683,tt0290334,7/16/2026,7/16/2026,,X2: X-Men United,X2,https://www.imdb.com/title/tt0290334/,Movie,7.4,134,2003,"Action, Sci-Fi, Thriller",617130,5/2/2003,Bryan Singer,,
684,tt7097896,7/16/2026,7/16/2026,,Venom: Let There Be Carnage,Venom: Let There Be Carnage,https://www.imdb.com/title/tt7097896/,Movie,5.9,97,2021,"Action, Adventure, Crime, Fantasy, Horror, Sci-Fi, Thriller",309984,10/1/2021,Andy Serkis,,
685,tt0330793,7/16/2026,7/16/2026,,The Punisher,The Punisher,https://www.imdb.com/title/tt0330793/,Movie,6.4,124,2004,"Action, Crime, Drama, Thriller",182630,4/16/2004,Jonathan Hensleigh,,
686,tt11057302,7/16/2026,7/16/2026,,Madame Web,Madame Web,https://www.imdb.com/title/tt11057302/,Movie,4.1,116,2024,"Action, Thriller",117726,2/14/2024,S.J. Clarkson,,
687,tt1430132,7/16/2026,7/16/2026,,The Wolverine,The Wolverine,https://www.imdb.com/title/tt1430132/,Movie,6.7,126,2013,"Action, Sci-Fi, Thriller",528683,7/26/2013,James Mangold,,
688,tt21285562,7/18/2026,7/18/2026,,The Dog Stars,The Dog Stars,https://www.imdb.com/title/tt21285562/,Movie,,118,2026,"Action, Adventure, Drama, Sci-Fi, Thriller",0,8/28/2026,Ridley Scott,,
689,tt7526136,7/18/2026,7/18/2026,,Heart of the Beast,Heart of the Beast,https://www.imdb.com/title/tt7526136/,Movie,,101,2026,"Action, Adventure, Drama, Thriller",0,9/25/2026,David Ayer,,
690,tt32261958,7/20/2026,7/20/2026,,Verity,Verity,https://www.imdb.com/title/tt32261958/,Movie,,114,2026,"Crime, Drama, Mystery, Romance, Thriller",0,10/2/2026,Michael Showalter,,
691,tt36415529,7/20/2026,7/20/2026,,Behemoth!,Behemoth!,https://www.imdb.com/title/tt36415529/,Movie,,124,2026,"Drama, Music",0,12/4/2026,Tony Gilroy,,
692,tt1470023,7/21/2026,7/21/2026,,MacGruber,MacGruber,https://www.imdb.com/title/tt1470023/,Movie,5.6,90,2010,"Action, Comedy",50550,5/21/2010,Jorma Taccone,,
693,tt0120735,7/21/2026,7/21/2026,,"Lock, Stock and Two Smoking Barrels","Lock, Stock and Two Smoking Barrels",https://www.imdb.com/title/tt0120735/,Movie,8.1,107,1998,"Comedy, Crime",653172,8/28/1998,Guy Ritchie,,
694,tt1276104,7/21/2026,7/21/2026,,Looper,Looper,https://www.imdb.com/title/tt1276104/,Movie,7.4,119,2012,"Action, Drama, Sci-Fi, Thriller",631894,9/28/2012,Rian Johnson,,
695,tt1764651,7/21/2026,7/21/2026,,The Expendables 2,The Expendables 2,https://www.imdb.com/title/tt1764651/,Movie,6.6,103,2012,"Action, Adventure, Thriller",336130,8/17/2012,Simon West,,
696,tt1821694,7/21/2026,7/21/2026,,RED 2,RED 2,https://www.imdb.com/title/tt1821694/,Movie,6.6,116,2013,"Action, Comedy, Crime, Thriller",189803,7/19/2013,Dean Parisot,,
697,tt1586752,7/21/2026,7/21/2026,,Machine Gun Preacher,Machine Gun Preacher,https://www.imdb.com/title/tt1586752/,Movie,6.7,129,2011,"Action, Biography, Crime, Drama",71547,11/2/2011,Marc Forster,,
698,tt0082694,7/21/2026,7/21/2026,,The Road Warrior,Mad Max 2,https://www.imdb.com/title/tt0082694/,Movie,7.6,96,1981,"Action, Adventure, Sci-Fi, Thriller",214790,5/21/1982,George Miller,,
699,tt0093773,7/21/2026,7/21/2026,,Predator,Predator,https://www.imdb.com/title/tt0093773/,Movie,7.8,107,1987,"Action, Adventure, Horror, Sci-Fi",505543,6/12/1987,John McTiernan,,
700,tt27549797,7/22/2026,7/22/2026,,What Happens at Night,What Happens at Night,https://www.imdb.com/title/tt27549797/,Movie,,,,"Drama, Horror, Mystery, Thriller",0,,Martin Scorsese,,
701,tt0085995,7/22/2026,7/22/2026,,National Lampoon's Vacation,National Lampoon's Vacation,https://www.imdb.com/title/tt0085995/,Movie,7.3,98,1983,"Adventure, Comedy",129488,7/29/1983,Harold Ramis,,
702,tt1524930,7/22/2026,7/22/2026,,Vacation,Vacation,https://www.imdb.com/title/tt1524930/,Movie,6.2,99,2015,"Adventure, Comedy",135570,7/29/2015,"John Francis Daley, Jonathan Goldstein",,
703,tt4803766,7/24/2026,7/24/2026,,Alone,Alone,https://www.imdb.com/title/tt4803766/,TV Series,8.4,44,2015,"Documentary, Game-Show, Reality-TV",9376,6/18/2015,,,
704,tt0141926,7/25/2026,7/25/2026,,U-571,U-571,https://www.imdb.com/title/tt0141926/,Movie,6.6,116,2000,"Action, War",92711,4/21/2000,Jonathan Mostow,,
705,tt34685692,7/25/2026,7/25/2026,,Over Your Dead Body,Over Your Dead Body,https://www.imdb.com/title/tt34685692/,Movie,6.3,105,2026,"Action, Comedy, Thriller",31872,4/24/2026,Jorma Taccone,,
706,tt32104007,7/25/2026,7/25/2026,,Young Washington,Young Washington,https://www.imdb.com/title/tt32104007/,Movie,7,121,2026,"Action, Adventure, Biography, History, War",11997,7/3/2026,Jon Erwin,,
707,tt11561116,7/25/2026,7/25/2026,,The Whisper Man,The Whisper Man,https://www.imdb.com/title/tt11561116/,Movie,,111,2026,"Crime, Drama, Thriller",0,8/28/2026,James Ashcroft,,
708,tt28014327,7/25/2026,7/25/2026,,Mayday,Mayday,https://www.imdb.com/title/tt28014327/,Movie,,110,2026,"Action, Adventure, Comedy",0,9/4/2026,"John Francis Daley, Jonathan Goldstein",,
709,tt34564059,7/25/2026,7/25/2026,,The Runner,The Runner,https://www.imdb.com/title/tt34564059/,Movie,,,2026,"Action, Drama, Thriller",0,9/2/2026,Kevin Macdonald,,
710,tt16431404,7/25/2026,7/25/2026,,Apex,Apex,https://www.imdb.com/title/tt16431404/,Movie,6.1,95,2026,"Action, Thriller",106529,4/24/2026,Baltasar Kormákur,,
711,tt0259324,7/26/2026,7/26/2026,,Ghost Rider,Ghost Rider,https://www.imdb.com/title/tt0259324/,Movie,5.3,110,2007,"Action, Fantasy, Thriller",273095,2/16/2007,Mark Steven Johnson,,
712,tt0093822,7/26/2026,7/26/2026,,Raising Arizona,Raising Arizona,https://www.imdb.com/title/tt0093822/,Movie,7.3,94,1987,"Comedy, Crime",161980,4/10/1987,"Joel Coen, Ethan Coen",,
713,tt0811080,7/26/2026,7/26/2026,,Speed Racer,Speed Racer,https://www.imdb.com/title/tt0811080/,Movie,6.1,135,2008,"Action, Adventure, Comedy, Drama, Family, Sci-Fi, Sport",84873,5/9/2008,"Lana Wachowski, Lilly Wachowski",,
714,tt33296751,7/28/2026,7/28/2026,,Tuner,Tuner,https://www.imdb.com/title/tt33296751/,Movie,7.2,107,2025,"Crime, Drama, Music, Romance, Thriller",24553,5/29/2026,Daniel Roher,,
715,tt32565993,7/28/2026,7/28/2026,,The Sheep Detectives,The Sheep Detectives,https://www.imdb.com/title/tt32565993/,Movie,7.4,109,2026,"Comedy, Family, Mystery",103691,5/8/2026,Kyle Balda,,
716,tt0089218,7/30/2026,7/30/2026,,The Goonies,The Goonies,https://www.imdb.com/title/tt0089218/,Movie,7.7,114,1985,"Adventure, Comedy, Family",329763,6/7/1985,Richard Donner,,
717,tt2980516,8/2/2026,8/2/2026,,The Theory of Everything,The Theory of Everything,https://www.imdb.com/title/tt2980516/,Movie,7.7,123,2014,"Biography, Drama, Romance",510158,11/26/2014,James Marsh,,
718,tt0787524,8/2/2026,8/2/2026,,The Man Who Knew Infinity,The Man Who Knew Infinity,https://www.imdb.com/title/tt0787524/,Movie,7.2,108,2015,"Biography, Drama",67450,4/29/2016,Matt Brown,,
719,tt0132477,8/2/2026,8/2/2026,,October Sky,October Sky,https://www.imdb.com/title/tt0132477/,Movie,7.8,108,1999,"Biography, Drama, Family",112888,2/19/1999,Joe Johnston,,
720,tt0168122,8/2/2026,8/2/2026,,Pirates of Silicon Valley,Pirates of Silicon Valley,https://www.imdb.com/title/tt0168122/,TV Movie,7.2,95,1999,"Biography, Drama, History",26284,6/20/1999,"Martyn Burke, Dorine Maze",,
721,tt0079116,8/2/2026,8/2/2026,,Escape from Alcatraz,Escape from Alcatraz,https://www.imdb.com/title/tt0079116/,Movie,7.5,112,1979,"Biography, Crime, Drama, Thriller",166278,6/22/1979,Don Siegel,,
722,tt0110932,8/2/2026,8/2/2026,,Quiz Show,Quiz Show,https://www.imdb.com/title/tt0110932/,Movie,7.5,133,1994,"Biography, Drama, History",78292,10/7/1994,Robert Redford,,
723,tt23055660,8/2/2026,8/2/2026,,Nickel Boys,Nickel Boys,https://www.imdb.com/title/tt23055660/,Movie,6.9,140,2024,Drama,24609,2/28/2025,RaMell Ross,,
724,tt2080374,8/2/2026,8/2/2026,,Steve Jobs,Steve Jobs,https://www.imdb.com/title/tt2080374/,Movie,7.2,122,2015,"Biography, Drama",188162,10/23/2015,Danny Boyle,,
725,tt6266538,8/2/2026,8/2/2026,,Vice,Vice,https://www.imdb.com/title/tt6266538/,Movie,7.2,132,2018,"Biography, Comedy, Drama, History",176356,12/25/2018,Adam McKay,,
726,tt1740047,8/2/2026,8/2/2026,,The Trip,The Trip,https://www.imdb.com/title/tt1740047/,Movie,7,112,2010,"Comedy, Drama",24288,4/24/2011,Michael Winterbottom,,
727,tt9686708,8/2/2026,8/2/2026,,The King of Staten Island,The King of Staten Island,https://www.imdb.com/title/tt9686708/,Movie,7.1,136,2020,"Comedy, Drama",82833,6/12/2020,Judd Apatow,,
728,tt0080455,8/2/2026,8/2/2026,,The Blues Brothers,The Blues Brothers,https://www.imdb.com/title/tt0080455/,Movie,7.9,133,1980,"Adventure, Comedy, Crime, Music, Musical",231304,6/20/1980,John Landis,,
729,tt3881784,8/2/2026,8/2/2026,,Stronger,Stronger,https://www.imdb.com/title/tt3881784/,Movie,6.9,119,2017,"Biography, Drama",54583,9/29/2017,David Gordon Green,,
730,tt2567712,8/2/2026,8/2/2026,,Starred Up,Starred Up,https://www.imdb.com/title/tt2567712/,Movie,7.3,106,2013,"Crime, Drama, Thriller",51827,8/26/2014,David Mackenzie,,
731,tt0117666,8/2/2026,8/2/2026,,Sling Blade,Sling Blade,https://www.imdb.com/title/tt0117666/,Movie,8,135,1996,Drama,104651,3/14/1997,Billy Bob Thornton,,
732,tt3960412,8/2/2026,8/2/2026,,Popstar: Never Stop Never Stopping,Popstar: Never Stop Never Stopping,https://www.imdb.com/title/tt3960412/,Movie,6.7,87,2016,"Comedy, Drama, Music, Musical",74724,6/3/2016,"Akiva Schaffer, Jorma Taccone",,
733,tt12731980,8/2/2026,8/2/2026,,Old Henry,Old Henry,https://www.imdb.com/title/tt12731980/,Movie,7.3,99,2021,"Action, Drama, Western",48424,10/1/2021,Potsy Ponciroli,,
734,tt1821549,8/2/2026,8/2/2026,,Nebraska,Nebraska,https://www.imdb.com/title/tt1821549/,Movie,7.7,115,2013,Drama,129283,1/24/2014,Alexander Payne,,
735,tt0424823,8/3/2026,8/3/2026,,Balls of Fury,Balls of Fury,https://www.imdb.com/title/tt0424823/,Movie,5.4,90,2007,"Comedy, Crime, Sport",47579,8/29/2007,Robert Ben Garant,,
736,tt11564570,8/5/2026,8/5/2026,,Glass Onion,Glass Onion,https://www.imdb.com/title/tt11564570/,Movie,7.1,139,2022,"Comedy, Crime, Drama, Mystery, Thriller",531703,12/23/2022,Rian Johnson,,
737,tt14364480,8/5/2026,8/5/2026,,Wake Up Dead Man,Wake Up Dead Man,https://www.imdb.com/title/tt14364480/,Movie,7.3,144,2025,"Comedy, Crime, Drama, Mystery, Thriller",256639,12/12/2025,Rian Johnson,,
738,tt0218839,8/5/2026,8/5/2026,,Best in Show,Best in Show,https://www.imdb.com/title/tt0218839/,Movie,7.5,90,2000,Comedy,76291,10/20/2000,Christopher Guest,,
739,tt0446622,8/6/2026,8/6/2026,,Hard Knocks: Training Camp,Hard Knocks: Training Camp,https://www.imdb.com/title/tt0446622/,TV Series,8.3,43,2001,"Documentary, Reality-TV, Sport",3704,8/1/2001,,,
740,tt0443543,8/6/2026,8/6/2026,,The Illusionist,The Illusionist,https://www.imdb.com/title/tt0443543/,Movie,7.5,110,2006,"Drama, Fantasy, Mystery, Romance, Thriller",406460,9/1/2006,Neil Burger,,
741,tt34206385,8/7/2026,8/7/2026,,Primetime,Primetime,https://www.imdb.com/title/tt34206385/,Movie,,110,2026,"Action, Biography, Crime, Drama, Thriller",0,9/25/2026,Lance Oppenheim,,
742,tt30645201,8/10/2026,8/10/2026,,Honey Don't!,Honey Don't!,https://www.imdb.com/title/tt30645201/,Movie,5.3,89,2025,"Comedy, Crime, Mystery, Thriller",29629,8/22/2025,Ethan Coen,,
743,tt31923069,8/12/2026,8/12/2026,,Springsteen: Deliver Me from Nowhere,Springsteen: Deliver Me from Nowhere,https://www.imdb.com/title/tt31923069/,Movie,6.6,119,2025,"Biography, Drama, Music",28866,10/24/2025,Scott Cooper,,
744,tt32376165,8/12/2026,8/12/2026,,A House of Dynamite,A House of Dynamite,https://www.imdb.com/title/tt32376165/,Movie,6.4,112,2025,"Drama, Thriller",122167,10/24/2025,Kathryn Bigelow,,
745,tt0841046,8/12/2026,8/12/2026,,Walk Hard: The Dewey Cox Story,Walk Hard: The Dewey Cox Story,https://www.imdb.com/title/tt0841046/,Movie,6.9,96,2007,"Comedy, Music",82435,12/21/2007,Jake Kasdan,,
746,tt0078754,8/12/2026,8/12/2026,,All That Jazz,All That Jazz,https://www.imdb.com/title/tt0078754/,Movie,7.8,123,1979,"Drama, Music, Musical",41119,12/20/1979,Bob Fosse,,
747,tt2066051,8/12/2026,8/12/2026,,Rocketman,Rocketman,https://www.imdb.com/title/tt2066051/,Movie,7.3,121,2019,"Biography, Drama, Music, Musical",211590,5/31/2019,Dexter Fletcher,,
748,tt0358273,8/12/2026,8/12/2026,,Walk the Line,Walk the Line,https://www.imdb.com/title/tt0358273/,Movie,7.8,136,2005,"Biography, Drama, Music, Romance",282214,11/18/2005,James Mangold,,
749,tt0903657,8/12/2026,8/12/2026,,Love & Mercy,Love & Mercy,https://www.imdb.com/title/tt0903657/,Movie,7.4,121,2014,"Biography, Drama, Music",45982,6/19/2015,Bill Pohlad,,
750,tt0350258,8/12/2026,8/12/2026,,Ray,Ray,https://www.imdb.com/title/tt0350258/,Movie,7.7,152,2004,"Biography, Drama, Music",166969,10/29/2004,Taylor Hackford,,
751,tt0093378,8/12/2026,8/12/2026,,La Bamba,La Bamba,https://www.imdb.com/title/tt0093378/,Movie,7,108,1987,"Biography, Drama, Music",38821,7/24/1987,Luis Valdez,,
752,tt0368794,8/12/2026,8/12/2026,,I'm Not There,I'm Not There,https://www.imdb.com/title/tt0368794/,Movie,6.8,135,2007,"Biography, Drama, Music",63718,12/7/2007,Todd Haynes,,
753,tt1291580,8/12/2026,8/12/2026,,Behind the Candelabra,Behind the Candelabra,https://www.imdb.com/title/tt1291580/,Movie,7,118,2013,"Biography, Drama, Music, Romance",47611,5/26/2013,Steven Soderbergh,,
754,tt11563598,8/12/2026,8/12/2026,,A Complete Unknown,A Complete Unknown,https://www.imdb.com/title/tt11563598/,Movie,7.3,141,2024,"Biography, Drama, Music",121665,12/25/2024,James Mangold,,
755,tt1817273,8/12/2026,8/12/2026,,The Place Beyond the Pines,The Place Beyond the Pines,https://www.imdb.com/title/tt1817273/,Movie,7.3,140,2012,"Crime, Drama, Thriller",312164,4/19/2013,Derek Cianfrance,,
756,tt2140507,8/13/2026,8/13/2026,,The Current War,The Current War,https://www.imdb.com/title/tt2140507/,Movie,6.5,102,2017,"Biography, Drama, History",33580,10/25/2019,Alfonso Gomez-Rejon,,
757,tt0054953,8/14/2026,8/14/2026,,The Guns of Navarone,The Guns of Navarone,https://www.imdb.com/title/tt0054953/,Movie,7.5,158,1961,"Action, Adventure, Drama, War",60657,7/27/1961,J. Lee Thompson,,
758,tt0248667,8/17/2026,8/17/2026,,Ali,Ali,https://www.imdb.com/title/tt0248667/,Movie,6.7,157,2001,"Biography, Drama, Sport",110895,12/25/2001,Michael Mann,,
759,tt0421206,8/17/2026,8/17/2026,,Gridiron Gang,Gridiron Gang,https://www.imdb.com/title/tt0421206/,Movie,6.9,125,2006,"Biography, Crime, Drama, Sport",83328,9/15/2006,Phil Joanou,,
760,tt0379865,8/17/2026,8/17/2026,,Leatherheads,Leatherheads,https://www.imdb.com/title/tt0379865/,Movie,6,114,2008,"Comedy, Drama, Romance, Sport",34714,4/4/2008,George Clooney,,
761,tt0481522,8/19/2026,8/19/2026,,Flight 93,Flight 93,https://www.imdb.com/title/tt0481522/,TV Movie,6.3,89,2006,"Action, History, Thriller",10343,1/30/2006,Peter Markle,,
762,tt1699147,8/23/2026,8/23/2026,,Seven Days in Utopia,Seven Days in Utopia,https://www.imdb.com/title/tt1699147/,Movie,6.2,100,2011,"Drama, Sport",4779,9/2/2011,Matthew Dean Russell,,
763,tt21191806,8/23/2026,8/23/2026,,Back in Action,Back in Action,https://www.imdb.com/title/tt21191806/,Movie,5.9,114,2025,"Action, Comedy",68244,1/17/2025,Seth Gordon,,
